{"type":"FeatureCollection", "features": [
{"type":"Feature","geometry":{"type":"Polygon","coordinates":[[[78.8497,19.7601],[78.7902,19.7798],[78.707,19.7865],[78.6244,19.8095],[78.5312,19.8224],[78.481,19.817],[78.4024,19.8369],[78.3888,19.8797],[78.3409,19.8836],[78.3148,19.9131],[78.2987,19.85],[78.3436,19.8397],[78.3724,19.7817],[78.3499,19.7142],[78.2904,19.6903],[78.2921,19.6552],[78.3156,19.605],[78.3011,19.5592],[78.3136,19.4574],[78.2288,19.435],[78.192,19.3966],[78.1841,19.354],[78.2016,19.3328],[78.1878,19.2427],[78.1311,19.2475],[78.05,19.2719],[77.953,19.3421],[77.8648,19.3029],[77.9046,19.278],[77.872,19.247],[77.8484,19.1891],[77.8491,19.1152],[77.8041,19.0999],[77.801,19.0524],[77.7654,19.0631],[77.7711,18.9825],[77.821,18.9835],[77.8577,18.9535],[77.8444,18.9126],[77.8856,18.9099],[77.9033,18.8693],[77.9483,18.8438],[77.9726,18.8768],[78.0336,18.8814],[78.0735,18.9369],[78.1619,18.9817],[78.2375,19.0042],[78.2651,18.9919],[78.2816,18.9452],[78.3037,18.9462],[78.3695,18.9866],[78.4053,18.9896],[78.4433,18.9604],[78.4989,18.9656],[78.5338,18.9436],[78.5914,18.9879],[78.6364,18.981],[78.6871,19.0274],[78.7593,19.0143],[78.8261,19.0556],[78.9108,19.0334],[78.9339,19.0591],[78.9762,19.0733],[79.0448,19.0515],[79.0781,19.0245],[79.1117,18.9539],[79.1912,18.8761],[79.2447,18.8729],[79.2809,18.8373],[79.3196,18.823],[79.3715,18.8409],[79.3891,18.8711],[79.4499,18.8527],[79.5193,18.793],[79.5696,18.782],[79.6555,18.7308],[79.683,18.6882],[79.75,18.6923],[79.8103,18.726],[79.8508,18.81],[79.9009,18.8346],[79.9459,18.8627],[79.9479,18.9413],[79.9328,19.046],[79.8679,19.0633],[79.8648,19.1074],[79.9493,19.1792],[79.9269,19.2296],[79.952,19.2872],[79.9798,19.404],[79.9517,19.4616],[79.9177,19.495],[79.8849,19.5034],[79.8348,19.5395],[79.792,19.596],[79.7468,19.6055],[79.7194,19.5857],[79.6278,19.5674],[79.6072,19.5103],[79.5719,19.5132],[79.549,19.5507],[79.4767,19.4996],[79.4474,19.5356],[79.4198,19.5355],[79.3469,19.5757],[79.2612,19.613],[79.2426,19.5287],[79.1949,19.4606],[79.1086,19.5297],[79.024,19.5416],[78.9835,19.5814],[78.9745,19.6506],[78.9214,19.669],[78.8642,19.6576],[78.8689,19.698],[78.8497,19.7601]]]},"properties":{"DISTRICT":"Adilabad","ST_NM":"Andhra Pradesh","ST_CEN_CD":28,"DT_CEN_CD":1,"censuscode":532}},
{"type":"Feature","geometry":{"type":"Polygon","coordinates":[[[78.198,27.4028],[78.1367,27.3648],[78.0821,27.392],[78.0725,27.3351],[78.0429,27.3462],[77.9904,27.2838],[77.9505,27.2827],[77.8474,27.2881],[77.7806,27.2334],[77.7015,27.2518],[77.6475,27.2414],[77.6629,27.1698],[77.6231,27.1691],[77.6055,27.1233],[77.5526,27.1099],[77.5738,27.0723],[77.567,27.0431],[77.6069,27.0231],[77.6651,27.017],[77.7117,26.9946],[77.7,26.9733],[77.6503,26.9616],[77.5877,26.9252],[77.4903,26.8981],[77.4252,26.8372],[77.4469,26.8135],[77.4362,26.7802],[77.4559,26.7411],[77.5284,26.8164],[77.6164,26.8288],[77.6796,26.8684],[77.7238,26.8756],[77.732,26.9172],[77.7732,26.9323],[77.8796,26.8997],[77.9178,26.9085],[78.0506,26.9096],[78.0952,26.8962],[78.1479,26.9513],[78.2412,26.9279],[78.2612,26.8988],[78.2133,26.8716],[78.2182,26.8303],[78.264,26.8145],[78.2905,26.8583],[78.371,26.8655],[78.3941,26.8221],[78.4344,26.8265],[78.4667,26.7894],[78.5436,26.7658],[78.6105,26.7503],[78.6676,26.7634],[78.686,26.7866],[78.7498,26.7867],[78.7794,26.7584],[78.7938,26.7975],[78.8516,26.8094],[78.8083,26.869],[78.7831,26.8649],[78.7488,26.9143],[78.6764,26.9167],[78.6735,26.8783],[78.593,26.925],[78.5733,26.9632],[78.5163,26.9572],[78.4519,26.984],[78.4334,27.0413],[78.3641,27.0792],[78.2268,27.0757],[78.2026,27.1298],[78.2197,27.1566],[78.2036,27.1978],[78.2204,27.2402],[78.222,27.299],[78.286,27.3128],[78.2969,27.3822],[78.226,27.4058],[78.198,27.4028]]]},"properties":{"DISTRICT":"Agra","ST_NM":"Uttar Pradesh","ST_CEN_CD":9,"DT_CEN_CD":15,"censuscode":146}},
{"type":"Feature","geometry":{"type":"Polygon","coordinates":[[[72.3361,23.1073],[72.2857,23.0744],[72.2598,23.1042],[72.1872,23.1436],[72.1696,23.1951],[72.1844,23.215],[72.1784,23.2741],[72.2081,23.3082],[72.2642,23.346],[72.2612,23.3697],[72.2983,23.4134],[72.2623,23.4601],[72.2099,23.4309],[72.0983,23.4588],[72.053,23.4436],[72.0346,23.5053],[71.9997,23.5037],[71.9677,23.4595],[71.9592,23.3934],[71.8744,23.3835],[71.8955,23.3329],[71.8749,23.2786],[71.9864,23.2561],[71.9903,23.2157],[71.91,23.1809],[71.9008,23.1105],[71.9149,23.0793],[71.9522,23.0548],[72.0128,23.0593],[72.0202,22.9921],[71.9894,22.9493],[72.0028,22.9234],[71.9834,22.8555],[72.0162,22.7935],[72.0502,22.7829],[72.0716,22.7325],[72.1064,22.7205],[72.0898,22.6756],[72.0563,22.6936],[72.0631,22.5992],[72.0961,22.6052],[72.1688,22.5696],[72.1869,22.5417],[72.1428,22.5142],[72.1612,22.4795],[72.0844,22.4372],[72.0503,22.4444],[72.0311,22.5064],[71.9216,22.5212],[71.908,22.4801],[71.923,22.4494],[71.8507,22.3893],[71.7798,22.3854],[71.7341,22.3607],[71.7028,22.3962],[71.6199,22.3805],[71.6073,22.3382],[71.6175,22.279],[71.6494,22.247],[71.6563,22.2162],[71.7084,22.1829],[71.734,22.182],[71.7582,22.1331],[71.8407,22.131],[71.8506,22.0954],[71.8972,22.1032],[71.9062,22.1248],[71.9813,22.1048],[72.0602,22.1053],[72.0771,22.0608],[72.1248,22.0575],[72.1721,21.9952],[72.2274,21.9885],[72.229,21.9934],[72.2301,22.0028],[72.2601,21.9729],[72.2954,22.0271],[72.3113,22.1115],[72.3565,22.1484],[72.3331,22.1927],[72.3596,22.261],[72.3604,22.2682],[72.3729,22.3147],[72.3936,22.3446],[72.3975,22.3582],[72.3854,22.3711],[72.3757,22.3733],[72.3618,22.3754],[72.3772,22.4718],[72.4227,22.4818],[72.4404,22.5044],[72.4249,22.5606],[72.4702,22.5794],[72.5083,22.6148],[72.5074,22.6193],[72.5497,22.6716],[72.5239,22.7106],[72.5345,22.768],[72.5236,22.7976],[72.5717,22.8247],[72.6095,22.8262],[72.6008,22.8671],[72.6503,22.8971],[72.7043,22.8846],[72.7329,22.9133],[72.7915,22.9078],[72.8433,22.9652],[72.8408,22.993],[72.7646,23.0932],[72.5998,23.0891],[72.568,23.1266],[72.5267,23.1472],[72.4856,23.1341],[72.4679,23.0598],[72.4058,23.0672],[72.3391,23.1056],[72.3361,23.1073]]]},"properties":{"DISTRICT":"Ahmadabad","ST_NM":"Gujarat","ST_CEN_CD":24,"DT_CEN_CD":7,"censuscode":474}},
{"type":"Feature","geometry":{"type":"Polygon","coordinates":[[[74.6733,19.9467],[74.5735,19.9545],[74.5315,19.9754],[74.4802,19.9663],[74.3198,19.9854],[74.2502,19.9368],[74.2778,19.9082],[74.3647,19.8706],[74.3656,19.8018],[74.3337,19.799],[74.319,19.7673],[74.276,19.7761],[74.246,19.7439],[74.1643,19.7251],[74.1215,19.6437],[74.0706,19.6601],[73.9157,19.6816],[73.901,19.7406],[73.8428,19.7409],[73.7814,19.6562],[73.7796,19.6356],[73.7128,19.614],[73.6636,19.5863],[73.6202,19.587],[73.6262,19.5427],[73.6997,19.5052],[73.6758,19.4626],[73.6909,19.4393],[73.7816,19.386],[73.8013,19.3949],[73.8572,19.3588],[73.8843,19.3763],[73.931,19.3406],[74,19.3575],[74.0283,19.3103],[74.0268,19.2688],[74.0848,19.2311],[74.2289,19.2045],[74.271,19.1855],[74.236,19.1233],[74.2106,19.1251],[74.1752,19.0418],[74.2148,19.0069],[74.2231,18.9761],[74.2944,18.9032],[74.3113,18.8534],[74.3974,18.8304],[74.386,18.8081],[74.3995,18.7413],[74.4249,18.7489],[74.4757,18.6891],[74.4757,18.6476],[74.5438,18.5834],[74.573,18.5322],[74.5498,18.5138],[74.5805,18.4733],[74.6436,18.4498],[74.6637,18.4886],[74.7008,18.5057],[74.7269,18.4797],[74.7147,18.4303],[74.7346,18.3979],[74.7838,18.4061],[74.8085,18.386],[74.7944,18.3551],[74.8339,18.3392],[74.9074,18.3562],[74.9158,18.3771],[75.0065,18.4055],[75.0162,18.4366],[75.059,18.42],[75.0927,18.4338],[75.1056,18.4892],[75.1349,18.5262],[75.1594,18.5199],[75.24,18.5435],[75.2613,18.5088],[75.3144,18.5185],[75.3459,18.5617],[75.4226,18.5353],[75.4525,18.5887],[75.491,18.6261],[75.5874,18.6971],[75.5041,18.7232],[75.4637,18.753],[75.3984,18.8308],[75.3866,18.7723],[75.3273,18.7982],[75.2543,18.7208],[75.2144,18.7375],[75.1742,18.7359],[75.159,18.6499],[75.0737,18.7177],[74.9671,18.8247],[74.9234,18.8284],[74.8978,18.8789],[74.8285,18.9383],[74.8429,18.9683],[74.8783,18.983],[74.9172,18.9601],[74.9607,18.9961],[74.9524,19.0329],[74.9164,19.0399],[74.9218,19.088],[74.9425,19.1263],[74.9806,19.1111],[75.0608,19.0989],[75.0971,19.0794],[75.0757,19.0531],[75.2088,19.0338],[75.1902,19.0927],[75.2185,19.111],[75.2402,19.0616],[75.2636,19.0697],[75.2733,18.9924],[75.3393,18.9885],[75.3471,19.0229],[75.2874,19.0321],[75.3082,19.0933],[75.4102,19.0786],[75.4873,19.1036],[75.4537,19.1257],[75.4489,19.17],[75.4053,19.1989],[75.4455,19.217],[75.4641,19.2522],[75.5174,19.2765],[75.5417,19.3085],[75.5193,19.3297],[75.5355,19.3749],[75.4872,19.3823],[75.4791,19.4211],[75.4079,19.4173],[75.3662,19.3974],[75.3414,19.4635],[75.266,19.5293],[75.2316,19.5399],[75.1945,19.5932],[75.1301,19.592],[75.0381,19.6241],[75,19.6218],[74.9701,19.6464],[74.8886,19.6563],[74.853,19.6479],[74.8248,19.6723],[74.7888,19.6495],[74.7875,19.7166],[74.7299,19.6992],[74.7201,19.7772],[74.6919,19.7685],[74.6361,19.7943],[74.5978,19.773],[74.6067,19.8496],[74.6481,19.8612],[74.6492,19.9098],[74.6733,19.9467]]]},"properties":{"DISTRICT":"Ahmadnagar","ST_NM":"Maharashtra","ST_CEN_CD":27,"DT_CEN_CD":26,"censuscode":522}},
{"type":"Feature","geometry":{"type":"Polygon","coordinates":[[[92.9996,24.4001],[92.9794,24.4066],[92.8956,24.3914],[92.8904,24.3564],[92.8611,24.3138],[92.8736,24.2818],[92.8634,24.2412],[92.9026,24.2215],[92.8949,24.1733],[92.8609,24.1053],[92.8474,24.0268],[92.7849,24.0179],[92.7237,23.975],[92.6274,23.9538],[92.6579,23.9199],[92.6413,23.892],[92.6613,23.8321],[92.6252,23.7965],[92.6521,23.7141],[92.6371,23.6474],[92.6753,23.6231],[92.6604,23.5703],[92.6351,23.5336],[92.6545,23.5181],[92.6593,23.4218],[92.6727,23.3827],[92.6893,23.328],[92.7812,23.2995],[92.8126,23.2729],[92.8536,23.3226],[92.812,23.368],[92.8523,23.4803],[92.8809,23.5187],[92.9476,23.5141],[92.9719,23.4776],[93.0446,23.4107],[93.0448,23.4757],[93.0569,23.5556],[93.0458,23.6534],[93.0444,23.7656],[93.1498,23.8105],[93.1651,23.84],[93.1615,23.8827],[93.189,23.9072],[93.1715,23.94],[93.2072,24.0475],[93.128,24.0607],[93.0783,24.0997],[93.0525,24.0874],[92.985,24.1258],[93.0226,24.2144],[93.0072,24.2773],[93.0343,24.3152],[93.0234,24.3873],[92.9996,24.4001]]]},"properties":{"DISTRICT":"Aizawl","ST_NM":"Mizoram","ST_CEN_CD":15,"DT_CEN_CD":3,"censuscode":283}},
{"type":"Feature","geometry":{"type":"MultiPolygon","coordinates":[[[[74.9768,26.8903],[74.9835,26.9412],[74.9114,26.9759],[74.8521,26.975],[74.8048,26.8526],[74.7741,26.8487],[74.7811,26.7986],[74.7494,26.7705],[74.6978,26.7711],[74.6654,26.7113],[74.7236,26.7019],[74.7219,26.6756],[74.6739,26.594],[74.6187,26.5658],[74.6178,26.5999],[74.5933,26.6291],[74.4812,26.4974],[74.429,26.486],[74.3754,26.4888],[74.3371,26.4427],[74.2908,26.449],[74.3047,26.3825],[74.304,26.3289],[74.2535,26.2862],[74.3109,26.2517],[74.3646,26.2915],[74.3767,26.2063],[74.3026,26.1849],[74.2876,26.1207],[74.221,26.0416],[74.1829,26.0292],[74.1314,25.9633],[74.1603,25.9287],[74.117,25.8661],[74.1836,25.8483],[74.1968,25.8537],[74.2223,25.898],[74.2583,25.8675],[74.2676,25.8714],[74.2323,25.9345],[74.2897,25.9379],[74.2926,25.9811],[74.3459,26.0226],[74.3908,26.0054],[74.3889,25.9623],[74.4354,25.9243],[74.4533,25.932],[74.5196,25.9122],[74.6184,25.9037],[74.7242,25.9166],[74.8019,25.8703],[74.9046,25.8808],[74.9453,25.8618],[75.0167,25.856],[75.0377,25.8286],[75.0102,25.8073],[75.0539,25.7758],[75.0724,25.7328],[75.1089,25.6934],[75.1489,25.7197],[75.2161,25.6873],[75.2611,25.6977],[75.3191,25.7638],[75.3399,25.8108],[75.3113,25.8535],[75.2636,25.8529],[75.2514,25.9373],[75.3071,25.9414],[75.3279,25.9985],[75.3554,26.0192],[75.3084,26.0805],[75.34,26.1306],[75.2772,26.1354],[75.246,26.0782],[75.2206,26.107],[75.1882,26.1098],[75.1881,26.1634],[75.1586,26.1826],[75.1434,26.244],[75.1134,26.2849],[75.1384,26.3177],[75.1297,26.3968],[75.1643,26.4205],[75.17,26.462],[75.1529,26.5001],[75.1159,26.5235],[75.1043,26.5559],[75.0622,26.5558],[75.0818,26.6098],[75.0677,26.6505],[75,26.6864],[74.9655,26.6834],[74.9647,26.7221],[74.9407,26.7497],[74.9167,26.8369],[74.9565,26.8468],[74.9768,26.8903]]],[[[74.0563,25.8289],[74.0089,25.8634],[73.9437,25.831],[73.9322,25.7697],[73.9066,25.7404],[73.9062,25.6852],[73.949,25.6506],[74.0128,25.7037],[74.0169,25.7466],[74.0933,25.7671],[74.0563,25.8289]]]]},"properties":{"DISTRICT":"Ajmer","ST_NM":"Rajasthan","ST_CEN_CD":8,"DT_CEN_CD":21,"censuscode":119}},
{"type":"Feature","geometry":{"type":"Polygon","coordinates":[[[77.6161,20.7599],[77.6126,20.7954],[77.5709,20.8082],[77.5295,20.848],[77.4771,20.8625],[77.438,20.845],[77.3375,20.8459],[77.3278,20.857],[77.1737,20.8546],[77.1342,20.8634],[77.1734,21.023],[77.151,21.0368],[77.176,21.0748],[77.1591,21.1456],[77.1828,21.2037],[77.1648,21.2371],[77.0799,21.2171],[77.0438,21.2434],[77.006,21.2071],[76.7838,21.189],[76.7722,21.1809],[76.7886,21.1103],[76.7743,21.0889],[76.7891,21.0318],[76.7783,21.0031],[76.7847,20.9291],[76.7465,20.9279],[76.7436,20.8902],[76.7632,20.856],[76.7453,20.7983],[76.7711,20.7873],[76.7604,20.7229],[76.7353,20.7153],[76.7398,20.6653],[76.7894,20.5917],[76.7701,20.5129],[76.7166,20.5136],[76.6939,20.4585],[76.7274,20.4067],[76.6996,20.3534],[76.7928,20.3153],[76.8217,20.2804],[76.8371,20.2997],[76.8848,20.2976],[76.9004,20.3405],[76.9796,20.3719],[77.0176,20.4127],[77.0247,20.4503],[77.0551,20.4485],[77.1323,20.4001],[77.1951,20.411],[77.1867,20.4487],[77.2251,20.448],[77.2955,20.4197],[77.3012,20.4474],[77.3487,20.4649],[77.3291,20.4986],[77.3398,20.5756],[77.401,20.5806],[77.4177,20.6084],[77.4668,20.6101],[77.4546,20.6556],[77.5217,20.7315],[77.5658,20.721],[77.5912,20.7572],[77.6161,20.7599]]]},"properties":{"DISTRICT":"Akola","ST_NM":"Maharashtra","ST_CEN_CD":27,"DT_CEN_CD":5,"censuscode":501}},
{"type":"Feature","geometry":{"type":"Polygon","coordinates":[[[76.3733,9.8356],[76.3551,9.8817],[76.2933,9.8883],[76.2983,9.8525],[76.2802,9.7885],[76.29,9.6724],[76.3189,9.5039],[76.3373,9.4223],[76.3633,9.3513],[76.4653,9.1194],[76.4866,9.0846],[76.4796,9.1163],[76.5146,9.1358],[76.5512,9.1097],[76.5852,9.1135],[76.6561,9.1489],[76.6843,9.1768],[76.6445,9.2112],[76.6643,9.2669],[76.655,9.3042],[76.6246,9.3398],[76.564,9.3495],[76.5547,9.3235],[76.5015,9.3207],[76.5157,9.4001],[76.4967,9.4396],[76.5078,9.4987],[76.4816,9.5057],[76.4659,9.5587],[76.4275,9.5475],[76.3946,9.5631],[76.4033,9.6843],[76.3773,9.6952],[76.3818,9.7499],[76.3662,9.7916],[76.3733,9.8356]]]},"properties":{"DISTRICT":"Alappuzha","ST_NM":"Kerala","ST_CEN_CD":32,"DT_CEN_CD":11,"censuscode":598}},
{"type":"Feature","geometry":{"type":"Polygon","coordinates":[[[78.486,28.124],[78.4288,28.0938],[78.3521,28.1486],[78.3067,28.1181],[78.2603,28.1157],[78.1438,28.0711],[78.1376,28.1039],[78.05,28.1295],[77.9872,28.0802],[77.9195,28.0935],[77.8701,28.1302],[77.8454,28.1716],[77.7855,28.1371],[77.7363,28.1233],[77.7369,28.0885],[77.6972,28.0789],[77.6756,28.1033],[77.6739,28.1085],[77.6416,28.0937],[77.6087,28.1084],[77.5725,28.0794],[77.4794,28.0781],[77.487,28.0434],[77.5445,27.9876],[77.5284,27.9262],[77.5567,27.9123],[77.6262,27.9358],[77.6443,27.9648],[77.6787,27.9416],[77.7146,27.9429],[77.7615,27.904],[77.8342,27.7528],[77.7969,27.7333],[77.7941,27.6841],[77.8509,27.6533],[77.8721,27.5753],[77.8976,27.5838],[77.9941,27.621],[78.0181,27.677],[78.0057,27.6957],[78.0153,27.7524],[78.0617,27.7868],[78.0772,27.7713],[78.1622,27.7742],[78.2188,27.7547],[78.2042,27.7302],[78.2597,27.6765],[78.466,27.8275],[78.4788,27.8076],[78.5172,27.8115],[78.4938,27.8546],[78.5306,27.904],[78.5522,27.9091],[78.6003,27.9802],[78.6206,28.0388],[78.577,28.0781],[78.5501,28.0631],[78.5042,28.0933],[78.486,28.124]]]},"properties":{"DISTRICT":"Aligarh","ST_NM":"Uttar Pradesh","ST_CEN_CD":9,"DT_CEN_CD":12,"censuscode":143}},
{"type":"Feature","geometry":{"type":"Polygon","coordinates":[[[74.3779,22.6364],[74.2751,22.6456],[74.2334,22.6119],[74.2104,22.5655],[74.1239,22.5226],[74.0629,22.5491],[74.0396,22.5151],[74.0814,22.5068],[74.1012,22.4316],[74.2338,22.4374],[74.2705,22.3911],[74.1946,22.3412],[74.1873,22.3201],[74.1304,22.3306],[74.108,22.3699],[74.0679,22.3585],[74.055,22.2841],[74.0741,22.2666],[74.0715,22.2202],[74.1187,22.2112],[74.1336,22.0518],[74.0959,22],[74.1496,21.9848],[74.1417,21.9524],[74.2014,21.9238],[74.2876,21.9348],[74.2969,21.9642],[74.3419,21.9734],[74.3848,22.0183],[74.4322,22.029],[74.5029,22.0444],[74.4734,22.1125],[74.5344,22.1146],[74.4963,22.1736],[74.5278,22.2367],[74.5894,22.2416],[74.6015,22.2682],[74.647,22.2724],[74.6233,22.3293],[74.6323,22.3623],[74.6931,22.3677],[74.6912,22.4134],[74.7135,22.4632],[74.7179,22.5306],[74.7429,22.558],[74.7273,22.5816],[74.6596,22.5999],[74.6509,22.5723],[74.594,22.541],[74.5044,22.5775],[74.447,22.5394],[74.4221,22.6014],[74.3779,22.6364]]]},"properties":{"DISTRICT":"Alirajpur","ST_NM":"Madhya Pradesh","ST_CEN_CD":23,"DT_CEN_CD":48,"censuscode":465}},
{"type":"Feature","geometry":{"type":"Polygon","coordinates":[[[82.0267,25.7091],[82.0134,25.7455],[81.946,25.74],[81.9176,25.7139],[81.8433,25.7255],[81.806,25.7487],[81.7548,25.7335],[81.7509,25.6685],[81.7236,25.644],[81.6597,25.612],[81.6513,25.6169],[81.6386,25.6299],[81.6114,25.6191],[81.6073,25.6128],[81.6134,25.6086],[81.6144,25.5928],[81.6489,25.5786],[81.6669,25.5135],[81.7241,25.5114],[81.7602,25.4769],[81.8016,25.4694],[81.8191,25.409],[81.7999,25.3856],[81.7955,25.3769],[81.7954,25.3735],[81.8164,25.342],[81.789,25.3193],[81.7616,25.3423],[81.692,25.3552],[81.6362,25.3506],[81.6145,25.3393],[81.5986,25.3229],[81.5929,25.3203],[81.5522,25.2928],[81.5502,25.2903],[81.5501,25.2901],[81.5494,25.2865],[81.5644,25.2388],[81.526,25.2346],[81.521,25.1939],[81.5268,25.1941],[81.5465,25.1893],[81.5484,25.1842],[81.5669,25.1857],[81.5749,25.1923],[81.5965,25.1804],[81.6281,25.1523],[81.5994,25.1196],[81.6403,25.0999],[81.6552,25.0718],[81.7248,25.0498],[81.8,25.0069],[81.8377,25.0162],[81.91,24.9798],[81.9186,24.9176],[81.911,24.8812],[81.9631,24.8364],[82.0131,24.8479],[82.0734,24.8207],[82.1018,24.8532],[82.1383,24.8837],[82.169,24.8905],[82.2418,24.9635],[82.2646,24.9666],[82.3052,25.0195],[82.2972,25.0496],[82.3274,25.0757],[82.269,25.1821],[82.2049,25.1904],[82.1947,25.2162],[82.2224,25.2755],[82.3022,25.3082],[82.3193,25.343],[82.3178,25.3973],[82.3533,25.4188],[82.3106,25.4611],[82.3054,25.4953],[82.3176,25.5214],[82.3292,25.4983],[82.3395,25.5124],[82.3291,25.5247],[82.3273,25.5302],[82.3274,25.5326],[82.3286,25.5339],[82.3304,25.536],[82.3313,25.5368],[82.326,25.5433],[82.3061,25.5496],[82.2896,25.5439],[82.286,25.5523],[82.2661,25.5637],[82.2509,25.5794],[82.2354,25.5857],[82.2287,25.5878],[82.1826,25.5813],[82.121,25.6434],[82.1405,25.652],[82.1426,25.6674],[82.152,25.6705],[82.1556,25.6769],[82.1561,25.6791],[82.1561,25.6824],[82.144,25.6844],[82.1243,25.681],[82.1246,25.6633],[82.1189,25.6591],[82.1107,25.6541],[82.0631,25.6589],[82.0267,25.7091]]]},"properties":{"DISTRICT":"Allahabad","ST_NM":"Uttar Pradesh","ST_CEN_CD":9,"DT_CEN_CD":44,"censuscode":175}},
{"type":"Feature","geometry":{"type":"Polygon","coordinates":[[[79.8964,29.7015],[79.8712,29.6846],[79.8293,29.7053],[79.8081,29.6875],[79.7484,29.6898],[79.7313,29.7288],[79.6891,29.7702],[79.7211,29.8068],[79.6908,29.826],[79.6475,29.8161],[79.6223,29.8419],[79.5708,29.8421],[79.4951,29.8885],[79.506,29.9409],[79.4702,29.9826],[79.4302,29.9367],[79.3264,29.9292],[79.2284,29.9776],[79.2294,29.9474],[79.0831,29.8847],[79.1234,29.8083],[79.1124,29.7296],[79.1217,29.7081],[79.0866,29.6569],[79.0618,29.5871],[79.0367,29.5855],[79.0805,29.5778],[79.119,29.5462],[79.2232,29.5212],[79.3087,29.5991],[79.3411,29.6088],[79.3791,29.5874],[79.4487,29.5198],[79.5014,29.4991],[79.53,29.5456],[79.5776,29.5405],[79.6152,29.5543],[79.6635,29.5401],[79.691,29.4733],[79.7443,29.4307],[79.7871,29.4494],[79.852,29.4344],[79.8869,29.4821],[79.9608,29.4753],[80.0075,29.4868],[80.0718,29.5208],[80.0097,29.5484],[79.9564,29.679],[79.8964,29.7015]]]},"properties":{"DISTRICT":"Almora","ST_NM":"Uttarakhand","ST_CEN_CD":5,"DT_CEN_CD":9,"censuscode":64}},
{"type":"Feature","geometry":{"type":"Polygon","coordinates":[[[76.8634,28.22],[76.7992,28.1886],[76.8004,28.1521],[76.7479,28.1239],[76.7187,28.1273],[76.6909,28.0927],[76.6565,28.0872],[76.6686,28.014],[76.6074,28.0048],[76.555,27.9664],[76.5394,27.9744],[76.547,28.0342],[76.4641,28.0416],[76.4784,28.0815],[76.5063,28.1017],[76.4809,28.1447],[76.3683,28.1386],[76.3617,28.1615],[76.3163,28.1788],[76.2866,28.1639],[76.364,28.1237],[76.3403,28.102],[76.3616,28.0608],[76.345,28.0249],[76.2593,28.0663],[76.2416,28.0518],[76.1855,28.0547],[76.1619,27.988],[76.1875,27.9683],[76.1776,27.9052],[76.2138,27.8433],[76.2311,27.8363],[76.2679,27.8348],[76.2776,27.8027],[76.2462,27.7613],[76.2597,27.7],[76.2468,27.6267],[76.2026,27.622],[76.2173,27.5528],[76.2471,27.4884],[76.234,27.4176],[76.1816,27.3297],[76.1598,27.3133],[76.1247,27.2381],[76.1851,27.1846],[76.1945,27.1213],[76.2809,27.1798],[76.2931,27.1293],[76.2884,27.0871],[76.3036,27.065],[76.3643,27.0561],[76.4008,27.0853],[76.4093,27.126],[76.4644,27.0779],[76.4943,27.1136],[76.5501,27.1317],[76.5625,27.1749],[76.6213,27.1772],[76.6437,27.0948],[76.7084,27.1156],[76.8077,27.105],[76.8312,27.1631],[76.8508,27.1725],[76.8722,27.2312],[76.9096,27.2069],[76.901,27.1628],[76.937,27.1388],[76.9649,27.1461],[77.0965,27.1715],[77.0462,27.2169],[77.1235,27.2522],[77.1498,27.3134],[77.2027,27.3257],[77.1946,27.3549],[77.1408,27.3463],[77.0766,27.3888],[77.0457,27.377],[77.0079,27.4141],[76.96,27.4275],[76.923,27.4588],[76.9247,27.4904],[77.0059,27.4485],[77.0553,27.4754],[77.026,27.4963],[77.0487,27.5483],[77.0019,27.5656],[76.9869,27.5354],[76.9454,27.5798],[76.9364,27.6124],[76.9837,27.6138],[76.9788,27.6518],[76.9425,27.6697],[76.8969,27.7142],[76.9164,27.8306],[76.9352,27.8289],[76.9274,27.9923],[76.9555,28.066],[76.9708,28.1387],[76.9301,28.157],[76.8634,28.22]]]},"properties":{"DISTRICT":"Alwar","ST_NM":"Rajasthan","ST_CEN_CD":8,"DT_CEN_CD":6,"censuscode":104}},
{"type":"Feature","geometry":{"type":"MultiPolygon","coordinates":[[[[77.1252,30.5633],[77.0701,30.5755],[77.0446,30.5314],[76.9952,30.5109],[76.9546,30.4731],[76.9416,30.4803],[76.9395,30.4913],[76.9357,30.4971],[76.9302,30.4998],[76.9288,30.4953],[76.9067,30.4855],[76.9027,30.4325],[76.94,30.3844],[76.9104,30.3584],[76.8524,30.4166],[76.7933,30.411],[76.7699,30.4338],[76.7127,30.3896],[76.751,30.3556],[76.6833,30.3152],[76.6025,30.2502],[76.6511,30.2019],[76.6397,30.1511],[76.6859,30.1846],[76.8076,30.212],[76.8317,30.2488],[76.9027,30.1886],[76.9602,30.1917],[77.0651,30.1224],[77.0679,30.1271],[77.0753,30.1973],[77.1294,30.2297],[77.1404,30.2812],[77.1846,30.3061],[77.1553,30.361],[77.1796,30.4003],[77.1698,30.4418],[77.2127,30.496],[77.2128,30.5021],[77.1507,30.5342],[77.1246,30.563],[77.1252,30.5633]]],[[[76.5668,30.0948],[76.6014,30.0752],[76.6314,30.0913],[76.6353,30.1453],[76.5668,30.0948]]]]},"properties":{"DISTRICT":"Ambala","ST_NM":"Haryana","ST_CEN_CD":6,"DT_CEN_CD":2,"censuscode":70}},
{"type":"Feature","geometry":{"type":"Polygon","coordinates":[[[82.8819,26.5401],[82.8144,26.5743],[82.7136,26.5551],[82.665,26.6046],[82.5795,26.6041],[82.4785,26.6523],[82.4682,26.5823],[82.4307,26.5462],[82.391,26.5433],[82.3793,26.5726],[82.3391,26.5767],[82.3107,26.5029],[82.2792,26.4543],[82.221,26.4074],[82.2803,26.3888],[82.3872,26.3754],[82.4027,26.3266],[82.4701,26.2832],[82.5528,26.2839],[82.5816,26.2569],[82.6383,26.2456],[82.6804,26.2554],[82.7353,26.2475],[82.7803,26.1943],[82.8604,26.167],[82.8614,26.2083],[82.8866,26.2517],[82.8743,26.3111],[82.8971,26.3466],[82.8848,26.383],[82.9566,26.4032],[82.9686,26.3553],[83.0373,26.3225],[83.0487,26.2906],[83.1111,26.2844],[83.115,26.3559],[83.135,26.3848],[83.0708,26.4078],[83.0246,26.474],[82.8819,26.5401]]]},"properties":{"DISTRICT":"Ambedkar Nagar","ST_NM":"Uttar Pradesh","ST_CEN_CD":9,"DT_CEN_CD":47,"censuscode":178}},
{"type":"Feature","geometry":{"type":"Polygon","coordinates":[[[78.3415,21.5887],[78.3234,21.5738],[78.22,21.5519],[78.1854,21.5568],[78.1738,21.4967],[78.068,21.4371],[77.9844,21.401],[77.9031,21.3766],[77.8032,21.4104],[77.7973,21.3889],[77.6737,21.371],[77.6495,21.3914],[77.5624,21.3962],[77.5306,21.419],[77.5139,21.3748],[77.4904,21.3757],[77.4726,21.4548],[77.4416,21.4708],[77.4268,21.5404],[77.5078,21.5525],[77.5705,21.5276],[77.6107,21.5406],[77.5758,21.5855],[77.5621,21.6664],[77.5004,21.7468],[77.4533,21.761],[77.4045,21.7537],[77.2802,21.7573],[77.2611,21.7134],[77.2104,21.6916],[77.1239,21.7228],[77.0648,21.7125],[77.0369,21.698],[77.0208,21.6883],[76.9999,21.6791],[76.8941,21.5983],[76.8544,21.6126],[76.8358,21.5906],[76.7975,21.5951],[76.7823,21.56],[76.765,21.5203],[76.7939,21.4875],[76.7454,21.4408],[76.734,21.4065],[76.6702,21.3672],[76.6275,21.3275],[76.6628,21.2802],[76.7241,21.2891],[76.7495,21.2506],[76.766,21.194],[76.7838,21.189],[77.006,21.2071],[77.0438,21.2434],[77.0799,21.2171],[77.1648,21.2371],[77.1828,21.2037],[77.1591,21.1456],[77.176,21.0748],[77.151,21.0368],[77.1734,21.023],[77.1342,20.8634],[77.1737,20.8546],[77.3278,20.857],[77.3375,20.8459],[77.438,20.845],[77.4771,20.8625],[77.5295,20.848],[77.5709,20.8082],[77.6126,20.7954],[77.6161,20.7599],[77.6327,20.7381],[77.6363,20.6676],[77.6557,20.6472],[77.6308,20.5668],[77.6531,20.5642],[77.6668,20.5804],[77.7419,20.5614],[77.7716,20.5399],[77.8171,20.5853],[77.8658,20.5949],[77.8931,20.6235],[77.9191,20.6045],[77.9124,20.5654],[77.9706,20.5874],[78.0285,20.6568],[78.0636,20.6727],[78.159,20.6591],[78.2125,20.6891],[78.2795,20.6964],[78.3114,20.7349],[78.2943,20.7779],[78.2998,20.8112],[78.2727,20.8652],[78.2378,20.8956],[78.1844,20.9046],[78.1461,20.9522],[78.1376,21.0041],[78.1522,21.0472],[78.1429,21.1404],[78.0933,21.1809],[78.0988,21.1992],[78.0555,21.2492],[78.0798,21.328],[78.1052,21.3548],[78.158,21.3298],[78.2513,21.3286],[78.3764,21.394],[78.4019,21.3836],[78.4462,21.4028],[78.4349,21.5002],[78.4183,21.576],[78.3824,21.5939],[78.3415,21.5887]]]},"properties":{"DISTRICT":"Amravati","ST_NM":"Maharashtra","ST_CEN_CD":27,"DT_CEN_CD":7,"censuscode":503}},
{"type":"Feature","geometry":{"type":"MultiPolygon","coordinates":[[[[71.3922,21.9781],[71.3442,21.9848],[71.3071,22.042],[71.2744,22.0167],[71.2968,21.9741],[71.2645,21.957],[71.2476,22.0093],[71.1987,22],[71.2008,21.9737],[71.1232,21.9374],[71.1153,21.919],[71.0587,21.9033],[71.047,21.8231],[71.0468,21.756],[70.9771,21.7298],[70.8939,21.7637],[70.8852,21.7346],[70.8257,21.7432],[70.8011,21.7127],[70.7932,21.6652],[70.8618,21.6007],[70.8936,21.5348],[70.8504,21.5314],[70.8315,21.4921],[70.8864,21.4414],[70.9236,21.462],[70.9479,21.397],[70.8693,21.3744],[70.8824,21.3174],[70.9291,21.3413],[70.9416,21.3115],[70.9071,21.2984],[70.8913,21.2689],[70.8256,21.262],[70.8037,21.2317],[70.824,21.1965],[70.8726,21.1712],[70.8921,21.1865],[70.9736,21.1651],[71.0042,21.1684],[71.1257,21.0767],[71.1477,21.0318],[71.1265,20.9637],[71.1424,20.951],[71.1981,20.9772],[71.2239,20.9571],[71.1949,20.9002],[71.2232,20.8239],[71.2078,20.8001],[71.3226,20.8463],[71.4396,20.8693],[71.4771,20.8899],[71.5096,20.944],[71.5651,20.9496],[71.6791,20.9974],[71.6399,21.0317],[71.6248,21.1076],[71.5502,21.1705],[71.5205,21.1739],[71.5323,21.2868],[71.5688,21.2867],[71.6287,21.3363],[71.6301,21.3866],[71.5992,21.4426],[71.5311,21.4419],[71.4781,21.4833],[71.4994,21.5429],[71.5372,21.5529],[71.5517,21.6154],[71.5777,21.632],[71.5969,21.7261],[71.5629,21.7394],[71.4914,21.8018],[71.4685,21.7987],[71.4524,21.8654],[71.428,21.8753],[71.4641,21.924],[71.445,21.9488],[71.3978,21.9539],[71.3922,21.9781]]],[[[70.8582,20.7539],[70.8431,20.7869],[70.8742,20.7998],[70.871,20.838],[70.8305,20.8367],[70.8208,20.8631],[70.8648,20.8784],[70.8822,20.9084],[70.8608,20.9605],[70.8132,20.9738],[70.7531,20.9667],[70.7265,20.9946],[70.6973,20.9178],[70.6584,20.8498],[70.664,20.7976],[70.6403,20.7665],[70.6715,20.761],[70.7443,20.7201],[70.8215,20.6915],[70.8693,20.706],[70.8726,20.7232],[70.8576,20.7421],[70.8582,20.7468],[70.8624,20.7496],[70.8615,20.7526],[70.8614,20.7526],[70.861,20.7528],[70.8606,20.7529],[70.8582,20.7539]]]]},"properties":{"DISTRICT":"Amreli","ST_NM":"Gujarat","ST_CEN_CD":24,"DT_CEN_CD":13,"censuscode":480}},
{"type":"Feature","geometry":{"type":"Polygon","coordinates":[[[74.9123,32.051],[74.8319,31.9953],[74.8154,31.9632],[74.7236,31.9215],[74.6658,31.9116],[74.5699,31.8307],[74.5655,31.7593],[74.486,31.7224],[74.5361,31.6809],[74.5541,31.6183],[74.6205,31.5666],[74.6131,31.4979],[74.6515,31.5337],[74.6872,31.5241],[74.739,31.565],[74.7928,31.5704],[74.8443,31.5302],[74.9014,31.5413],[74.9877,31.5117],[75.057,31.543],[75.1238,31.495],[75.163,31.5118],[75.2295,31.491],[75.2519,31.5019],[75.2581,31.4947],[75.2637,31.4942],[75.272,31.489],[75.2797,31.4831],[75.3191,31.5394],[75.4049,31.5944],[75.3378,31.6408],[75.3009,31.6518],[75.2864,31.695],[75.2268,31.6855],[75.2029,31.7278],[75.0768,31.8061],[75.0457,31.8029],[74.9688,31.8343],[74.9178,31.8823],[74.9016,31.9339],[74.9366,32.0132],[74.9123,32.051]]]},"properties":{"DISTRICT":"Amritsar","ST_NM":"Punjab","ST_CEN_CD":3,"DT_CEN_CD":15,"censuscode":49}},
{"type":"Feature","geometry":{"type":"MultiPolygon","coordinates":[[[[73.2303,22.6338],[73.2043,22.6815],[73.1617,22.6809],[73.1311,22.7214],[73.0046,22.7152],[72.9701,22.6345],[72.9335,22.6251],[72.9213,22.5943],[72.874,22.5809],[72.8309,22.6225],[72.7961,22.6391],[72.6898,22.6255],[72.6561,22.4998],[72.5736,22.507],[72.5549,22.5661],[72.5338,22.5689],[72.5343,22.5853],[72.5134,22.6125],[72.5083,22.6148],[72.4702,22.5794],[72.4249,22.5606],[72.4404,22.5044],[72.4227,22.4818],[72.3772,22.4718],[72.3618,22.3754],[72.394,22.3824],[72.4124,22.3585],[72.3899,22.3165],[72.4351,22.3013],[72.4707,22.2426],[72.5074,22.231],[72.6371,22.2843],[72.6915,22.2371],[72.756,22.231],[72.8437,22.2824],[72.8551,22.2718],[72.9099,22.2606],[72.9153,22.2782],[72.9784,22.2477],[73.0629,22.3134],[73.0496,22.3647],[73.0737,22.3953],[73.0676,22.426],[73.094,22.4578],[73.0963,22.5097],[73.1393,22.5271],[73.1625,22.5897],[73.2303,22.6338]]],[[[72.3604,22.2682],[72.4007,22.2015],[72.4165,22.2274],[72.4163,22.2846],[72.3729,22.3147],[72.3604,22.2682]]],[[[72.3565,22.1484],[72.3901,22.1835],[72.3637,22.2021],[72.3596,22.261],[72.3331,22.1927],[72.3565,22.1484]]]]},"properties":{"DISTRICT":"Anand","ST_NM":"Gujarat","ST_CEN_CD":24,"DT_CEN_CD":15,"censuscode":482}},
{"type":"Feature","geometry":{"type":"Polygon","coordinates":[[[78.1443,14.9453],[78.1255,14.9662],[78.0456,15.0001],[78.0002,15.0446],[78.0253,15.1143],[77.9768,15.1374],[77.9653,15.1028],[77.9086,15.1232],[77.9212,15.1701],[77.8883,15.1752],[77.8762,15.134],[77.8187,15.1403],[77.7936,15.1038],[77.7511,15.1278],[77.7319,15.169],[77.6623,15.2317],[77.5821,15.1879],[77.5267,15.2229],[77.4842,15.208],[77.4527,15.22],[77.3659,15.2213],[77.352,15.1758],[77.3208,15.1754],[77.2938,15.1304],[77.1975,15.1585],[77.1576,15.1371],[77.1324,15.0991],[77.1144,15.0341],[77.0836,15.0055],[77.0515,15.0346],[77.0052,15.0349],[76.9712,15.0185],[76.9178,15.0362],[76.8808,15.0338],[76.8646,15.0618],[76.8008,15.0957],[76.7763,15.0701],[76.7884,15.0217],[76.7608,14.988],[76.7676,14.9749],[76.8686,14.9692],[76.8645,14.8965],[76.838,14.7903],[76.7845,14.7845],[76.8023,14.7399],[76.7755,14.6792],[76.7652,14.6017],[76.8042,14.5333],[76.8486,14.5148],[76.8686,14.4804],[76.9114,14.4899],[76.9785,14.4842],[76.888,14.3961],[76.8836,14.3573],[76.904,14.3252],[76.9481,14.3114],[76.93,14.2782],[76.9431,14.2462],[77.0096,14.2378],[77.0552,14.2458],[77.0811,14.2157],[77.1158,14.2279],[77.1177,14.2938],[77.1579,14.3441],[77.2023,14.3207],[77.2512,14.321],[77.2873,14.3377],[77.2858,14.2827],[77.3657,14.2761],[77.3619,14.2368],[77.3904,14.1987],[77.4216,14.2101],[77.4076,14.2672],[77.3815,14.3019],[77.4013,14.3359],[77.449,14.3166],[77.5062,14.2675],[77.4969,14.2347],[77.5173,14.1791],[77.3964,14.1722],[77.3834,14.1365],[77.4022,14.1104],[77.3447,14.0608],[77.3329,14.0299],[77.3903,14.0144],[77.3935,13.9811],[77.4261,13.9022],[77.3553,13.9037],[77.3506,13.958],[77.3202,14.0318],[77.2851,14.0138],[77.1405,14.0048],[77.1272,14.0488],[77.0968,14.0448],[77.0295,14.0597],[77.0161,14.0984],[77.0254,14.179],[76.9639,14.1817],[76.8967,14.1651],[76.8889,14.1371],[76.9484,14.1181],[76.9518,14.0915],[76.9366,14.029],[77.0002,13.9879],[76.9948,13.9632],[77.0418,13.9322],[77.012,13.8567],[76.9748,13.8168],[76.9987,13.7492],[77.0414,13.776],[77.0664,13.7457],[77.1017,13.7677],[77.1732,13.7616],[77.1685,13.8224],[77.1458,13.8659],[77.1993,13.8631],[77.2467,13.901],[77.2572,13.8465],[77.3138,13.8644],[77.432,13.834],[77.4159,13.8066],[77.4582,13.793],[77.4701,13.7511],[77.4573,13.6834],[77.4873,13.7108],[77.5355,13.7147],[77.5894,13.7383],[77.6222,13.7681],[77.6782,13.7854],[77.7036,13.7693],[77.7365,13.8097],[77.7774,13.8165],[77.7823,13.8397],[77.836,13.8687],[77.8145,13.9255],[77.8707,13.9348],[77.92,13.9054],[77.9592,13.9361],[77.9866,13.9017],[77.9503,13.8793],[78.0466,13.8613],[78.0498,13.8952],[78.1149,13.8621],[78.1273,13.7856],[78.2297,13.7802],[78.2625,13.7972],[78.2458,13.8508],[78.2773,13.8917],[78.3328,13.9195],[78.3721,13.9545],[78.3876,13.9407],[78.4277,13.9778],[78.4656,13.9939],[78.4431,14.0228],[78.4472,14.0814],[78.4651,14.113],[78.4254,14.1664],[78.41,14.2077],[78.4258,14.2793],[78.3321,14.2893],[78.246,14.3153],[78.2174,14.3427],[78.1513,14.3737],[77.9965,14.5011],[77.9875,14.5405],[78.0472,14.5386],[78.0785,14.5789],[78.0975,14.6254],[78.1277,14.6248],[78.1441,14.6843],[78.1172,14.6944],[78.0563,14.7768],[78.1169,14.8559],[78.0997,14.8728],[78.1189,14.9272],[78.1443,14.9453]]]},"properties":{"DISTRICT":"Anantapur","ST_NM":"Andhra Pradesh","ST_CEN_CD":28,"DT_CEN_CD":22,"censuscode":553}},
{"type":"Feature","geometry":{"type":"Polygon","coordinates":[[[75.631,34.2227],[75.4563,34.1688],[75.3498,34.1984],[75.3086,34.2251],[75.2564,34.1704],[75.1937,34.1901],[75.1626,34.1677],[75.1696,34.1135],[75.1489,34.0842],[75.1889,34.0443],[75.1913,33.9168],[75.055,33.8271],[75.1308,33.7202],[75.0875,33.6644],[75.0919,33.6373],[75.1609,33.6229],[75.1527,33.5786],[75.1925,33.5609],[75.238,33.4953],[75.3487,33.3929],[75.4171,33.3583],[75.4563,33.3515],[75.4999,33.399],[75.5737,33.5187],[75.5754,33.5458],[75.5458,33.6592],[75.481,33.8164],[75.4718,33.9045],[75.5057,33.9658],[75.5702,34.0239],[75.6107,34.0429],[75.6118,34.1328],[75.6644,34.1756],[75.6702,34.2044],[75.7074,34.2158],[75.6863,34.2317],[75.631,34.2227]]]},"properties":{"DISTRICT":"Anantnag","ST_NM":"Jammu & Kashmir","ST_CEN_CD":1,"DT_CEN_CD":14,"censuscode":14}},
{"type":"Feature","geometry":{"type":"Polygon","coordinates":[[[96.9003,27.6154],[96.9421,27.6586],[96.9907,27.6621],[97.0156,27.7318],[97.0674,27.7508],[97.1024,27.7845],[97.1603,27.8136],[97.2565,27.9005],[97.3087,27.9208],[97.3434,27.8847],[97.3785,27.9086],[97.3781,27.977],[97.3987,28.025],[97.3663,28.0592],[97.3121,28.0612],[97.3394,28.1109],[97.3313,28.1545],[97.3726,28.1919],[97.3753,28.2172],[97.2829,28.2682],[97.2421,28.2672],[97.2252,28.2921],[97.1704,28.2946],[97.1271,28.3489],[97.0938,28.3624],[97.0531,28.3509],[96.9977,28.3091],[96.9273,28.3381],[96.9001,28.3792],[96.828,28.3606],[96.776,28.3676],[96.7592,28.4091],[96.6665,28.4598],[96.6006,28.4604],[96.5122,28.4126],[96.4603,28.4136],[96.4013,28.3388],[96.373,28.3888],[96.3174,28.383],[96.3077,28.3736],[96.338,28.3275],[96.2986,28.2675],[96.3015,28.2362],[96.3391,28.1847],[96.3309,28.1307],[96.2766,28.0908],[96.2914,28.0614],[96.3746,27.9974],[96.4346,27.9136],[96.5139,27.9053],[96.5896,27.8529],[96.612,27.8593],[96.6383,27.8032],[96.6163,27.7735],[96.6435,27.7375],[96.6226,27.6983],[96.6524,27.6734],[96.7036,27.6601],[96.772,27.6157],[96.7863,27.6421],[96.9003,27.6154]]]},"properties":{"DISTRICT":"Anjaw","ST_NM":"Arunanchal Pradesh","ST_CEN_CD":12,"DT_CEN_CD":16,"censuscode":260}},
{"type":"Feature","geometry":{"type":"Polygon","coordinates":[[[85.395,21.1847],[85.3691,21.2407],[85.3133,21.2638],[85.2785,21.2928],[85.3294,21.324],[85.3438,21.3588],[85.3054,21.4139],[85.2754,21.427],[85.3339,21.4815],[85.3051,21.5669],[85.2684,21.6235],[85.2512,21.676],[85.1942,21.6631],[85.1915,21.624],[85.1505,21.594],[85.1912,21.5874],[85.2157,21.554],[85.2064,21.5204],[85.1575,21.4604],[85.0235,21.4556],[84.9959,21.4151],[85.0081,21.3831],[85.0078,21.2902],[84.9634,21.2986],[84.9039,21.2533],[84.9308,21.2317],[84.9502,21.1757],[84.9227,21.1421],[84.8807,21.1651],[84.8235,21.1726],[84.8005,21.1335],[84.7448,21.1706],[84.7256,21.1493],[84.6856,21.149],[84.6709,21.0864],[84.5718,21.0658],[84.5353,21.0886],[84.4852,21.0825],[84.4165,21.0016],[84.4074,20.979],[84.2829,20.9271],[84.2676,20.8893],[84.3517,20.8416],[84.3573,20.7815],[84.4265,20.7416],[84.4573,20.7434],[84.5358,20.6981],[84.5718,20.6873],[84.6377,20.6248],[84.7784,20.602],[84.7943,20.5812],[84.8516,20.5282],[84.8981,20.5803],[84.9897,20.5708],[85.0272,20.5874],[85.0775,20.5812],[85.0932,20.6108],[85.1296,20.6153],[85.137,20.6394],[85.1151,20.6818],[85.1538,20.7227],[85.199,20.7084],[85.2162,20.7491],[85.1993,20.7833],[85.2561,20.7986],[85.2578,20.8787],[85.2449,20.9599],[85.2568,20.9934],[85.168,21.0532],[85.1956,21.0805],[85.2335,21.0712],[85.2444,21.124],[85.269,21.1698],[85.321,21.1603],[85.3839,21.1697],[85.395,21.1847]]]},"properties":{"DISTRICT":"Anugul","ST_NM":"Odisha","ST_CEN_CD":21,"DT_CEN_CD":15,"censuscode":384}},
{"type":"Feature","geometry":{"type":"Polygon","coordinates":[[[81.203,23.2785],[81.1935,23.2895],[81.1791,23.3122],[81.1378,23.3199],[81.1392,23.2423],[81.1378,23.2351],[81.1249,23.2162],[81.1456,23.1779],[81.2564,23.0824],[81.2316,23.0578],[81.1887,22.9508],[81.2037,22.9093],[81.2572,22.8983],[81.3608,22.849],[81.4063,22.8505],[81.439,22.8207],[81.4762,22.759],[81.5971,22.7575],[81.6379,22.7816],[81.6923,22.7786],[81.6944,22.713],[81.7303,22.6759],[81.7734,22.6758],[81.754,22.7261],[81.7917,22.7662],[81.7683,22.8338],[81.7768,22.873],[81.8685,22.8935],[81.9213,22.9477],[81.9477,22.9566],[81.9447,23.0089],[81.9259,23.0403],[81.9456,23.0771],[82.0357,23.0811],[82.0689,23.1153],[82.1234,23.1032],[82.1586,23.1412],[82.1448,23.1643],[82.15,23.227],[82.197,23.2839],[82.1951,23.3214],[82.1454,23.3609],[82.1121,23.3623],[82.1061,23.3967],[82.0308,23.3827],[82.0308,23.4091],[81.9835,23.4145],[81.9812,23.4165],[81.9703,23.3706],[81.903,23.3351],[81.8724,23.2974],[81.8717,23.2388],[81.789,23.2592],[81.7581,23.2136],[81.7199,23.2032],[81.6021,23.1928],[81.5692,23.1489],[81.5524,23.0915],[81.5929,23.0713],[81.5763,23.0333],[81.5289,23.0517],[81.5201,23.0814],[81.4416,23.0569],[81.3911,23.0614],[81.3758,23.0838],[81.3184,23.1102],[81.3327,23.1472],[81.2573,23.2088],[81.2256,23.2354],[81.203,23.2785]]]},"properties":{"DISTRICT":"Anuppur","ST_NM":"Madhya Pradesh","ST_CEN_CD":23,"DT_CEN_CD":44,"censuscode":461}},
{"type":"Feature","geometry":{"type":"Polygon","coordinates":[[[87.6483,26.3929],[87.5867,26.3938],[87.5497,26.4186],[87.4785,26.4398],[87.3887,26.4187],[87.3412,26.3483],[87.2905,26.3744],[87.2656,26.4081],[87.1877,26.4141],[87.1575,26.4057],[87.0925,26.4521],[87.0724,26.5865],[87.0378,26.5613],[87.0614,26.538],[87.0477,26.4977],[87.0758,26.4072],[87.0462,26.3358],[87.0691,26.2959],[87.0666,26.2456],[87.1112,26.1796],[87.1022,26.1438],[87.0657,26.1037],[87.1016,26.0948],[87.0931,26.0552],[87.0599,25.986],[87.0818,25.9604],[87.1034,25.9688],[87.1769,25.9423],[87.2679,25.984],[87.3517,25.9806],[87.3962,25.9606],[87.4118,25.99],[87.4889,25.9736],[87.5606,25.9857],[87.6253,26.0262],[87.6161,26.0596],[87.6776,26.1109],[87.6859,26.1919],[87.656,26.2771],[87.6573,26.3056],[87.6057,26.3509],[87.6483,26.3929]]]},"properties":{"DISTRICT":"Araria","ST_NM":"Bihar","ST_CEN_CD":10,"DT_CEN_CD":7,"censuscode":209}},
{"type":"Feature","geometry":{"type":"Polygon","coordinates":[[[79.4348,11.3403],[79.395,11.3547],[79.3922,11.399],[79.37,11.4192],[79.2948,11.4121],[79.2593,11.3884],[79.258,11.3877],[79.1699,11.3775],[79.132,11.3329],[79.101,11.23],[79.0627,11.1401],[79.0697,11.1059],[79.009,11.0568],[79.0095,11.0073],[78.9844,10.9902],[78.9662,10.9483],[78.9999,10.9202],[79.0074,10.8894],[79.0571,10.8883],[79.0839,10.923],[79.1455,10.9385],[79.2217,10.9429],[79.275,10.9883],[79.4134,11.0797],[79.4614,11.1543],[79.5054,11.2032],[79.4962,11.248],[79.4978,11.2571],[79.4988,11.3036],[79.4369,11.34],[79.4348,11.3403]]]},"properties":{"DISTRICT":"Ariyalur","ST_NM":"Tamil Nadu","ST_CEN_CD":33,"DT_CEN_CD":15,"censuscode":616}},
{"type":"Feature","geometry":{"type":"Polygon","coordinates":[[[78.1716,24.8433],[78.1642,24.839],[78.1119,24.8352],[78.0489,24.8558],[78.0315,24.8374],[77.9697,24.8738],[78.0081,24.9612],[77.9057,24.9993],[77.8262,24.9995],[77.8222,24.9779],[77.7483,24.8668],[77.7062,24.852],[77.6206,24.9084],[77.5823,24.9608],[77.5437,24.9148],[77.5426,24.9052],[77.5443,24.9013],[77.5489,24.8959],[77.5789,24.885],[77.5629,24.871],[77.52,24.8265],[77.553,24.7221],[77.4894,24.6496],[77.4754,24.5934],[77.4916,24.5577],[77.49,24.4965],[77.4764,24.4327],[77.5076,24.406],[77.5914,24.3793],[77.638,24.4271],[77.6889,24.3892],[77.6251,24.3525],[77.649,24.3151],[77.7158,24.3023],[77.7868,24.3177],[77.8132,24.3084],[77.8798,24.3176],[77.888,24.2774],[77.9662,24.2479],[78.0144,24.2431],[78.0248,24.2808],[78.0724,24.2563],[78.0972,24.2611],[78.0927,24.3191],[78.2668,24.4493],[78.2303,24.5367],[78.2615,24.5476],[78.2761,24.6107],[78.2743,24.6648],[78.2326,24.7314],[78.2321,24.7717],[78.1932,24.8379],[78.1716,24.8433]]]},"properties":{"DISTRICT":"Ashoknagar","ST_NM":"Madhya Pradesh","ST_CEN_CD":23,"DT_CEN_CD":42,"censuscode":459}},
{"type":"Feature","geometry":{"type":"Polygon","coordinates":[[[79.7592,26.7833],[79.7262,26.8021],[79.6653,26.8652],[79.6613,26.8884],[79.6108,26.8921],[79.5605,26.8607],[79.4629,26.9028],[79.4387,26.941],[79.3939,26.9264],[79.3374,26.9383],[79.3395,26.8719],[79.3265,26.7886],[79.3393,26.7351],[79.2994,26.6929],[79.3159,26.6519],[79.2592,26.6189],[79.2324,26.5396],[79.2593,26.5356],[79.2885,26.4823],[79.2329,26.4276],[79.2927,26.4424],[79.3417,26.4014],[79.4363,26.4315],[79.4863,26.4197],[79.5037,26.3638],[79.5627,26.4095],[79.6008,26.4817],[79.6394,26.508],[79.6424,26.6062],[79.6746,26.6144],[79.7232,26.6655],[79.7167,26.7491],[79.7592,26.7833]]]},"properties":{"DISTRICT":"Auraiya","ST_NM":"Uttar Pradesh","ST_CEN_CD":9,"DT_CEN_CD":31,"censuscode":162}},
{"type":"Feature","geometry":{"type":"Polygon","coordinates":[[[84.3293,24.4893],[84.371,24.5101],[84.3932,24.5607],[84.446,24.5568],[84.4896,24.514],[84.5467,24.5274],[84.5971,24.5972],[84.6038,24.6563],[84.6459,24.6779],[84.6989,24.6809],[84.7229,24.7008],[84.7332,24.7952],[84.642,24.8667],[84.7051,24.9039],[84.7118,24.957],[84.7455,24.9867],[84.735,25.0454],[84.7386,25.0531],[84.7392,25.0571],[84.7406,25.0673],[84.6864,25.1033],[84.5133,25.1078],[84.496,25.0977],[84.4481,25.1285],[84.4255,25.0786],[84.3147,25.0162],[84.31,25.0021],[84.1716,24.8499],[84.0896,24.7704],[84,24.6371],[84.0545,24.6115],[84.1174,24.4808],[84.1805,24.5413],[84.2283,24.5497],[84.2661,24.5371],[84.3006,24.5654],[84.3293,24.4893]]]},"properties":{"DISTRICT":"Aurangabad","ST_NM":"Bihar","ST_CEN_CD":10,"DT_CEN_CD":33,"censuscode":235}},
{"type":"Feature","geometry":{"type":"Polygon","coordinates":[[[75.8895,20.5634],[75.8692,20.6236],[75.8434,20.6185],[75.8206,20.5617],[75.7587,20.6142],[75.7065,20.6153],[75.7059,20.6615],[75.6667,20.6699],[75.6623,20.6286],[75.5903,20.6027],[75.5589,20.6134],[75.5225,20.5904],[75.5262,20.5607],[75.4897,20.531],[75.451,20.5403],[75.3973,20.5241],[75.3913,20.5796],[75.3288,20.5922],[75.2855,20.5684],[75.2548,20.5701],[75.2396,20.5216],[75.1627,20.4751],[75.1615,20.4366],[75.1081,20.407],[75.1264,20.3573],[75.0483,20.3077],[75,20.3369],[74.9349,20.2697],[74.9239,20.1536],[74.8991,20.1768],[74.8561,20.1771],[74.8586,20.2271],[74.8164,20.2442],[74.7641,20.1828],[74.7234,20.1865],[74.7155,20.1351],[74.7383,20.0823],[74.6853,19.9892],[74.6733,19.9467],[74.6492,19.9098],[74.6481,19.8612],[74.6067,19.8496],[74.5978,19.773],[74.6361,19.7943],[74.6919,19.7685],[74.7201,19.7772],[74.7299,19.6992],[74.7875,19.7166],[74.7888,19.6495],[74.8248,19.6723],[74.853,19.6479],[74.8886,19.6563],[74.9701,19.6464],[75,19.6218],[75.0381,19.6241],[75.1301,19.592],[75.1945,19.5932],[75.2316,19.5399],[75.266,19.5293],[75.3414,19.4635],[75.3662,19.3974],[75.4079,19.4173],[75.4791,19.4211],[75.572,19.3796],[75.6099,19.3814],[75.6557,19.5545],[75.6519,19.5948],[75.6008,19.6022],[75.5909,19.6376],[75.6335,19.6554],[75.6363,19.7344],[75.6279,19.7759],[75.6526,19.8151],[75.6537,19.9105],[75.63,20.0006],[75.5935,20.0281],[75.5894,20.102],[75.6272,20.1054],[75.6487,20.1913],[75.6841,20.2043],[75.6761,20.2401],[75.7189,20.3318],[75.7558,20.3278],[75.7517,20.3734],[75.7655,20.4507],[75.831,20.4727],[75.8895,20.5634]]]},"properties":{"DISTRICT":"Aurangabad","ST_NM":"Maharashtra","ST_CEN_CD":27,"DT_CEN_CD":19,"censuscode":515}},
{"type":"Feature","geometry":{"type":"Polygon","coordinates":[[[83.135,26.3848],[83.115,26.3559],[83.1111,26.2844],[83.0487,26.2906],[83.0373,26.3225],[82.9686,26.3553],[82.9566,26.4032],[82.8848,26.383],[82.8971,26.3466],[82.8743,26.3111],[82.8866,26.2517],[82.8614,26.2083],[82.8604,26.167],[82.7803,26.1943],[82.7353,26.2475],[82.6804,26.2554],[82.6897,26.2118],[82.6823,26.1512],[82.6808,26.1066],[82.7216,26.042],[82.7278,25.9893],[82.7611,25.9313],[82.7755,25.8811],[82.7581,25.8369],[82.7867,25.8251],[82.825,25.7714],[82.8992,25.7727],[82.9459,25.7042],[82.9858,25.6793],[83.0044,25.7082],[83.0748,25.6828],[83.0672,25.6515],[83.1482,25.6532],[83.1852,25.6728],[83.2215,25.7594],[83.2687,25.7762],[83.286,25.7598],[83.3462,25.8141],[83.3132,25.8572],[83.3325,25.933],[83.3271,26.0224],[83.3813,26.042],[83.3848,26.0845],[83.4219,26.1392],[83.4099,26.1676],[83.4712,26.2582],[83.508,26.2771],[83.4408,26.2707],[83.3373,26.35],[83.2883,26.3583],[83.2312,26.3931],[83.1634,26.3966],[83.135,26.3848]]]},"properties":{"DISTRICT":"Azamgarh","ST_NM":"Uttar Pradesh","ST_CEN_CD":9,"DT_CEN_CD":60,"censuscode":191}},
{"type":"Feature","geometry":{"type":"Polygon","coordinates":[[[74.8232,34.049],[74.7872,34.0679],[74.71,34.0567],[74.635,34.0352],[74.5363,33.9912],[74.4134,33.8569],[74.3938,33.826],[74.4196,33.7688],[74.4526,33.7507],[74.5144,33.6628],[74.5554,33.6922],[74.6073,33.7312],[74.7803,33.804],[74.8447,33.8364],[74.9204,33.9171],[74.9294,33.9789],[74.8915,34.049],[74.8232,34.049]]]},"properties":{"DISTRICT":"Badgam","ST_NM":"Jammu & Kashmir","ST_CEN_CD":1,"DT_CEN_CD":2,"censuscode":2}},
{"type":"Feature","geometry":{"type":"Polygon","coordinates":[[[76.241,16.1653],[76.17,16.1839],[76.1415,16.1805],[76.0637,16.21],[76.0669,16.2588],[76.0137,16.3017],[75.9592,16.2975],[75.7823,16.3799],[75.7245,16.3904],[75.6434,16.4402],[75.6101,16.446],[75.5725,16.41],[75.5529,16.456],[75.4989,16.4516],[75.4934,16.4195],[75.45,16.4133],[75.4347,16.4374],[75.4602,16.4667],[75.4563,16.5056],[75.4866,16.509],[75.4902,16.5998],[75.4615,16.6215],[75.4393,16.697],[75.4844,16.6933],[75.4924,16.7452],[75.4276,16.7668],[75.3878,16.7619],[75.3636,16.7139],[75.2883,16.7116],[75.2637,16.6783],[75.2671,16.636],[75.1698,16.6011],[75.1583,16.5296],[75.1083,16.509],[75.0656,16.5401],[75.008,16.538],[74.993,16.5078],[74.9957,16.4581],[75.0279,16.4322],[75.0775,16.4357],[75.0728,16.403],[75.034,16.3864],[75.0337,16.3372],[75.1362,16.3225],[75.1266,16.2878],[75.2319,16.2596],[75.2387,16.2067],[75.2671,16.2088],[75.2912,16.1696],[75.276,16.1181],[75.4157,16.1088],[75.4305,16.0808],[75.4164,16.0518],[75.4397,16.0004],[75.4257,15.9211],[75.4555,15.8865],[75.5007,15.8697],[75.5397,15.8324],[75.6634,15.8366],[75.7455,15.8135],[75.7797,15.8174],[75.7783,15.8504],[75.8457,15.8377],[75.8246,15.9007],[75.8523,15.9354],[75.9033,15.9226],[75.945,15.865],[75.9776,15.8669],[75.9757,15.9817],[75.9944,16.0037],[76.0861,15.9924],[76.0601,15.9047],[76.118,15.8849],[76.1561,15.9114],[76.2284,15.9392],[76.2856,15.9013],[76.3282,15.9308],[76.3023,15.969],[76.3124,15.9974],[76.303,16.0726],[76.2461,16.1112],[76.241,16.1653]]]},"properties":{"DISTRICT":"Bagalkot","ST_NM":"Karnataka","ST_CEN_CD":29,"DT_CEN_CD":2,"censuscode":556}},
{"type":"Feature","geometry":{"type":"Polygon","coordinates":[[[79.8964,29.7015],[79.8562,29.768],[79.9071,29.7979],[79.9338,29.767],[79.9804,29.759],[80.0348,29.7844],[80.0126,29.8523],[80.0136,29.8848],[80.0574,29.9015],[80.1574,29.8989],[80.144,29.9403],[80.0978,29.9662],[80.072,30.0241],[80.0853,30.113],[80.106,30.1446],[80.1191,30.2241],[80.0882,30.2284],[80.0695,30.2787],[80.0295,30.3123],[79.9935,30.3143],[79.8732,30.268],[79.8409,30.2876],[79.7996,30.2826],[79.8204,30.2225],[79.7819,30.1781],[79.7656,30.1378],[79.788,30.0769],[79.8293,30.0552],[79.8143,30.0217],[79.7764,30.0026],[79.6648,30.0042],[79.6176,30.0192],[79.5438,29.9951],[79.4874,30.0236],[79.4702,29.9826],[79.506,29.9409],[79.4951,29.8885],[79.5708,29.8421],[79.6223,29.8419],[79.6475,29.8161],[79.6908,29.826],[79.7211,29.8068],[79.6891,29.7702],[79.7313,29.7288],[79.7484,29.6898],[79.8081,29.6875],[79.8293,29.7053],[79.8712,29.6846],[79.8964,29.7015]]]},"properties":{"DISTRICT":"Bageshwar","ST_NM":"Uttarakhand","ST_CEN_CD":5,"DT_CEN_CD":8,"censuscode":63}},
{"type":"Feature","geometry":{"type":"Polygon","coordinates":[[[77.5075,29.1901],[77.4107,29.2451],[77.3552,29.2393],[77.3095,29.261],[77.207,29.2742],[77.1533,29.2964],[77.1404,29.2677],[77.1432,29.1667],[77.1351,29.0963],[77.1732,29.0434],[77.2248,29.0007],[77.2015,28.9564],[77.2273,28.895],[77.1972,28.8615],[77.2276,28.83],[77.2874,28.8335],[77.3076,28.7912],[77.3635,28.8016],[77.4126,28.7818],[77.4128,28.7911],[77.409,28.875],[77.4616,28.9204],[77.4772,28.9605],[77.4596,29.0672],[77.4323,29.0861],[77.477,29.1831],[77.5075,29.1901]]]},"properties":{"DISTRICT":"Baghpat","ST_NM":"Uttar Pradesh","ST_CEN_CD":9,"DT_CEN_CD":8,"censuscode":139}},
{"type":"Feature","geometry":{"type":"Polygon","coordinates":[[[81.7495,27.9479],[81.7003,27.9888],[81.6329,28.0027],[81.4783,28.0841],[81.4842,28.114],[81.4292,28.171],[81.3306,28.1377],[81.3204,28.2018],[81.2404,28.2809],[81.2356,28.33],[81.2149,28.3579],[81.1102,28.3759],[81.0582,28.4038],[81.0376,28.3656],[81.0615,28.3428],[81.0375,28.2944],[81.0688,28.2353],[81.102,28.2148],[81.128,28.1687],[81.1874,28.1091],[81.1587,28.0678],[81.167,28.0447],[81.28,27.943],[81.3062,27.9047],[81.2791,27.884],[81.305,27.8137],[81.2953,27.7835],[81.3035,27.6812],[81.3196,27.6382],[81.3209,27.5018],[81.3511,27.4274],[81.4177,27.3602],[81.4123,27.3366],[81.444,27.3089],[81.4423,27.1708],[81.4482,27.1338],[81.5074,27.059],[81.5164,27.0828],[81.608,27.1414],[81.6325,27.1376],[81.6701,27.2387],[81.7052,27.2706],[81.6847,27.3197],[81.7315,27.33],[81.7134,27.4023],[81.6707,27.4379],[81.7082,27.4957],[81.7623,27.5224],[81.7675,27.5587],[81.6786,27.5838],[81.6844,27.6353],[81.6749,27.6847],[81.6907,27.7176],[81.649,27.7352],[81.6404,27.8163],[81.6258,27.848],[81.6689,27.8796],[81.6992,27.929],[81.7495,27.9479]]]},"properties":{"DISTRICT":"Bahraich","ST_NM":"Uttar Pradesh","ST_CEN_CD":9,"DT_CEN_CD":49,"censuscode":180}},
{"type":"Feature","geometry":{"type":"Polygon","coordinates":[[[91.7831,26.4937],[91.7849,26.4959],[91.7891,26.4994],[91.7867,26.5366],[91.7459,26.5899],[91.7459,26.6869],[91.7079,26.8109],[91.683,26.8038],[91.6276,26.8205],[91.5945,26.8039],[91.4821,26.791],[91.4124,26.8348],[91.3836,26.8008],[91.3403,26.779],[91.2665,26.8044],[91.134,26.8079],[91.0934,26.8179],[91.0583,26.7789],[90.9592,26.7834],[90.9166,26.7262],[90.8976,26.6697],[90.9032,26.6395],[90.8241,26.56],[90.832,26.5562],[90.8316,26.5407],[90.8551,26.5254],[90.8541,26.5232],[90.8573,26.5218],[90.8597,26.5206],[90.8621,26.5198],[90.8763,26.5252],[90.8669,26.544],[90.8688,26.5692],[90.906,26.5877],[90.939,26.5393],[91.0484,26.5592],[91.0984,26.518],[91.1477,26.5713],[91.1485,26.645],[91.1994,26.5988],[91.2393,26.6195],[91.2659,26.5763],[91.311,26.5736],[91.2926,26.5089],[91.2928,26.5045],[91.3299,26.4924],[91.3511,26.5188],[91.4048,26.5296],[91.4715,26.5793],[91.4986,26.5313],[91.5465,26.5763],[91.5642,26.575],[91.5708,26.5723],[91.5977,26.5365],[91.6415,26.513],[91.663,26.47],[91.7114,26.4608],[91.7478,26.4991],[91.7831,26.4937]]]},"properties":{"DISTRICT":"Baksa","ST_NM":"Assam","ST_CEN_CD":18,"DT_CEN_CD":25,"censuscode":324}},
{"type":"Feature","geometry":{"type":"Polygon","coordinates":[[[81.0476,22.2402],[81,22.2882],[80.9162,22.2782],[80.923,22.3354],[80.8824,22.3456],[80.8642,22.3772],[80.7957,22.3933],[80.7875,22.3128],[80.7057,22.2725],[80.7287,22.2209],[80.7112,22.2055],[80.6468,22.2266],[80.536,22.2406],[80.5068,22.2747],[80.4648,22.2791],[80.4473,22.2475],[80.3972,22.3054],[80.3415,22.2985],[80.3448,22.3285],[80.3023,22.3377],[80.2719,22.3099],[80.1003,22.3402],[80.0828,22.2985],[80.0971,22.2449],[80.0358,22.1863],[80.0452,22.1269],[80.0706,22.0813],[80.0051,22.0824],[79.9294,22.0618],[79.9241,21.9705],[79.8639,21.966],[79.8927,21.9285],[79.8008,21.8579],[79.7695,21.8066],[79.6924,21.7993],[79.6819,21.7446],[79.6577,21.7338],[79.6723,21.6934],[79.6012,21.7079],[79.6076,21.676],[79.5708,21.6339],[79.5411,21.6263],[79.5119,21.5894],[79.5427,21.5434],[79.6568,21.5581],[79.7389,21.6019],[79.7981,21.5808],[79.8634,21.5305],[79.9222,21.5241],[79.9336,21.5533],[79.9782,21.5547],[80,21.5344],[80.0327,21.5563],[80.0701,21.5543],[80.1251,21.6086],[80.1505,21.6047],[80.1948,21.6339],[80.2669,21.6199],[80.3021,21.5754],[80.3773,21.521],[80.3821,21.4912],[80.4181,21.4384],[80.3958,21.4076],[80.4061,21.3808],[80.4497,21.3741],[80.4551,21.4026],[80.5262,21.39],[80.6,21.3254],[80.6634,21.3314],[80.6911,21.3732],[80.7372,21.4725],[80.7376,21.5391],[80.7163,21.6042],[80.7286,21.6175],[80.7143,21.6717],[80.747,21.7566],[80.7897,21.7397],[80.8185,21.7641],[80.8447,21.8299],[80.8324,21.8866],[80.8404,21.9465],[80.8756,22.011],[80.886,22.0604],[80.9242,22.1206],[80.9576,22.1127],[80.9705,22.0582],[81.0063,22.0614],[81.0329,22.1974],[81.0476,22.2402]]]},"properties":{"DISTRICT":"Balaghat","ST_NM":"Madhya Pradesh","ST_CEN_CD":23,"DT_CEN_CD":40,"censuscode":457}},
{"type":"Feature","geometry":{"type":"Polygon","coordinates":[[[83.4593,21.0549],[83.4278,21.0317],[83.3946,21.0695],[83.3248,21.0554],[83.297,21.0154],[83.3351,20.9842],[83.3863,20.9932],[83.3834,20.9433],[83.4132,20.896],[83.3037,20.853],[83.2754,20.868],[83.2542,20.9193],[83.2206,20.9276],[83.1943,20.8985],[83.1325,20.8636],[82.9935,20.8492],[82.9689,20.8966],[82.9295,20.8878],[82.8911,20.9102],[82.8347,20.8644],[82.7487,20.773],[82.7376,20.7254],[82.7029,20.7257],[82.7432,20.623],[82.7158,20.5703],[82.7075,20.5002],[82.6867,20.4501],[82.7322,20.3842],[82.7649,20.3545],[82.8062,20.384],[82.8232,20.3218],[82.8144,20.2951],[82.8624,20.2703],[82.849,20.1963],[82.825,20.1655],[82.9113,20.1485],[82.9324,20.1793],[83.0134,20.1704],[83.091,20.1987],[83.1456,20.1702],[83.1837,20.1728],[83.2264,20.205],[83.2431,20.2604],[83.3004,20.3035],[83.3439,20.3168],[83.4123,20.3725],[83.4236,20.4033],[83.4878,20.454],[83.4909,20.4157],[83.5712,20.3882],[83.5753,20.3675],[83.6252,20.3507],[83.6301,20.3686],[83.6565,20.3702],[83.6489,20.3861],[83.6501,20.3883],[83.6526,20.3894],[83.6543,20.3904],[83.6605,20.4036],[83.6583,20.4131],[83.6633,20.4179],[83.6656,20.4202],[83.6663,20.4229],[83.666,20.423],[83.659,20.4257],[83.6581,20.4322],[83.6221,20.4494],[83.585,20.4861],[83.6064,20.5299],[83.5959,20.6036],[83.6225,20.6306],[83.6403,20.68],[83.6778,20.7422],[83.6362,20.7969],[83.5995,20.8011],[83.5756,20.8473],[83.5798,20.8735],[83.6209,20.9037],[83.6258,20.9855],[83.5753,20.9751],[83.5094,20.9829],[83.4507,21.0191],[83.4593,21.0549]]]},"properties":{"DISTRICT":"Balangir","ST_NM":"Odisha","ST_CEN_CD":21,"DT_CEN_CD":24,"censuscode":393}},
{"type":"Feature","geometry":{"type":"Polygon","coordinates":[[[87.4436,21.7692],[87.3779,21.7713],[87.3565,21.7906],[87.2851,21.804],[87.2493,21.8611],[87.2393,21.9002],[87.2566,21.9256],[87.2394,21.9589],[87.1652,21.967],[87.1645,21.9385],[87.0982,21.9125],[87.0993,21.865],[87.1786,21.8121],[87.1598,21.7681],[87.1129,21.7862],[87.1019,21.7509],[87.0543,21.6832],[87.0125,21.6478],[87,21.5944],[86.9518,21.5727],[86.9194,21.5804],[86.8908,21.6224],[86.8656,21.5968],[86.8128,21.6066],[86.6881,21.5939],[86.6515,21.5647],[86.6406,21.5337],[86.5854,21.5208],[86.5349,21.4277],[86.4279,21.3317],[86.3618,21.3002],[86.3713,21.2386],[86.4382,21.2206],[86.4637,21.1591],[86.5116,21.1372],[86.5623,21.1475],[86.5947,21.0957],[86.6464,21.0817],[86.6766,21.1676],[86.7471,21.18],[86.773,21.2241],[86.8051,21.2308],[86.8612,21.2089],[86.9473,21.352],[86.9866,21.3888],[87.041,21.4193],[87.1502,21.5079],[87.238,21.5375],[87.3954,21.5422],[87.4476,21.5872],[87.4902,21.6026],[87.472,21.6507],[87.4751,21.7121],[87.4472,21.734],[87.4436,21.7692]]]},"properties":{"DISTRICT":"Baleshwar","ST_NM":"Odisha","ST_CEN_CD":21,"DT_CEN_CD":8,"censuscode":377}},
{"type":"Feature","geometry":{"type":"Polygon","coordinates":[[[84.0579,26.0974],[83.9803,26.1161],[83.9577,26.1315],[83.8986,26.127],[83.8636,26.185],[83.8112,26.1907],[83.7845,26.1644],[83.8081,26.1349],[83.7954,26.1078],[83.6824,26.0709],[83.6894,26.0095],[83.7725,26.0018],[83.7985,25.9226],[83.7326,25.8563],[83.8194,25.7829],[83.8631,25.7928],[83.8837,25.763],[83.955,25.7475],[83.948,25.6755],[83.9329,25.6404],[83.946,25.5902],[83.9294,25.5598],[84.0227,25.6142],[84.0849,25.6357],[84.0781,25.6937],[84.1164,25.7217],[84.176,25.7199],[84.2255,25.6623],[84.327,25.6702],[84.334,25.7353],[84.3896,25.7325],[84.402,25.7272],[84.4102,25.6978],[84.4571,25.7128],[84.4748,25.6839],[84.5247,25.6761],[84.5669,25.6994],[84.5639,25.7348],[84.6038,25.7375],[84.6294,25.7908],[84.5553,25.8396],[84.5371,25.876],[84.4592,25.8884],[84.4168,25.9295],[84.36,25.9574],[84.3002,25.9463],[84.2105,25.9985],[84.1454,26.0448],[84.0998,26.0943],[84.0579,26.0974]]]},"properties":{"DISTRICT":"Ballia","ST_NM":"Uttar Pradesh","ST_CEN_CD":9,"DT_CEN_CD":62,"censuscode":193}},
{"type":"Feature","geometry":{"type":"Polygon","coordinates":[[[82.7406,27.5016],[82.755,27.5833],[82.7442,27.6316],[82.7161,27.6621],[82.7197,27.6884],[82.6907,27.7165],[82.6335,27.7113],[82.5655,27.6887],[82.4586,27.6762],[82.3877,27.714],[82.3491,27.7534],[82.2996,27.7753],[82.2093,27.8441],[82.2014,27.8067],[82.145,27.7669],[82.1298,27.7018],[82.0946,27.6704],[82.0782,27.6275],[82.0451,27.6137],[82.0359,27.5702],[82.061,27.498],[82.0561,27.4505],[82.0774,27.4106],[82.1163,27.3699],[82.2792,27.2752],[82.3148,27.2177],[82.2877,27.199],[82.2389,27.2229],[82.2173,27.1789],[82.2584,27.151],[82.3389,27.0538],[82.4118,27.0781],[82.4427,27.1288],[82.4797,27.1561],[82.4397,27.1734],[82.4839,27.2042],[82.5556,27.1827],[82.5533,27.2191],[82.5138,27.2176],[82.5122,27.2803],[82.4815,27.3208],[82.4935,27.3595],[82.5431,27.3722],[82.5571,27.3989],[82.5993,27.4215],[82.6693,27.4066],[82.7607,27.4318],[82.7215,27.471],[82.7406,27.5016]]]},"properties":{"DISTRICT":"Balrampur","ST_NM":"Uttar Pradesh","ST_CEN_CD":9,"DT_CEN_CD":51,"censuscode":182}},
{"type":"Feature","geometry":{"type":"Polygon","coordinates":[[[72.2685,24.6241],[72.2242,24.635],[72.1799,24.6117],[72.1447,24.6365],[72.0787,24.6553],[72.0792,24.6996],[72.0463,24.7085],[71.9877,24.6804],[71.9869,24.6596],[71.9278,24.6299],[71.9193,24.6651],[71.8643,24.6755],[71.8617,24.6267],[71.8046,24.6252],[71.8059,24.6643],[71.7774,24.6724],[71.654,24.6372],[71.609,24.6748],[71.5291,24.6833],[71.4803,24.6784],[71.3722,24.6263],[71.3482,24.659],[71.2889,24.6128],[71.3105,24.5906],[71.2941,24.5179],[71.3493,24.5177],[71.3436,24.4331],[71.3304,24.3953],[71.3824,24.3933],[71.3948,24.3516],[71.3059,24.3038],[71.3124,24.2297],[71.3359,24.1888],[71.279,24.1376],[71.3391,24.1303],[71.3163,24.0392],[71.2862,23.9984],[71.3161,23.9816],[71.4447,23.941],[71.4433,23.9829],[71.5875,23.9766],[71.6013,23.9434],[71.669,23.9705],[71.7167,23.9263],[71.7091,23.8817],[71.7533,23.8415],[71.8079,23.8547],[71.8581,23.8489],[71.8679,23.8705],[71.9723,23.8921],[71.9292,23.9529],[71.9307,24.0106],[71.9634,23.9934],[72.036,23.9825],[72.0196,24.0185],[72.0661,24.0206],[72.0979,24.0478],[72.1256,24.0402],[72.1644,24.0746],[72.1539,24.1144],[72.2165,24.1042],[72.2307,24.0653],[72.3541,24.025],[72.3658,23.971],[72.4271,23.9789],[72.4718,23.9602],[72.4783,23.9302],[72.5216,23.9401],[72.5658,23.9323],[72.587,23.9717],[72.6281,23.9906],[72.6228,24.0408],[72.7352,24.0842],[72.7921,24.0817],[72.8216,24.0353],[72.8652,24.0163],[72.9033,24.0222],[72.9484,24.0976],[72.9483,24.1277],[72.9804,24.1655],[73.0299,24.2806],[72.9686,24.3032],[72.9612,24.3512],[72.9196,24.3265],[72.8637,24.3662],[72.8107,24.3587],[72.7277,24.3619],[72.6886,24.4201],[72.6883,24.461],[72.6538,24.4573],[72.5834,24.4736],[72.537,24.5061],[72.4952,24.4516],[72.5046,24.4196],[72.4591,24.4085],[72.4311,24.462],[72.4427,24.4948],[72.3807,24.5021],[72.3524,24.5542],[72.2893,24.5403],[72.2452,24.5822],[72.271,24.6012],[72.3084,24.5873],[72.3347,24.6248],[72.2941,24.6181],[72.2685,24.6241]]]},"properties":{"DISTRICT":"Banas Kantha","ST_NM":"Gujarat","ST_CEN_CD":24,"DT_CEN_CD":2,"censuscode":469}},
{"type":"Feature","geometry":{"type":"Polygon","coordinates":[[[81.0222,25.5443],[81.0338,25.5922],[81.0196,25.6328],[80.9713,25.6085],[80.9479,25.6208],[80.9367,25.6872],[80.8628,25.6758],[80.8478,25.7197],[80.7674,25.6841],[80.72,25.6807],[80.6542,25.7018],[80.5913,25.7103],[80.5557,25.7346],[80.5764,25.783],[80.5233,25.7768],[80.4693,25.8101],[80.4817,25.8334],[80.5357,25.8352],[80.5564,25.8667],[80.4569,25.8986],[80.3894,25.9106],[80.3502,25.8987],[80.3526,25.8697],[80.3016,25.8433],[80.2623,25.8056],[80.2762,25.7678],[80.3051,25.7611],[80.3475,25.7166],[80.3041,25.6932],[80.3173,25.645],[80.2763,25.62],[80.2145,25.5542],[80.2232,25.5005],[80.1907,25.442],[80.1394,25.4563],[80.1211,25.4074],[80.1042,25.347],[80.1352,25.3361],[80.1971,25.4019],[80.2534,25.4004],[80.282,25.4205],[80.3173,25.3874],[80.3202,25.2778],[80.4098,25.2167],[80.4318,25.1699],[80.3949,25.1586],[80.3556,25.1258],[80.3531,25.0544],[80.2896,25.0558],[80.2749,25.026],[80.3221,24.9994],[80.3758,25.0213],[80.4022,25.0679],[80.4681,25.0656],[80.4336,25.0266],[80.4813,24.9763],[80.5138,25.0403],[80.5868,25.0842],[80.6028,25.1511],[80.6817,25.0502],[80.7226,25.0638],[80.6887,25.1306],[80.7203,25.1894],[80.7673,25.2054],[80.7515,25.2513],[80.7829,25.2621],[80.78,25.3298],[80.8312,25.347],[80.8644,25.3741],[80.8877,25.4199],[80.9307,25.4421],[80.9437,25.4693],[80.9879,25.4772],[81.0268,25.5038],[81.0222,25.5443]]]},"properties":{"DISTRICT":"Banda","ST_NM":"Uttar Pradesh","ST_CEN_CD":9,"DT_CEN_CD":39,"censuscode":170}},
{"type":"Feature","geometry":{"type":"Polygon","coordinates":[[[75.3924,34.5434],[75.3046,34.515],[75.2207,34.5037],[75.0835,34.5],[74.9878,34.5286],[74.9353,34.5856],[74.7883,34.6885],[74.6819,34.7702],[74.6035,34.8691],[74.5684,34.8041],[74.5879,34.7603],[74.5788,34.711],[74.531,34.6458],[74.5497,34.5494],[74.5216,34.5269],[74.5043,34.4791],[74.4169,34.4505],[74.3656,34.3544],[74.4263,34.3445],[74.5151,34.3999],[74.5306,34.3198],[74.5956,34.3158],[74.6485,34.3517],[74.7139,34.3467],[74.7529,34.3395],[74.8388,34.34],[74.8775,34.3507],[74.9532,34.4551],[75.0231,34.4391],[75.0606,34.4022],[75.1513,34.3608],[75.2005,34.3546],[75.2698,34.3672],[75.3582,34.352],[75.4336,34.3501],[75.3999,34.4227],[75.3924,34.5434]]]},"properties":{"DISTRICT":"Bandipore","ST_NM":"Jammu & Kashmir","ST_CEN_CD":1,"DT_CEN_CD":9,"censuscode":9}},
{"type":"Feature","geometry":{"type":"Polygon","coordinates":[[[77.387,13.5],[77.3505,13.4527],[77.3398,13.3296],[77.3086,13.3105],[77.2311,13.3107],[77.2233,13.2682],[77.1891,13.2716],[77.2047,13.1838],[77.2237,13.1486],[77.2706,13.1318],[77.3103,13.103],[77.3307,12.9727],[77.3802,12.9939],[77.4024,13.0705],[77.4049,13.1129],[77.4298,13.1635],[77.4618,13.1597],[77.4798,13.221],[77.5476,13.2314],[77.5989,13.1889],[77.6204,13.2048],[77.7293,13.1877],[77.7415,13.1218],[77.7859,13.0278],[77.7672,12.9377],[77.8236,12.9069],[77.8355,12.8681],[77.8688,12.8668],[77.8548,12.8923],[77.8756,12.9426],[77.8717,12.9763],[77.8973,13.0523],[77.9319,13.0734],[77.9027,13.099],[77.9576,13.1245],[77.9665,13.2434],[77.9257,13.2383],[77.8725,13.2323],[77.8112,13.2613],[77.8284,13.3258],[77.7545,13.3613],[77.6998,13.3351],[77.66,13.3552],[77.6633,13.3785],[77.5921,13.4208],[77.5556,13.4173],[77.5058,13.4564],[77.4458,13.4621],[77.387,13.5]]]},"properties":{"DISTRICT":"Bangalore Rural","ST_NM":"Karnataka","ST_CEN_CD":29,"DT_CEN_CD":29,"censuscode":583}},
{"type":"Feature","geometry":{"type":"Polygon","coordinates":[[[77.8355,12.8681],[77.8236,12.9069],[77.7672,12.9377],[77.7859,13.0278],[77.7415,13.1218],[77.7293,13.1877],[77.6204,13.2048],[77.5989,13.1889],[77.5476,13.2314],[77.4798,13.221],[77.4618,13.1597],[77.4298,13.1635],[77.4049,13.1129],[77.4024,13.0705],[77.3802,12.9939],[77.3307,12.9727],[77.3449,12.937],[77.3489,12.8675],[77.3783,12.8534],[77.413,12.8757],[77.4666,12.8088],[77.4777,12.7539],[77.6183,12.7056],[77.5989,12.6571],[77.6641,12.6831],[77.6777,12.6596],[77.7603,12.6963],[77.7683,12.7384],[77.8355,12.8681]]]},"properties":{"DISTRICT":"Bangalore","ST_NM":"Karnataka","ST_CEN_CD":29,"DT_CEN_CD":18,"censuscode":572}},
{"type":"Feature","geometry":{"type":"Polygon","coordinates":[[[87.1743,25.0493],[87.1244,25.0935],[87.0267,25.1068],[86.8866,25.1047],[86.81,25.1132],[86.6929,25.1126],[86.6556,25.0558],[86.6612,25.0163],[86.6435,24.9749],[86.6015,24.9488],[86.5033,24.9795],[86.488,24.9077],[86.5358,24.8634],[86.5272,24.788],[86.5575,24.7416],[86.5516,24.7134],[86.6136,24.6635],[86.6155,24.6082],[86.6745,24.5615],[86.7979,24.6162],[86.8147,24.5647],[86.8824,24.5683],[86.9171,24.5397],[86.904,24.5875],[86.942,24.6313],[86.9715,24.6328],[87.0161,24.6072],[87.0503,24.625],[87.0878,24.7254],[87.0833,24.8091],[87.112,24.8481],[87.1533,24.8631],[87.1597,24.9916],[87.1743,25.0493]]]},"properties":{"DISTRICT":"Banka","ST_NM":"Bihar","ST_CEN_CD":10,"DT_CEN_CD":23,"censuscode":225}},
{"type":"Feature","geometry":{"type":"Polygon","coordinates":[[[87.7141,23.0106],[87.7442,23.0311],[87.7642,23.0803],[87.749,23.1078],[87.6889,23.1312],[87.6504,23.198],[87.6563,23.2383],[87.6029,23.2582],[87.5609,23.3095],[87.501,23.3482],[87.4471,23.4054],[87.3888,23.4341],[87.2552,23.5159],[87.2143,23.5556],[87.1248,23.5758],[87.0176,23.6343],[86.9166,23.6294],[86.8995,23.64],[86.8875,23.6263],[86.8749,23.4972],[86.8493,23.4424],[86.8421,23.3823],[86.7839,23.3417],[86.7726,23.2906],[86.7748,23.2309],[86.7162,23.1215],[86.7451,23.0944],[86.7333,23.0255],[86.6924,22.9297],[86.7046,22.8721],[86.6201,22.8256],[86.6123,22.7989],[86.66,22.7875],[86.7893,22.711],[86.8467,22.6847],[86.9272,22.6266],[86.9509,22.6697],[87.0208,22.6676],[87.038,22.7192],[87.0876,22.7381],[87.0541,22.8238],[87.0627,22.8491],[87.1332,22.8453],[87.1679,22.881],[87.2865,22.911],[87.3208,22.9434],[87.3599,22.9525],[87.4261,22.9242],[87.4798,22.9127],[87.5248,22.9302],[87.618,22.8915],[87.6469,22.9222],[87.6457,22.9875],[87.7141,23.0106]]]},"properties":{"DISTRICT":"Bankura","ST_NM":"West Bengal","ST_CEN_CD":19,"DT_CEN_CD":13,"censuscode":339}},
{"type":"Feature","geometry":{"type":"Polygon","coordinates":[[[74.7734,23.5404],[74.7729,23.5887],[74.7216,23.6147],[74.6723,23.6656],[74.643,23.6405],[74.5987,23.6304],[74.5205,23.6372],[74.5325,23.673],[74.5282,23.7342],[74.5567,23.7425],[74.5515,23.8259],[74.5134,23.8443],[74.5262,23.8827],[74.4798,23.9241],[74.434,23.9061],[74.3841,23.9058],[74.3176,23.8569],[74.2387,23.8145],[74.1544,23.7867],[74.1214,23.7114],[74.1359,23.6918],[74.1184,23.6097],[74.0711,23.5989],[74.0323,23.5442],[74.0125,23.4411],[73.9595,23.3796],[74.0009,23.3343],[74.0207,23.331],[74.0458,23.2931],[74.1038,23.2921],[74.1334,23.2627],[74.1242,23.1768],[74.1803,23.1502],[74.205,23.1899],[74.2473,23.1763],[74.2857,23.1165],[74.28,23.0928],[74.3203,23.0605],[74.389,23.1097],[74.4652,23.0829],[74.5336,23.099],[74.5439,23.1296],[74.6065,23.1422],[74.6678,23.1988],[74.7143,23.192],[74.7398,23.2266],[74.6999,23.2694],[74.6307,23.2608],[74.6139,23.282],[74.547,23.2842],[74.5321,23.3205],[74.5444,23.3612],[74.571,23.3807],[74.5718,23.4166],[74.6122,23.4587],[74.7416,23.5166],[74.7734,23.5404]]]},"properties":{"DISTRICT":"Banswara","ST_NM":"Rajasthan","ST_CEN_CD":8,"DT_CEN_CD":27,"censuscode":125}},
{"type":"Feature","geometry":{"type":"Polygon","coordinates":[[[81.7192,26.9201],[81.7177,26.9203],[81.7261,26.9566],[81.6581,26.9622],[81.6546,27.0044],[81.6021,27.021],[81.5598,27.05],[81.5074,27.059],[81.4482,27.1338],[81.4423,27.1708],[81.444,27.3089],[81.4123,27.3366],[81.392,27.325],[81.377,27.2695],[81.3208,27.2734],[81.2971,27.3371],[81.2267,27.321],[81.2441,27.2839],[81.1836,27.2462],[81.1177,27.2746],[81.0773,27.228],[80.9659,27.2211],[80.9272,27.1898],[80.9293,27.159],[80.9788,27.1378],[81.0121,27.1405],[81.0519,27.0899],[81,27.075],[81,27],[81.0305,26.9853],[81.0433,26.9387],[81.0822,26.9089],[81.1023,26.8704],[81.094,26.8378],[81.157,26.8137],[81.1591,26.7755],[81.1886,26.7615],[81.219,26.7061],[81.1704,26.6481],[81.1839,26.6187],[81.166,26.5925],[81.1904,26.6045],[81.2826,26.5698],[81.3161,26.539],[81.3572,26.5459],[81.3833,26.5869],[81.4165,26.5644],[81.4619,26.5708],[81.4901,26.5387],[81.5421,26.521],[81.5752,26.6094],[81.5636,26.6283],[81.5607,26.6413],[81.549,26.6404],[81.5446,26.642],[81.5502,26.6648],[81.581,26.6824],[81.5848,26.7658],[81.6078,26.8089],[81.6157,26.869],[81.6368,26.8826],[81.7027,26.8804],[81.7184,26.9019],[81.7196,26.9103],[81.7192,26.9201]]]},"properties":{"DISTRICT":"Bara Banki","ST_NM":"Uttar Pradesh","ST_CEN_CD":9,"DT_CEN_CD":45,"censuscode":176}},
{"type":"Feature","geometry":{"type":"Polygon","coordinates":[[[83.7999,21.5662],[83.7272,21.6307],[83.7054,21.6886],[83.6564,21.72],[83.5599,21.7431],[83.5272,21.6727],[83.4902,21.6426],[83.4484,21.6522],[83.3879,21.6157],[83.3695,21.5755],[83.3493,21.4885],[83.3575,21.4472],[83.401,21.4028],[83.382,21.3434],[83.2772,21.3783],[83.2497,21.2798],[83.2214,21.2543],[83.2263,21.2272],[83.2,21.143],[83.1271,21.1046],[83.0479,21.1224],[82.9872,21.1608],[82.9096,21.1662],[82.8866,21.1523],[82.8473,21.1665],[82.7894,21.1442],[82.7648,21.1617],[82.6433,21.1524],[82.6392,21.0901],[82.6615,21.0765],[82.6938,21.0217],[82.7014,20.9403],[82.6863,20.8835],[82.6916,20.7727],[82.7029,20.7257],[82.7376,20.7254],[82.7487,20.773],[82.8347,20.8644],[82.8911,20.9102],[82.9295,20.8878],[82.9689,20.8966],[82.9935,20.8492],[83.1325,20.8636],[83.1943,20.8985],[83.2206,20.9276],[83.2542,20.9193],[83.2754,20.868],[83.3037,20.853],[83.4132,20.896],[83.3834,20.9433],[83.3863,20.9932],[83.3351,20.9842],[83.297,21.0154],[83.3248,21.0554],[83.3946,21.0695],[83.4278,21.0317],[83.4593,21.0549],[83.4932,21.0419],[83.5997,21.1106],[83.6138,21.129],[83.7181,21.1211],[83.7822,21.1545],[83.7997,21.116],[83.8518,21.1062],[83.8959,21.1781],[83.9134,21.246],[83.8716,21.3106],[83.8809,21.3901],[83.8497,21.416],[83.8868,21.4388],[83.8468,21.5273],[83.7999,21.5662]]]},"properties":{"DISTRICT":"Bargarh","ST_NM":"Odisha","ST_CEN_CD":21,"DT_CEN_CD":1,"censuscode":370}},
{"type":"Feature","geometry":{"type":"Polygon","coordinates":[[[74.7139,34.3467],[74.6485,34.3517],[74.5956,34.3158],[74.5306,34.3198],[74.5151,34.3999],[74.4263,34.3445],[74.3656,34.3544],[74.246,34.3338],[74.02,34.2853],[74.0394,34.2704],[74.1751,34.2375],[74.251,34.2271],[74.3149,34.2028],[74.3286,34.1454],[74.2913,34.0921],[74.3217,34.0214],[74.3201,33.9556],[74.4134,33.8569],[74.5363,33.9912],[74.635,34.0352],[74.71,34.0567],[74.7872,34.0679],[74.8232,34.049],[74.8135,34.0768],[74.7202,34.1484],[74.6657,34.3087],[74.7139,34.3467]]]},"properties":{"DISTRICT":"Baramula","ST_NM":"Jammu & Kashmir","ST_CEN_CD":1,"DT_CEN_CD":8,"censuscode":8}},
{"type":"Feature","geometry":{"type":"Polygon","coordinates":[[[76.859,25.3247],[76.7752,25.3073],[76.7083,25.3427],[76.6861,25.3406],[76.6413,25.3754],[76.6075,25.3841],[76.5792,25.4318],[76.5616,25.4139],[76.4493,25.3993],[76.441,25.3793],[76.3713,25.3885],[76.3312,25.3744],[76.2881,25.2465],[76.2539,25.2377],[76.2547,25.1888],[76.2348,25.1603],[76.218,25.0842],[76.2476,25.0408],[76.3242,24.9588],[76.3403,24.9836],[76.4215,24.9771],[76.4521,24.9225],[76.4866,24.9203],[76.5755,24.8582],[76.5569,24.804],[76.4904,24.8219],[76.4431,24.783],[76.4768,24.6693],[76.5313,24.6624],[76.5216,24.5899],[76.5382,24.5686],[76.537,24.514],[76.5786,24.4922],[76.5802,24.4643],[76.6359,24.4141],[76.6756,24.439],[76.7056,24.408],[76.7569,24.4484],[76.8005,24.4328],[76.8455,24.4382],[76.8557,24.4645],[76.8189,24.5298],[76.8504,24.5464],[76.9229,24.531],[76.9191,24.483],[76.9646,24.4556],[76.9971,24.4688],[77.055,24.5219],[77.069,24.5594],[77.0643,24.6377],[77.0241,24.7102],[76.9767,24.7269],[76.9681,24.7548],[76.9264,24.7441],[76.8496,24.7474],[76.8514,24.7653],[76.8069,24.8218],[76.8422,24.8363],[76.8998,24.8347],[76.9538,24.8681],[76.9295,24.9055],[76.8769,24.9498],[76.8742,25.0063],[76.906,25.0292],[76.9737,25.051],[76.9888,25.0726],[77.0825,25.0531],[77.1631,25.0833],[77.175,25.1087],[77.2678,25.1142],[77.3084,25.0789],[77.3924,25.1169],[77.3965,25.1831],[77.4122,25.2212],[77.3555,25.2667],[77.3807,25.3007],[77.3502,25.3828],[77.3673,25.4078],[77.3112,25.4313],[77.226,25.3683],[77.2237,25.3262],[77.1592,25.3082],[77.081,25.3346],[77.0296,25.2961],[76.9641,25.2922],[76.859,25.3247]]]},"properties":{"DISTRICT":"Baran","ST_NM":"Rajasthan","ST_CEN_CD":8,"DT_CEN_CD":30,"censuscode":128}},
{"type":"Feature","geometry":{"type":"Polygon","coordinates":[[[88.1977,23.7648],[88.1668,23.7529],[88.0942,23.751],[88.062,23.7205],[88.0372,23.7629],[88.0252,23.8245],[87.9735,23.8304],[87.9662,23.8033],[87.9372,23.7291],[87.9125,23.7149],[87.9158,23.6598],[87.9563,23.6241],[87.9084,23.5401],[87.8079,23.5597],[87.719,23.6176],[87.6689,23.6176],[87.5931,23.5955],[87.5178,23.6177],[87.5056,23.6003],[87.4458,23.615],[87.4137,23.6573],[87.4172,23.6843],[87.3613,23.7163],[87.2939,23.7228],[87.2658,23.7496],[87.2315,23.7401],[87.164,23.7465],[87.1202,23.7711],[87.0898,23.8071],[87.0398,23.8387],[86.9685,23.8666],[86.9487,23.8447],[86.9006,23.8817],[86.85,23.8236],[86.7985,23.8331],[86.8223,23.778],[86.8012,23.6954],[86.8502,23.6785],[86.8995,23.64],[86.9166,23.6294],[87.0176,23.6343],[87.1248,23.5758],[87.2143,23.5556],[87.2552,23.5159],[87.3888,23.4341],[87.4471,23.4054],[87.501,23.3482],[87.5609,23.3095],[87.6029,23.2582],[87.6563,23.2383],[87.6504,23.198],[87.6889,23.1312],[87.749,23.1078],[87.7642,23.0803],[87.7442,23.0311],[87.7141,23.0106],[87.7521,22.96],[87.7941,22.9411],[87.8931,22.9379],[88.0129,22.9627],[88.0524,22.9877],[88.0517,23.0389],[88.1203,23.0532],[88.1505,23.0773],[88.1708,23.1503],[88.1904,23.1621],[88.2562,23.1512],[88.2736,23.1304],[88.3483,23.1321],[88.3957,23.1967],[88.4198,23.2121],[88.3579,23.2376],[88.3652,23.254],[88.3308,23.3124],[88.3329,23.3661],[88.3596,23.3957],[88.3436,23.4237],[88.3657,23.4777],[88.3915,23.4967],[88.3618,23.543],[88.2963,23.5593],[88.2656,23.6157],[88.2182,23.605],[88.1569,23.6274],[88.1463,23.6851],[88.1958,23.7363],[88.1977,23.7648]]]},"properties":{"DISTRICT":"Barddhaman","ST_NM":"West Bengal","ST_CEN_CD":19,"DT_CEN_CD":9,"censuscode":335}},
{"type":"Feature","geometry":{"type":"Polygon","coordinates":[[[79.6425,28.8528],[79.5449,28.8842],[79.519,28.8572],[79.4229,28.8498],[79.4074,28.8793],[79.407,28.8371],[79.3852,28.794],[79.3881,28.7573],[79.3045,28.7188],[79.2859,28.6803],[79.239,28.6386],[79.2219,28.5725],[79.1833,28.557],[79.1404,28.4899],[79.0785,28.483],[79.0383,28.4381],[79.0001,28.4315],[79.0001,28.3848],[79.0509,28.3745],[79.1015,28.2766],[79.0952,28.247],[79.1177,28.2039],[79.1959,28.1749],[79.2145,28.1881],[79.2717,28.1642],[79.3144,28.1768],[79.3355,28.1544],[79.3875,28.1755],[79.4236,28.1687],[79.4989,28.1077],[79.4975,28.0205],[79.5287,28.0592],[79.5862,28.0907],[79.6301,28.0843],[79.638,28.1219],[79.6213,28.1491],[79.6658,28.2135],[79.6852,28.2631],[79.6783,28.3062],[79.7009,28.376],[79.7444,28.4659],[79.7473,28.5074],[79.6852,28.5285],[79.6755,28.5827],[79.5997,28.6159],[79.6294,28.709],[79.6726,28.7435],[79.6425,28.8528]]]},"properties":{"DISTRICT":"Bareilly","ST_NM":"Uttar Pradesh","ST_CEN_CD":9,"DT_CEN_CD":19,"censuscode":150}},
{"type":"Feature","geometry":{"type":"Polygon","coordinates":[[[72.0727,26.3494],[72.0244,26.3464],[71.9833,26.3224],[71.8948,26.3002],[71.8846,26.3408],[71.8424,26.3738],[71.8113,26.3323],[71.7572,26.3474],[71.7375,26.3756],[71.6757,26.3848],[71.6284,26.42],[71.6142,26.4823],[71.5777,26.5081],[71.5196,26.4883],[71.4905,26.4569],[71.4644,26.4979],[71.4169,26.4865],[71.3252,26.4255],[71.2887,26.4666],[71.2216,26.4465],[71.1888,26.4142],[71.19,26.3889],[71.1421,26.3121],[71.0773,26.3252],[71.0477,26.2844],[71.02,26.2835],[70.9539,26.2491],[70.9937,26.2215],[71.0513,26.1424],[70.9442,26.0793],[70.8771,26.1282],[70.7517,26.1493],[70.7133,26.1678],[70.7162,26.2122],[70.6484,26.1986],[70.5668,26.2026],[70.5025,26.1767],[70.4312,26.1812],[70.4103,26.2005],[70.3666,26.1482],[70.2541,26.1612],[70.2243,26.1228],[70.192,26.1531],[70.1361,26.1533],[70.0864,26.0879],[70.0993,25.9355],[70.1688,25.8305],[70.2354,25.7769],[70.2761,25.7093],[70.3907,25.6736],[70.5243,25.6853],[70.5936,25.7121],[70.658,25.7058],[70.6731,25.6692],[70.6678,25.5322],[70.6793,25.5265],[70.6653,25.3976],[70.7355,25.3288],[70.7502,25.2828],[70.8855,25.1512],[70.9165,25.0016],[70.9363,24.9413],[71.0261,24.8051],[71.0635,24.7181],[71.0978,24.6866],[71.188,24.6485],[71.2095,24.699],[71.2629,24.7483],[71.2544,24.7955],[71.3045,24.8218],[71.3303,24.8507],[71.3409,24.9342],[71.4744,24.9988],[71.5166,25.0075],[71.5563,24.9846],[71.5843,25.0229],[71.6284,25.0344],[71.6795,24.9872],[71.7271,25.0319],[71.7368,25.0692],[71.7926,25.0843],[71.8379,25.1483],[71.8495,25.2071],[71.8808,25.2249],[71.8887,25.262],[71.9346,25.2843],[71.95,25.3213],[71.9207,25.3449],[72.0003,25.4452],[72.0334,25.4761],[72.0889,25.4653],[72.1041,25.4244],[72.1604,25.4342],[72.2163,25.406],[72.2706,25.4112],[72.3169,25.3873],[72.3327,25.4337],[72.3562,25.4536],[72.4114,25.4361],[72.463,25.4544],[72.5116,25.506],[72.5619,25.5313],[72.5488,25.5609],[72.5859,25.602],[72.7204,25.609],[72.6864,25.6698],[72.7217,25.6893],[72.7552,25.7414],[72.7242,25.7555],[72.7566,25.8088],[72.7777,25.8015],[72.8486,25.8418],[72.8343,25.863],[72.8061,25.8529],[72.7007,25.9337],[72.6187,25.978],[72.6177,26.0066],[72.6845,26.0295],[72.6787,26.0718],[72.6942,26.1059],[72.6882,26.1862],[72.6336,26.2282],[72.5961,26.2799],[72.5519,26.2644],[72.4916,26.2993],[72.427,26.2864],[72.4094,26.239],[72.3743,26.2254],[72.3404,26.2444],[72.3084,26.2167],[72.255,26.2104],[72.1595,26.281],[72.1531,26.3082],[72.0976,26.319],[72.0727,26.3494]]]},"properties":{"DISTRICT":"Barmer","ST_NM":"Rajasthan","ST_CEN_CD":8,"DT_CEN_CD":17,"censuscode":115}},
{"type":"Feature","geometry":{"type":"Polygon","coordinates":[[[75.6558,30.6353],[75.6551,30.6345],[75.6132,30.622],[75.5509,30.6333],[75.54,30.5939],[75.4652,30.6039],[75.408,30.5824],[75.4214,30.5509],[75.3642,30.5145],[75.3147,30.5346],[75.2928,30.5097],[75.2577,30.465],[75.3013,30.4237],[75.3219,30.3328],[75.3467,30.3038],[75.3783,30.2347],[75.3723,30.2005],[75.4276,30.1867],[75.4643,30.1964],[75.5005,30.15],[75.5662,30.148],[75.5788,30.1435],[75.5605,30.1986],[75.6473,30.2381],[75.6827,30.2373],[75.7264,30.2789],[75.6633,30.3013],[75.6536,30.332],[75.6682,30.3778],[75.667,30.4479],[75.6826,30.5107],[75.6568,30.5437],[75.6855,30.6085],[75.6651,30.6132],[75.6678,30.6226],[75.6623,30.6308],[75.6558,30.6353]]]},"properties":{"DISTRICT":"Barnala","ST_NM":"Punjab","ST_CEN_CD":3,"DT_CEN_CD":20,"censuscode":54}},
{"type":"Feature","geometry":{"type":"Polygon","coordinates":[[[91.2926,26.5089],[91.311,26.5736],[91.2659,26.5763],[91.2393,26.6195],[91.1994,26.5988],[91.1485,26.645],[91.1477,26.5713],[91.0984,26.518],[91.0484,26.5592],[90.939,26.5393],[90.906,26.5877],[90.8688,26.5692],[90.8669,26.544],[90.8763,26.5252],[90.8621,26.5198],[90.8597,26.5206],[90.8573,26.5218],[90.8541,26.5232],[90.8534,26.5215],[90.8204,26.4763],[90.8636,26.3754],[90.8269,26.3665],[90.793,26.3279],[90.723,26.2836],[90.7056,26.2557],[90.656,26.2414],[90.6951,26.153],[90.7253,26.1346],[90.7804,26.1342],[90.8718,26.0975],[90.9391,26.0938],[91.0052,26.1294],[91.0517,26.1283],[91.0939,26.1638],[91.1192,26.1534],[91.2368,26.1822],[91.2222,26.2158],[91.2806,26.3544],[91.2376,26.3921],[91.2414,26.455],[91.2692,26.4871],[91.29,26.5024],[91.2907,26.507],[91.2921,26.5083],[91.2926,26.5084],[91.2926,26.5089]]]},"properties":{"DISTRICT":"Barpeta","ST_NM":"Assam","ST_CEN_CD":18,"DT_CEN_CD":4,"censuscode":303}},
{"type":"Feature","geometry":{"type":"Polygon","coordinates":[[[75.6189,21.3909],[75.5835,21.475],[75.5024,21.488],[75.4663,21.5165],[75.4622,21.5431],[75.5008,21.6175],[75.471,21.6252],[75.4404,21.6758],[75.3402,21.6665],[75.3067,21.6403],[75.2637,21.6839],[75.2207,21.6951],[75.2092,21.7294],[75.2642,21.7453],[75.2761,21.7991],[75.3099,21.8389],[75.2795,21.887],[75.2918,21.9228],[75.3333,21.9096],[75.3586,21.9863],[75.3998,21.9902],[75.4202,22.0276],[75.3968,22.0913],[75.3191,22.1337],[75.231,22.1206],[75.1988,22.1047],[75.0169,22.0858],[74.9046,22.0822],[74.8299,22.06],[74.7891,22.0783],[74.6067,22.024],[74.5608,22.022],[74.5352,22.0487],[74.5029,22.0444],[74.4322,22.029],[74.4483,21.9655],[74.4901,21.9525],[74.5243,21.9068],[74.5002,21.8053],[74.5145,21.7599],[74.5088,21.7222],[74.5452,21.7181],[74.5865,21.6627],[74.6685,21.6477],[74.7114,21.6243],[74.7721,21.6135],[74.8216,21.6082],[74.8586,21.6299],[75.0557,21.5628],[75.1047,21.4675],[75.1279,21.4471],[75.2057,21.4137],[75.3017,21.393],[75.3832,21.3834],[75.4674,21.392],[75.5473,21.3702],[75.6189,21.3909]]]},"properties":{"DISTRICT":"Barwani","ST_NM":"Madhya Pradesh","ST_CEN_CD":23,"DT_CEN_CD":24,"censuscode":441}},
{"type":"Feature","geometry":{"type":"Polygon","coordinates":[[[81.356,19.3251],[81.3577,19.3234],[81.3538,19.2254],[81.4502,19.1894],[81.5017,19.204],[81.4933,19.0841],[81.5233,19.0159],[81.4705,19.0044],[81.4789,18.9424],[81.5552,18.9111],[81.5488,18.8873],[81.6052,18.8514],[81.6198,18.8193],[81.6621,18.7982],[81.6831,18.8217],[81.7565,18.8112],[81.7734,18.7564],[81.8489,18.737],[81.943,18.7682],[81.9435,18.73],[81.9691,18.6927],[82.0929,18.7393],[82.0994,18.763],[82.1536,18.7801],[82.1598,18.7906],[82.1692,18.7978],[82.1642,18.8067],[82.173,18.837],[82.1788,18.8982],[82.2476,18.9171],[82.2304,19.0276],[82.202,19.0666],[82.2165,19.0848],[82.1761,19.14],[82.1867,19.165],[82.1813,19.1904],[82.1636,19.2026],[82.169,19.2144],[82.1596,19.2714],[82.1881,19.338],[82.1742,19.3717],[82.1913,19.4181],[82.1782,19.4351],[82.1271,19.4295],[82.1047,19.4665],[82.0998,19.5152],[82.0301,19.5071],[82.0539,19.5439],[82.0426,19.5884],[82.0591,19.6295],[82.0452,19.7088],[82.0648,19.7583],[82.0598,19.7961],[81.9878,19.8005],[81.968,19.8593],[81.866,19.9039],[81.8449,19.9543],[81.8813,20.0503],[81.8532,20.105],[81.848,20.1634],[81.8169,20.1691],[81.7543,20.1628],[81.6798,20.1293],[81.617,20.1584],[81.5893,20.1936],[81.4482,20.1456],[81.4213,20.1552],[81.4019,20.1137],[81.3895,20.0459],[81.3602,20.0448],[81.2933,20.0167],[81.3306,19.9352],[81.4009,19.883],[81.3921,19.8343],[81.3936,19.8328],[81.3944,19.8326],[81.3723,19.8026],[81.3787,19.7251],[81.4283,19.7179],[81.4471,19.6772],[81.4828,19.6608],[81.4622,19.62],[81.4598,19.5691],[81.4324,19.4753],[81.4743,19.4711],[81.4689,19.3752],[81.39,19.3614],[81.356,19.3251]]]},"properties":{"DISTRICT":"Bastar","ST_NM":"Chhattisgarh","ST_CEN_CD":22,"DT_CEN_CD":15,"censuscode":414}},
{"type":"Feature","geometry":{"type":"Polygon","coordinates":[[[82.9048,27.0211],[82.7987,27.074],[82.7591,27.105],[82.708,27.104],[82.6796,27.1225],[82.6306,27.1242],[82.6227,27.0991],[82.5644,27.0997],[82.5675,27.0754],[82.5587,27.0572],[82.5907,27.0017],[82.5635,26.9651],[82.5202,26.9522],[82.4872,26.9051],[82.3988,26.9467],[82.3598,26.9313],[82.3292,26.9556],[82.2437,26.9345],[82.2502,26.8944],[82.2327,26.8682],[82.225,26.8073],[82.2412,26.7479],[82.3181,26.7228],[82.3824,26.6577],[82.4139,26.6454],[82.4785,26.6523],[82.5795,26.6041],[82.665,26.6046],[82.7136,26.5551],[82.8144,26.5743],[82.8819,26.5401],[82.8836,26.5706],[82.9474,26.6774],[82.9727,26.6832],[82.9796,26.7314],[82.8935,26.7892],[82.8399,26.8419],[82.8681,26.8875],[82.8485,26.9106],[82.8661,26.9393],[82.9152,26.9587],[82.9048,27.0211]]]},"properties":{"DISTRICT":"Basti","ST_NM":"Uttar Pradesh","ST_CEN_CD":9,"DT_CEN_CD":54,"censuscode":185}},
{"type":"Feature","geometry":{"type":"Polygon","coordinates":[[[75.2928,30.5097],[75.2669,30.5191],[75.1873,30.5064],[75.1746,30.5626],[75.1402,30.5789],[75.1095,30.5202],[75.0083,30.4881],[75.0332,30.4568],[75.0241,30.4262],[75.0537,30.4051],[75.0423,30.3773],[74.973,30.3952],[74.9321,30.3682],[74.8747,30.3895],[74.8223,30.3931],[74.7864,30.3392],[74.7257,30.3079],[74.7522,30.2858],[74.7229,30.2578],[74.7049,30.1603],[74.6583,30.1633],[74.632,30.1273],[74.6835,30.1019],[74.7172,30.0143],[74.7073,29.9704],[74.7339,29.961],[74.8113,29.9916],[74.8597,29.958],[74.9342,29.9402],[74.9532,29.9012],[74.9999,29.8549],[75.0476,29.8802],[75.0756,29.8774],[75.1123,29.8007],[75.1887,29.835],[75.2157,29.8573],[75.185,29.8833],[75.1841,29.9684],[75.2346,29.9568],[75.2793,30.0002],[75.2539,30.0361],[75.2608,30.0989],[75.3459,30.1297],[75.3723,30.2005],[75.3783,30.2347],[75.3467,30.3038],[75.3219,30.3328],[75.3013,30.4237],[75.2577,30.465],[75.2928,30.5097]]]},"properties":{"DISTRICT":"Bathinda","ST_NM":"Punjab","ST_CEN_CD":3,"DT_CEN_CD":12,"censuscode":46}},
{"type":"Feature","geometry":{"type":"Polygon","coordinates":[[[84.2676,20.8893],[84.2179,20.9017],[84.1129,20.8456],[84.0385,20.8272],[83.9913,20.8421],[83.9348,20.8388],[83.9048,20.819],[83.8519,20.8233],[83.7882,20.8025],[83.7634,20.775],[83.7594,20.7155],[83.7187,20.6402],[83.7315,20.6062],[83.6891,20.5606],[83.6064,20.5299],[83.585,20.4861],[83.6221,20.4494],[83.6581,20.4322],[83.659,20.4257],[83.666,20.423],[83.6702,20.4247],[83.6753,20.4287],[83.6802,20.4291],[83.6859,20.4196],[83.6899,20.4164],[83.6955,20.4161],[83.7098,20.4248],[83.7155,20.4303],[83.7222,20.4347],[83.7293,20.4331],[83.7359,20.4257],[83.7464,20.4222],[83.7512,20.4241],[83.7506,20.4284],[83.755,20.4279],[83.7606,20.4251],[83.7702,20.4144],[83.7789,20.412],[83.7827,20.4134],[83.8097,20.4322],[83.8064,20.511],[83.8427,20.5444],[83.8584,20.5722],[83.8727,20.579],[83.8806,20.58],[83.8946,20.5801],[83.9116,20.5784],[83.9148,20.5802],[83.9129,20.5872],[83.9156,20.5991],[83.9202,20.606],[83.9182,20.6095],[83.9175,20.6137],[83.9171,20.6163],[83.9199,20.6167],[83.9284,20.6075],[83.938,20.6033],[83.9343,20.5892],[83.9432,20.5825],[83.9498,20.581],[83.9725,20.5863],[83.9788,20.5848],[83.9856,20.5814],[83.9961,20.5723],[84.007,20.5696],[84.0137,20.5706],[84.0162,20.5709],[84.0326,20.5796],[84.0364,20.5852],[84.0446,20.5905],[84.056,20.5955],[84.0745,20.5981],[84.0848,20.5918],[84.0969,20.5978],[84.104,20.5992],[84.1182,20.5879],[84.1345,20.5898],[84.1457,20.584],[84.1476,20.5845],[84.1531,20.5893],[84.1547,20.5934],[84.1686,20.6014],[84.1784,20.6046],[84.1889,20.5908],[84.2101,20.5905],[84.2215,20.5872],[84.2302,20.5901],[84.2359,20.5951],[84.2561,20.6051],[84.2784,20.6744],[84.295,20.6887],[84.3036,20.6928],[84.3191,20.6944],[84.3342,20.6891],[84.3427,20.6746],[84.3601,20.6689],[84.3857,20.6022],[84.3979,20.5273],[84.4655,20.4417],[84.4606,20.4024],[84.5129,20.3981],[84.6222,20.4343],[84.6639,20.4255],[84.6924,20.4422],[84.6998,20.4988],[84.7446,20.5405],[84.7771,20.5359],[84.7943,20.5812],[84.7784,20.602],[84.6377,20.6248],[84.5718,20.6873],[84.5358,20.6981],[84.4573,20.7434],[84.4265,20.7416],[84.3573,20.7815],[84.3517,20.8416],[84.2676,20.8893]]]},"properties":{"DISTRICT":"Bauda","ST_NM":"Odisha","ST_CEN_CD":21,"DT_CEN_CD":22,"censuscode":391}},
{"type":"Feature","geometry":{"type":"Polygon","coordinates":[[[86.293,25.6397],[86.194,25.6626],[86.1822,25.7119],[86.1517,25.7652],[86.1136,25.7762],[86.0863,25.7272],[86.0184,25.7057],[86.0124,25.6734],[86.0264,25.6032],[85.9701,25.6201],[85.9461,25.6527],[85.9072,25.6419],[85.8426,25.645],[85.8305,25.6152],[85.8433,25.5762],[85.7755,25.5881],[85.7359,25.5267],[85.805,25.5469],[85.8386,25.5184],[85.8861,25.5019],[85.8727,25.4413],[85.9672,25.4042],[86.0645,25.3341],[86.1339,25.2744],[86.2058,25.2502],[86.2987,25.2973],[86.315,25.3346],[86.3666,25.356],[86.4383,25.4016],[86.4772,25.399],[86.5095,25.4285],[86.451,25.4524],[86.4236,25.4979],[86.3646,25.5009],[86.2959,25.5266],[86.2809,25.597],[86.293,25.6397]]]},"properties":{"DISTRICT":"Begusarai","ST_NM":"Bihar","ST_CEN_CD":10,"DT_CEN_CD":20,"censuscode":222}},
{"type":"Feature","geometry":{"type":"Polygon","coordinates":[[[75.3429,16.9541],[75.282,16.9551],[75.2801,16.8759],[75.2382,16.8646],[75.2272,16.8426],[75.1802,16.8437],[75.1687,16.8664],[75.0913,16.9227],[75,16.9473],[74.9489,16.908],[74.9447,16.8816],[74.9079,16.8575],[74.9118,16.7873],[74.846,16.7619],[74.7744,16.7502],[74.7318,16.7174],[74.6933,16.7168],[74.6911,16.6766],[74.6554,16.6392],[74.6894,16.6168],[74.5686,16.5536],[74.5443,16.5938],[74.5459,16.6348],[74.4897,16.6293],[74.4665,16.6064],[74.3973,16.5803],[74.3791,16.529],[74.3256,16.5553],[74.2699,16.5222],[74.2881,16.476],[74.3324,16.4538],[74.3362,16.4022],[74.3172,16.3554],[74.3423,16.2933],[74.3738,16.2953],[74.4165,16.2593],[74.4783,16.2486],[74.5027,16.2248],[74.4834,16.0893],[74.4286,16.1126],[74.3648,16.0615],[74.3839,16.0371],[74.4346,16.059],[74.4622,16.0487],[74.4293,15.9532],[74.3638,15.8778],[74.3813,15.8492],[74.3694,15.7989],[74.3447,15.7655],[74.2857,15.7415],[74.2372,15.7465],[74.2105,15.7809],[74.1901,15.7523],[74.1606,15.7514],[74.1276,15.7243],[74.1188,15.6525],[74.2486,15.6564],[74.2609,15.6193],[74.2477,15.5681],[74.2773,15.5217],[74.3403,15.5188],[74.3755,15.482],[74.4206,15.462],[74.4233,15.4168],[74.4798,15.3959],[74.5345,15.4192],[74.5676,15.4034],[74.6143,15.3587],[74.6992,15.4099],[74.7426,15.4115],[74.7449,15.4614],[74.7769,15.4596],[74.8135,15.5032],[74.7979,15.5459],[74.8405,15.5743],[74.8421,15.6068],[74.8903,15.6298],[74.9638,15.6253],[74.9674,15.6514],[75.0984,15.6267],[75.107,15.6717],[75.2031,15.6499],[75.2026,15.6817],[75.2788,15.689],[75.314,15.7312],[75.3039,15.8108],[75.3653,15.8047],[75.3775,15.843],[75.4277,15.8424],[75.4555,15.8865],[75.4257,15.9211],[75.4397,16.0004],[75.4164,16.0518],[75.4305,16.0808],[75.4157,16.1088],[75.276,16.1181],[75.2912,16.1696],[75.2671,16.2088],[75.2387,16.2067],[75.2319,16.2596],[75.1266,16.2878],[75.1362,16.3225],[75.0337,16.3372],[75.034,16.3864],[75.0728,16.403],[75.0775,16.4357],[75.0279,16.4322],[74.9957,16.4581],[74.993,16.5078],[75.008,16.538],[75.0656,16.5401],[75.1083,16.509],[75.1583,16.5296],[75.1698,16.6011],[75.2671,16.636],[75.2637,16.6783],[75.2883,16.7116],[75.3636,16.7139],[75.3878,16.7619],[75.3779,16.8083],[75.3946,16.8605],[75.3346,16.8681],[75.3429,16.9541]]]},"properties":{"DISTRICT":"Belgaum","ST_NM":"Karnataka","ST_CEN_CD":29,"DT_CEN_CD":1,"censuscode":555}},
{"type":"Feature","geometry":{"type":"Polygon","coordinates":[[[77.1576,15.1371],[77.1693,15.1739],[77.1461,15.2234],[77.1526,15.2909],[77.12,15.295],[77.1142,15.3324],[77.0735,15.3246],[77.0423,15.3638],[77.0315,15.4401],[76.9743,15.4957],[77.0307,15.5048],[77.0311,15.634],[77.0855,15.6576],[77.08,15.6955],[77.051,15.7296],[77.0678,15.8276],[77.0282,15.8339],[76.9277,15.7348],[76.9186,15.6998],[76.8735,15.6646],[76.8341,15.6157],[76.8357,15.5612],[76.814,15.5466],[76.813,15.5147],[76.7811,15.4929],[76.703,15.4852],[76.6695,15.4503],[76.6119,15.4415],[76.5918,15.4124],[76.4909,15.3424],[76.363,15.3254],[76.3341,15.2629],[76.3108,15.2605],[76.2487,15.1913],[76.1879,15.235],[76.1102,15.1915],[76.1016,15.1666],[76.0284,15.1433],[75.9784,15.153],[75.9505,15.1371],[75.9053,15.1314],[75.8855,15.097],[75.9073,15.0584],[75.8676,15.0335],[75.8406,15.041],[75.786,14.9998],[75.7435,14.9442],[75.702,14.948],[75.6846,14.9299],[75.6972,14.892],[75.6659,14.8083],[75.7571,14.7383],[75.7728,14.7927],[75.8007,14.7692],[75.837,14.8059],[75.8038,14.8741],[75.828,14.8978],[75.8874,14.8695],[75.9719,14.9072],[75.9974,14.8981],[76.0524,14.9181],[76.0805,14.8997],[76.0746,14.8683],[76.1277,14.8696],[76.1907,14.8469],[76.145,14.8096],[76.2027,14.7506],[76.187,14.7007],[76.2315,14.6488],[76.2496,14.694],[76.3237,14.6923],[76.3447,14.6664],[76.3774,14.6637],[76.3945,14.6278],[76.4326,14.619],[76.4251,14.5813],[76.5083,14.5638],[76.5376,14.5657],[76.6003,14.6217],[76.6119,14.6867],[76.6525,14.7263],[76.6505,14.7567],[76.7023,14.8158],[76.7144,14.8622],[76.6787,14.892],[76.7179,14.9725],[76.6923,14.9782],[76.6731,15.0189],[76.734,15.033],[76.7608,14.988],[76.7884,15.0217],[76.7763,15.0701],[76.8008,15.0957],[76.8646,15.0618],[76.8808,15.0338],[76.9178,15.0362],[76.9712,15.0185],[77.0052,15.0349],[77.0515,15.0346],[77.0836,15.0055],[77.1144,15.0341],[77.1324,15.0991],[77.1576,15.1371]]]},"properties":{"DISTRICT":"Bellary","ST_NM":"Karnataka","ST_CEN_CD":29,"DT_CEN_CD":11,"censuscode":565}},
{"type":"Feature","geometry":{"type":"Polygon","coordinates":[[[78.3415,21.5887],[78.3986,21.6463],[78.4296,21.7182],[78.4585,21.7179],[78.4696,21.8152],[78.5259,21.8367],[78.5467,21.867],[78.52,21.9296],[78.4735,21.9582],[78.4166,21.9512],[78.3872,21.9638],[78.4022,22.0051],[78.3472,22.0547],[78.3425,22.1107],[78.2797,22.0892],[78.2642,22.1923],[78.2665,22.2669],[78.252,22.3268],[78.2831,22.3523],[78.2732,22.4021],[78.1856,22.3969],[78.0361,22.3298],[77.9883,22.3174],[77.9361,22.327],[77.8793,22.2805],[77.8566,22.2953],[77.8616,22.3458],[77.8377,22.3568],[77.7951,22.3287],[77.7428,22.3183],[77.6802,22.322],[77.638,22.3099],[77.6148,22.3314],[77.5442,22.3549],[77.5004,22.3075],[77.5006,22.2801],[77.4537,22.2494],[77.4433,22.219],[77.3855,22.2264],[77.3564,22.249],[77.3626,22.2182],[77.4162,22.1748],[77.4665,22.1672],[77.4546,22.0854],[77.5028,22.0765],[77.4983,22.0335],[77.4017,22.0262],[77.3949,21.9966],[77.323,21.9686],[77.2758,21.9641],[77.2496,21.9162],[77.219,21.9052],[77.1898,21.862],[77.1626,21.8494],[77.1705,21.8079],[77.1412,21.7829],[77.0793,21.7696],[77.0648,21.7125],[77.1239,21.7228],[77.2104,21.6916],[77.2611,21.7134],[77.2802,21.7573],[77.4045,21.7537],[77.4533,21.761],[77.5004,21.7468],[77.5621,21.6664],[77.5758,21.5855],[77.6107,21.5406],[77.5705,21.5276],[77.5078,21.5525],[77.4268,21.5404],[77.4416,21.4708],[77.4726,21.4548],[77.4904,21.3757],[77.5139,21.3748],[77.5306,21.419],[77.5624,21.3962],[77.6495,21.3914],[77.6737,21.371],[77.7973,21.3889],[77.8032,21.4104],[77.9031,21.3766],[77.9844,21.401],[78.068,21.4371],[78.1738,21.4967],[78.1854,21.5568],[78.22,21.5519],[78.3234,21.5738],[78.3415,21.5887]]]},"properties":{"DISTRICT":"Betul","ST_NM":"Madhya Pradesh","ST_CEN_CD":23,"DT_CEN_CD":30,"censuscode":447}},
{"type":"Feature","geometry":{"type":"Polygon","coordinates":[[[86.8612,21.2089],[86.8051,21.2308],[86.773,21.2241],[86.7471,21.18],[86.6766,21.1676],[86.6464,21.0817],[86.5947,21.0957],[86.5623,21.1475],[86.5116,21.1372],[86.4637,21.1591],[86.4382,21.2206],[86.3713,21.2386],[86.3404,21.1796],[86.2931,21.1757],[86.2759,21.1505],[86.3155,21.0566],[86.29,21.0185],[86.2824,20.9064],[86.313,20.8959],[86.3586,20.8531],[86.3936,20.8652],[86.4578,20.8451],[86.5175,20.8713],[86.5969,20.8571],[86.6255,20.7967],[86.6522,20.7983],[86.7124,20.7742],[86.7534,20.7727],[86.7691,20.7351],[86.798,20.7385],[86.8231,20.7693],[86.8718,20.7936],[86.9742,20.7931],[86.9792,20.86],[86.8752,21.0437],[86.8432,21.1569],[86.8612,21.2089]]]},"properties":{"DISTRICT":"Bhadrak","ST_NM":"Odisha","ST_CEN_CD":21,"DT_CEN_CD":9,"censuscode":378}},
{"type":"Feature","geometry":{"type":"Polygon","coordinates":[[[87.2317,25.4515],[87.1725,25.4499],[87.111,25.4334],[87.0853,25.4552],[87.1025,25.5145],[87.0735,25.4694],[86.9522,25.4751],[86.912,25.4917],[86.8804,25.4626],[86.8244,25.4439],[86.8215,25.4168],[86.8601,25.3676],[86.7313,25.254],[86.678,25.2399],[86.6495,25.2182],[86.6795,25.1922],[86.7356,25.1842],[86.68,25.1302],[86.6929,25.1126],[86.81,25.1132],[86.8866,25.1047],[87.0267,25.1068],[87.1244,25.0935],[87.1743,25.0493],[87.2174,25.0901],[87.2648,25.1052],[87.2971,25.0898],[87.3296,25.2235],[87.3745,25.2074],[87.3978,25.228],[87.4781,25.1952],[87.4786,25.2414],[87.5016,25.2658],[87.4875,25.2956],[87.5445,25.2967],[87.5534,25.3314],[87.5436,25.3306],[87.4894,25.3669],[87.4567,25.3594],[87.4103,25.3901],[87.3402,25.4154],[87.2956,25.3986],[87.2776,25.3697],[87.2221,25.3902],[87.2317,25.4515]]]},"properties":{"DISTRICT":"Bhagalpur","ST_NM":"Bihar","ST_CEN_CD":10,"DT_CEN_CD":22,"censuscode":224}},
{"type":"Feature","geometry":{"type":"Polygon","coordinates":[[[79.9222,21.5241],[79.8634,21.5305],[79.7981,21.5808],[79.7389,21.6019],[79.6568,21.5581],[79.5427,21.5434],[79.4858,21.502],[79.4505,21.4349],[79.4833,21.4273],[79.5756,21.2833],[79.5519,21.1573],[79.5105,21.1627],[79.5137,21.1213],[79.6126,21.0384],[79.6596,20.9694],[79.6441,20.9165],[79.6166,20.9025],[79.5604,20.8029],[79.5356,20.7728],[79.5355,20.74],[79.509,20.7039],[79.6132,20.6912],[79.6231,20.673],[79.6935,20.6687],[79.7526,20.6858],[79.7893,20.7174],[79.8029,20.6842],[79.8791,20.6846],[79.933,20.6665],[79.9645,20.6899],[79.9344,20.7119],[79.9257,20.7655],[79.8704,20.7804],[79.8653,20.8761],[79.9094,20.8866],[79.9478,20.9261],[79.953,21.0131],[79.9972,21.0214],[80.0476,21.0031],[80.087,21.0482],[80.0724,21.1189],[80.0837,21.1434],[80.0498,21.2102],[79.9716,21.2281],[79.9419,21.2522],[79.9056,21.2405],[79.8484,21.2451],[79.826,21.2703],[79.8025,21.3794],[79.883,21.4244],[79.9239,21.4819],[79.9222,21.5241]]]},"properties":{"DISTRICT":"Bhandara","ST_NM":"Maharashtra","ST_CEN_CD":27,"DT_CEN_CD":10,"censuscode":506}},
{"type":"Feature","geometry":{"type":"Polygon","coordinates":[[[77.2846,27.801],[77.2433,27.7803],[77.1584,27.8069],[77.156,27.7812],[77.1098,27.78],[77.0469,27.8146],[77.0316,27.7818],[77.0405,27.743],[77.0029,27.7367],[76.9788,27.6518],[76.9837,27.6138],[76.9364,27.6124],[76.9454,27.5798],[76.9869,27.5354],[77.0019,27.5656],[77.0487,27.5483],[77.026,27.4963],[77.0553,27.4754],[77.0059,27.4485],[76.9247,27.4904],[76.923,27.4588],[76.96,27.4275],[77.0079,27.4141],[77.0457,27.377],[77.0766,27.3888],[77.1408,27.3463],[77.1946,27.3549],[77.2027,27.3257],[77.1498,27.3134],[77.1235,27.2522],[77.0462,27.2169],[77.0965,27.1715],[76.9649,27.1461],[76.9957,27.1071],[76.9748,27.0745],[77.0096,27.0274],[77.0176,26.9284],[77.0634,26.8886],[77.0781,26.8592],[77.0998,26.8616],[77.2287,26.794],[77.2591,26.8185],[77.2942,26.7795],[77.3583,26.795],[77.349,26.7115],[77.3841,26.7069],[77.4559,26.7411],[77.4362,26.7802],[77.4469,26.8135],[77.4252,26.8372],[77.4903,26.8981],[77.5877,26.9252],[77.6503,26.9616],[77.7,26.9733],[77.7117,26.9946],[77.6651,27.017],[77.6069,27.0231],[77.567,27.0431],[77.5738,27.0723],[77.5526,27.1099],[77.6055,27.1233],[77.6231,27.1691],[77.6629,27.1698],[77.6475,27.2414],[77.6001,27.2948],[77.5057,27.3757],[77.4403,27.3935],[77.4236,27.4197],[77.4381,27.4564],[77.4021,27.4763],[77.3847,27.513],[77.3488,27.5192],[77.3344,27.5913],[77.3198,27.6061],[77.351,27.6474],[77.3427,27.7023],[77.3194,27.7313],[77.313,27.7824],[77.2846,27.801]]]},"properties":{"DISTRICT":"Bharatpur","ST_NM":"Rajasthan","ST_CEN_CD":8,"DT_CEN_CD":7,"censuscode":105}},
{"type":"Feature","geometry":{"type":"Polygon","coordinates":[[[72.6579,21.4707],[72.6868,21.4468],[72.7388,21.47],[72.7866,21.4234],[72.8138,21.4197],[72.8543,21.4499],[72.9099,21.4297],[72.9426,21.5106],[73.0394,21.5242],[73.121,21.4819],[73.1451,21.4958],[73.2142,21.502],[73.2552,21.493],[73.4512,21.5226],[73.4511,21.5691],[73.4843,21.61],[73.4757,21.6551],[73.489,21.7029],[73.4668,21.7188],[73.4111,21.7096],[73.4088,21.7467],[73.3678,21.8005],[73.3117,21.8261],[73.3001,21.8895],[73.2676,21.9298],[73.2268,21.9161],[73.2521,21.8624],[73.2104,21.8198],[73.1234,21.8761],[73.0632,21.8808],[73.0692,21.9226],[73.0319,21.9959],[72.9808,22.0473],[72.9357,22.0391],[72.9073,22.0665],[72.8683,22.1557],[72.8869,22.173],[72.8648,22.2257],[72.7999,22.2388],[72.7576,22.174],[72.6996,22.1846],[72.6585,22.2126],[72.6137,22.2174],[72.5688,22.1876],[72.5474,22.1499],[72.5074,21.9943],[72.5024,21.9351],[72.5166,21.8795],[72.5821,21.8864],[72.5859,21.9193],[72.6287,21.9091],[72.6117,21.8609],[72.5521,21.7924],[72.5404,21.7357],[72.5179,21.706],[72.5474,21.6585],[72.5974,21.6807],[72.7112,21.6785],[72.6726,21.6279],[72.6282,21.6168],[72.6079,21.583],[72.6307,21.539],[72.674,21.5204],[72.6579,21.4707]]]},"properties":{"DISTRICT":"Bharuch","ST_NM":"Gujarat","ST_CEN_CD":24,"DT_CEN_CD":21,"censuscode":488}},
{"type":"Feature","geometry":{"type":"MultiPolygon","coordinates":[[[[71.6073,22.3382],[71.5952,22.3501],[71.5297,22.3432],[71.4956,22.3079],[71.4394,22.289],[71.4334,22.261],[71.4576,22.2304],[71.4301,22.2106],[71.4788,22.1843],[71.4697,22.137],[71.5004,22.111],[71.5043,22.0531],[71.4542,22.0303],[71.4595,22.0063],[71.3922,21.9781],[71.3978,21.9539],[71.445,21.9488],[71.4641,21.924],[71.428,21.8753],[71.4524,21.8654],[71.4685,21.7987],[71.4914,21.8018],[71.5629,21.7394],[71.5969,21.7261],[71.5777,21.632],[71.5517,21.6154],[71.5372,21.5529],[71.4994,21.5429],[71.4781,21.4833],[71.5311,21.4419],[71.5992,21.4426],[71.6301,21.3866],[71.6287,21.3363],[71.5688,21.2867],[71.5323,21.2868],[71.5205,21.1739],[71.5502,21.1705],[71.6248,21.1076],[71.6399,21.0317],[71.6791,20.9974],[71.7207,21.0218],[71.7607,21.0201],[71.7968,21.0579],[71.8885,21.1015],[71.9521,21.1185],[72.0479,21.1607],[72.1154,21.2021],[72.0821,21.2457],[72.1212,21.3249],[72.2354,21.4571],[72.2685,21.5721],[72.3057,21.6274],[72.2596,21.7235],[72.2563,21.8901],[72.221,21.9563],[72.2274,21.9885],[72.1721,21.9952],[72.1248,22.0575],[72.0771,22.0608],[72.0602,22.1053],[71.9813,22.1048],[71.9062,22.1248],[71.8972,22.1032],[71.8506,22.0954],[71.8407,22.131],[71.7582,22.1331],[71.734,22.182],[71.7084,22.1829],[71.6563,22.2162],[71.6494,22.247],[71.6175,22.279],[71.6073,22.3382]]],[[[72.2954,22.0271],[72.2601,21.9729],[72.2799,21.9674],[72.2954,22.0271]]]]},"properties":{"DISTRICT":"Bhavnagar","ST_NM":"Gujarat","ST_CEN_CD":24,"DT_CEN_CD":14,"censuscode":481}},
{"type":"Feature","geometry":{"type":"Polygon","coordinates":[[[75.3191,25.7638],[75.2611,25.6977],[75.2161,25.6873],[75.1489,25.7197],[75.1089,25.6934],[75.0724,25.7328],[75.0539,25.7758],[75.0102,25.8073],[75.0377,25.8286],[75.0167,25.856],[74.9453,25.8618],[74.9046,25.8808],[74.8019,25.8703],[74.7242,25.9166],[74.6184,25.9037],[74.5196,25.9122],[74.4533,25.932],[74.4354,25.9243],[74.3889,25.9623],[74.3281,25.9299],[74.3455,25.9026],[74.2676,25.8714],[74.2583,25.8675],[74.2247,25.8435],[74.1968,25.8537],[74.1836,25.8483],[74.2069,25.7741],[74.1959,25.7393],[74.0983,25.716],[74.094,25.6733],[74.1173,25.6362],[74.1051,25.5917],[74.0665,25.5801],[74.0984,25.515],[74.0448,25.4989],[74.0222,25.4325],[74.0321,25.385],[74.0269,25.2721],[74.0501,25.2363],[74.123,25.2418],[74.0799,25.149],[74.1648,25.1274],[74.1888,25.0601],[74.2166,25.0483],[74.2595,25.0651],[74.3486,25.1392],[74.415,25.2025],[74.4588,25.1672],[74.4968,25.2065],[74.5144,25.1815],[74.5536,25.1766],[74.5646,25.1334],[74.6134,25.1429],[74.6585,25.1826],[74.7495,25.1871],[74.7768,25.2061],[74.7954,25.1539],[74.8366,25.146],[74.8687,25.1775],[74.9292,25.1269],[74.9742,25.1048],[75.0349,25.1262],[75.205,25.0894],[75.1966,25.034],[75.3129,25.0423],[75.3531,25.021],[75.4528,25.0257],[75.4555,25.0497],[75.4083,25.1041],[75.4466,25.1404],[75.4565,25.2421],[75.4405,25.2753],[75.3446,25.3228],[75.3272,25.3599],[75.2648,25.4178],[75.3075,25.4196],[75.3736,25.5023],[75.3605,25.5343],[75.4352,25.6209],[75.4235,25.686],[75.4644,25.7184],[75.391,25.759],[75.3191,25.7638]]]},"properties":{"DISTRICT":"Bhilwara","ST_NM":"Rajasthan","ST_CEN_CD":8,"DT_CEN_CD":24,"censuscode":122}},
{"type":"Feature","geometry":{"type":"Polygon","coordinates":[[[78.7794,26.7584],[78.7498,26.7867],[78.686,26.7866],[78.6676,26.7634],[78.6105,26.7503],[78.5436,26.7658],[78.5378,26.7336],[78.502,26.6723],[78.4627,26.6714],[78.4301,26.6091],[78.3712,26.5885],[78.3514,26.56],[78.2684,26.5352],[78.2154,26.5288],[78.2563,26.443],[78.2895,26.4386],[78.2869,26.3904],[78.2643,26.3377],[78.332,26.347],[78.4204,26.3299],[78.4158,26.2967],[78.462,26.2568],[78.4944,26.2643],[78.5193,26.2277],[78.5657,26.192],[78.6127,26.1994],[78.6292,26.1568],[78.6945,26.1651],[78.6979,26.2148],[78.7421,26.2263],[78.7924,26.2887],[78.8246,26.2601],[78.7923,26.2257],[78.8157,26.2036],[78.8054,26.1633],[78.8243,26.1258],[78.8151,26.0718],[78.7748,26.0155],[78.7832,25.9647],[78.8406,25.9424],[78.8843,25.9102],[78.9354,25.9501],[78.9524,26.0315],[79.0113,26.0763],[78.9525,26.132],[79.0089,26.1495],[79.0106,26.1912],[79.0489,26.2237],[79.0663,26.2782],[79.1064,26.3091],[79.1251,26.348],[79.0892,26.3999],[79.1258,26.4115],[79.1353,26.4392],[79.0556,26.4558],[79.0695,26.4976],[79.0066,26.5452],[78.9908,26.5885],[79.0143,26.6047],[78.9926,26.68],[78.9127,26.7076],[78.8736,26.6989],[78.8201,26.7597],[78.7794,26.7584]]]},"properties":{"DISTRICT":"Bhind","ST_NM":"Madhya Pradesh","ST_CEN_CD":23,"DT_CEN_CD":3,"censuscode":420}},
{"type":"Feature","geometry":{"type":"Polygon","coordinates":[[[76.2199,28.9809],[76.0441,29.0502],[75.9869,29.0777],[75.9635,29.0403],[75.9228,29.026],[75.8931,28.9769],[75.8583,28.9619],[75.8318,28.913],[75.7965,28.927],[75.7684,28.9009],[75.6804,28.9129],[75.6253,28.977],[75.5249,28.979],[75.5064,28.9383],[75.4777,28.9348],[75.4972,28.8951],[75.4967,28.8564],[75.522,28.8333],[75.5071,28.7844],[75.5395,28.7295],[75.548,28.6454],[75.5641,28.6111],[75.6177,28.6023],[75.6374,28.5424],[75.6723,28.5172],[75.7866,28.4537],[75.8109,28.4103],[75.8975,28.3896],[75.8976,28.3896],[75.9042,28.3995],[75.9,28.4174],[75.9061,28.4295],[75.9999,28.4401],[76.028,28.3901],[76.0788,28.3943],[76.1171,28.4508],[76.1871,28.4435],[76.1956,28.4418],[76.1965,28.4416],[76.2204,28.4672],[76.2592,28.4362],[76.2751,28.4481],[76.2774,28.4481],[76.2916,28.4485],[76.2916,28.449],[76.2903,28.4949],[76.3303,28.5014],[76.3437,28.602],[76.4012,28.5886],[76.4663,28.6042],[76.4524,28.6539],[76.4091,28.6662],[76.4072,28.6821],[76.407,28.6822],[76.4059,28.6812],[76.3805,28.7091],[76.4058,28.7515],[76.3326,28.8055],[76.3599,28.8657],[76.3002,28.9046],[76.2371,28.9013],[76.2199,28.9809]]]},"properties":{"DISTRICT":"Bhiwani","ST_NM":"Haryana","ST_CEN_CD":6,"DT_CEN_CD":13,"censuscode":81}},
{"type":"Feature","geometry":{"type":"Polygon","coordinates":[[[84.2755,25.3595],[84.2789,25.3535],[84.3364,25.2976],[84.3212,25.2154],[84.3581,25.192],[84.4079,25.1933],[84.4657,25.1613],[84.5315,25.2092],[84.6277,25.2352],[84.676,25.2991],[84.7051,25.3154],[84.7782,25.447],[84.756,25.4909],[84.7709,25.5372],[84.819,25.575],[84.8349,25.6573],[84.8538,25.6954],[84.7801,25.6896],[84.7476,25.7077],[84.6312,25.7056],[84.6038,25.7375],[84.5639,25.7348],[84.5669,25.6994],[84.5247,25.6761],[84.4748,25.6839],[84.4571,25.7128],[84.4102,25.6978],[84.402,25.7272],[84.3896,25.7325],[84.3757,25.7172],[84.3642,25.6994],[84.3621,25.684],[84.329,25.6555],[84.352,25.608],[84.336,25.5822],[84.3319,25.5171],[84.3631,25.4721],[84.3494,25.4328],[84.3234,25.4319],[84.2946,25.3895],[84.2847,25.3623],[84.2755,25.3595]]]},"properties":{"DISTRICT":"Bhojpur","ST_NM":"Bihar","ST_CEN_CD":10,"DT_CEN_CD":29,"censuscode":231}},
{"type":"Feature","geometry":{"type":"Polygon","coordinates":[[[77.3186,23.8938],[77.2276,23.8959],[77.2221,23.8205],[77.17,23.6866],[77.225,23.633],[77.276,23.6105],[77.2992,23.5143],[77.287,23.45],[77.2983,23.4316],[77.2309,23.3568],[77.1899,23.3598],[77.1825,23.3106],[77.221,23.2989],[77.2146,23.2556],[77.1902,23.2425],[77.2412,23.1944],[77.286,23.104],[77.3834,23.0894],[77.5061,23.1062],[77.5679,23.1446],[77.5987,23.2446],[77.593,23.3058],[77.6256,23.3291],[77.5833,23.3533],[77.5503,23.3913],[77.5589,23.4238],[77.4923,23.4272],[77.522,23.5176],[77.5088,23.5729],[77.5602,23.601],[77.5799,23.6527],[77.632,23.6621],[77.6507,23.6984],[77.6046,23.7305],[77.5742,23.7686],[77.5502,23.7577],[77.5074,23.7773],[77.4711,23.7605],[77.4176,23.8047],[77.3748,23.884],[77.3186,23.8938]]]},"properties":{"DISTRICT":"Bhopal","ST_NM":"Madhya Pradesh","ST_CEN_CD":23,"DT_CEN_CD":27,"censuscode":444}},
{"type":"Feature","geometry":{"type":"Polygon","coordinates":[[[75.6099,19.3814],[75.572,19.3796],[75.4791,19.4211],[75.4872,19.3823],[75.5355,19.3749],[75.5193,19.3297],[75.5417,19.3085],[75.5174,19.2765],[75.4641,19.2522],[75.4455,19.217],[75.4053,19.1989],[75.4489,19.17],[75.4537,19.1257],[75.4873,19.1036],[75.4102,19.0786],[75.3082,19.0933],[75.2874,19.0321],[75.3471,19.0229],[75.3393,18.9885],[75.2733,18.9924],[75.2636,19.0697],[75.2402,19.0616],[75.2185,19.111],[75.1902,19.0927],[75.2088,19.0338],[75.0757,19.0531],[75.0971,19.0794],[75.0608,19.0989],[74.9806,19.1111],[74.9425,19.1263],[74.9218,19.088],[74.9164,19.0399],[74.9524,19.0329],[74.9607,18.9961],[74.9172,18.9601],[74.8783,18.983],[74.8429,18.9683],[74.8285,18.9383],[74.8978,18.8789],[74.9234,18.8284],[74.9671,18.8247],[75.0737,18.7177],[75.159,18.6499],[75.1742,18.7359],[75.2144,18.7375],[75.2543,18.7208],[75.3273,18.7982],[75.3866,18.7723],[75.3984,18.8308],[75.4637,18.753],[75.5041,18.7232],[75.5874,18.6971],[75.6212,18.6613],[75.6664,18.65],[75.6728,18.6904],[75.7828,18.662],[75.8254,18.6706],[75.8628,18.6499],[75.9161,18.6503],[75.9939,18.6201],[76.0517,18.5747],[76.0987,18.5878],[76.2543,18.5768],[76.2769,18.557],[76.28,18.5743],[76.3521,18.5644],[76.3877,18.5415],[76.424,18.5528],[76.4683,18.4963],[76.5039,18.4778],[76.6091,18.4552],[76.6189,18.4935],[76.676,18.4824],[76.6995,18.5003],[76.7056,18.5472],[76.6336,18.551],[76.6627,18.5917],[76.6849,18.6469],[76.6858,18.6919],[76.7374,18.7023],[76.7271,18.7493],[76.676,18.7613],[76.6674,18.819],[76.6481,18.8219],[76.623,18.8691],[76.5846,18.8826],[76.584,18.9448],[76.5396,18.9494],[76.5105,18.9273],[76.4788,18.9564],[76.479,19.0007],[76.4563,19.0076],[76.4391,19.0882],[76.4118,19.0925],[76.3783,19.1311],[76.3552,19.1026],[76.321,19.1141],[76.3613,19.1561],[76.3527,19.1927],[76.3651,19.234],[76.3124,19.2609],[76.2265,19.2414],[76.2093,19.2775],[76.1635,19.2831],[76.0983,19.3069],[76.0835,19.2796],[76.0393,19.2859],[76.0127,19.3363],[75.9709,19.2993],[75.9382,19.2924],[75.9071,19.3191],[75.9222,19.3736],[75.836,19.3717],[75.7965,19.3966],[75.7581,19.3893],[75.7544,19.3587],[75.688,19.3553],[75.6416,19.381],[75.6099,19.3814]]]},"properties":{"DISTRICT":"Bid","ST_NM":"Maharashtra","ST_CEN_CD":27,"DT_CEN_CD":27,"censuscode":523}},
{"type":"Feature","geometry":{"type":"Polygon","coordinates":[[[77.5535,18.2932],[77.4688,18.2618],[77.411,18.3013],[77.396,18.3422],[77.4037,18.3994],[77.3675,18.4313],[77.3162,18.4408],[77.2674,18.4198],[77.243,18.41],[77.209,18.2795],[77.1805,18.2833],[77.1421,18.2088],[77.0981,18.1966],[77.1115,18.1543],[77.0601,18.1539],[76.9563,18.1863],[76.9247,18.1176],[76.9556,18.1116],[76.9543,18.0393],[76.9199,18.0348],[76.9154,17.9389],[76.8833,17.8948],[76.8558,17.8995],[76.7764,17.8786],[76.7424,17.8996],[76.7392,17.8587],[76.79,17.8282],[76.7781,17.8011],[76.7412,17.7809],[76.694,17.707],[76.6922,17.6818],[76.7713,17.6468],[76.8368,17.6514],[76.9289,17.6348],[76.9807,17.6498],[76.9952,17.6954],[77.0383,17.668],[77.0888,17.6598],[77.1166,17.6848],[77.1547,17.6288],[77.1908,17.6156],[77.2307,17.6322],[77.2773,17.6269],[77.3011,17.5977],[77.3789,17.5834],[77.4435,17.5841],[77.4615,17.7015],[77.5431,17.728],[77.5582,17.7638],[77.5081,17.7851],[77.5297,17.8293],[77.5581,17.833],[77.5712,17.8686],[77.6204,17.9053],[77.6238,17.9468],[77.6573,17.9717],[77.6104,18.0203],[77.5568,18.0369],[77.571,18.0784],[77.6012,18.0865],[77.6015,18.1539],[77.5736,18.1911],[77.5761,18.2425],[77.6027,18.2748],[77.5535,18.2932]]]},"properties":{"DISTRICT":"Bidar","ST_NM":"Karnataka","ST_CEN_CD":29,"DT_CEN_CD":4,"censuscode":558}},
{"type":"Feature","geometry":{"type":"Polygon","coordinates":[[[80.8338,19.3521],[80.7566,19.2908],[80.6909,19.2909],[80.6717,19.3305],[80.6112,19.3156],[80.5912,19.3809],[80.5666,19.4012],[80.521,19.3519],[80.4777,19.3326],[80.4526,19.2736],[80.3956,19.247],[80.3883,19.1845],[80.3527,19.1667],[80.328,19.1283],[80.3387,19.105],[80.2749,18.9913],[80.2713,18.9446],[80.343,18.8604],[80.3536,18.8155],[80.3067,18.7979],[80.2481,18.7531],[80.2748,18.7224],[80.3037,18.6902],[80.3441,18.5953],[80.389,18.5984],[80.4577,18.6312],[80.4959,18.6316],[80.5396,18.5911],[80.6404,18.5242],[80.6585,18.4777],[80.6883,18.459],[80.7208,18.4113],[80.7309,18.3736],[80.7306,18.367],[80.7922,18.2493],[80.7412,18.2248],[80.7425,18.1778],[80.8059,18.1725],[80.8572,18.2064],[80.8701,18.139],[80.9088,18.1411],[80.9818,18.1737],[80.9819,18.1647],[81.0323,18.1555],[81.0608,18.1701],[81.0901,18.2174],[81.052,18.2644],[81.0653,18.2968],[81.042,18.3401],[80.937,18.3627],[80.9995,18.4734],[81.031,18.4985],[81.0285,18.5241],[81.0741,18.5456],[81.1544,18.5305],[81.1944,18.5452],[81.1995,18.5795],[81.1712,18.5901],[81.163,18.6908],[81.2,18.7485],[81.189,18.8156],[81.2145,18.8691],[81.2079,18.9181],[81.2338,18.9672],[81.2037,18.9927],[81.2259,19.0509],[81.2116,19.0858],[81.2061,19.1885],[81.1461,19.1827],[81.1282,19.2127],[81.1316,19.2473],[81.131,19.2514],[81.1282,19.2568],[81.1282,19.2569],[81.1192,19.2634],[81.0707,19.2692],[81.0739,19.232],[81.0299,19.2321],[81.014,19.2301],[80.9935,19.2274],[80.9896,19.2283],[80.9547,19.3169],[80.8338,19.3521]]]},"properties":{"DISTRICT":"Bijapur","ST_NM":"Chhattisgarh","ST_CEN_CD":22,"DT_CEN_CD":18,"censuscode":417}},
{"type":"Feature","geometry":{"type":"Polygon","coordinates":[[[76.0734,17.334],[76.0631,17.3536],[75.9307,17.3257],[75.893,17.3552],[75.8937,17.4074],[75.8211,17.4211],[75.8104,17.3714],[75.7359,17.4233],[75.6899,17.414],[75.6795,17.4553],[75.6341,17.4788],[75.6142,17.3932],[75.5768,17.3843],[75.6115,17.3437],[75.6044,17.3047],[75.6561,17.2721],[75.6625,17.2153],[75.6292,17.1877],[75.6299,17.1617],[75.6728,17.1152],[75.6798,17.0728],[75.6674,16.985],[75.6437,16.9528],[75.6092,16.9714],[75.608,17.0048],[75.5683,17.0079],[75.5687,16.9654],[75.5282,16.9675],[75.4911,16.9469],[75.4659,16.987],[75.4289,16.9651],[75.3925,16.978],[75.3429,16.9541],[75.3346,16.8681],[75.3946,16.8605],[75.3779,16.8083],[75.3878,16.7619],[75.4276,16.7668],[75.4924,16.7452],[75.4844,16.6933],[75.4393,16.697],[75.4615,16.6215],[75.4902,16.5998],[75.4866,16.509],[75.4563,16.5056],[75.4602,16.4667],[75.4347,16.4374],[75.45,16.4133],[75.4934,16.4195],[75.4989,16.4516],[75.5529,16.456],[75.5725,16.41],[75.6101,16.446],[75.6434,16.4402],[75.7245,16.3904],[75.7823,16.3799],[75.9592,16.2975],[76.0137,16.3017],[76.0669,16.2588],[76.0637,16.21],[76.1415,16.1805],[76.17,16.1839],[76.241,16.1653],[76.2815,16.1498],[76.2984,16.1822],[76.3293,16.1911],[76.3544,16.2259],[76.3482,16.274],[76.3022,16.2834],[76.334,16.3896],[76.3338,16.4239],[76.384,16.4223],[76.4373,16.4349],[76.4177,16.5991],[76.4051,16.6477],[76.4383,16.7067],[76.4602,16.7115],[76.4354,16.7628],[76.372,16.7674],[76.3788,16.8009],[76.3548,16.8187],[76.3748,16.8586],[76.4381,16.8673],[76.4367,16.9414],[76.4012,16.9346],[76.4007,16.9758],[76.4353,16.9802],[76.4298,17.0993],[76.3985,17.0716],[76.3641,17.1167],[76.3663,17.1757],[76.2826,17.1652],[76.2444,17.1489],[76.2199,17.1841],[76.1955,17.1827],[76.1249,17.2447],[76.0665,17.3092],[76.0734,17.334]]]},"properties":{"DISTRICT":"Bijapur","ST_NM":"Karnataka","ST_CEN_CD":29,"DT_CEN_CD":3,"censuscode":557}},
{"type":"Feature","geometry":{"type":"Polygon","coordinates":[[[78.9084,29.4502],[78.7781,29.4778],[78.7514,29.499],[78.7057,29.503],[78.5889,29.5747],[78.524,29.6449],[78.5002,29.7356],[78.3443,29.7905],[78.3154,29.7519],[78.2438,29.6984],[78.2059,29.7044],[78.1782,29.6739],[78.056,29.5874],[78.0446,29.5461],[78,29.5402],[77.9935,29.4933],[78.0653,29.4019],[78.0682,29.3591],[78.1098,29.3237],[78.1372,29.2534],[78.1271,29.2054],[78.1359,29.1653],[78.1093,29.1402],[78.1059,29.0834],[78.143,29.0789],[78.2067,29.0504],[78.2894,29.04],[78.4154,29.0385],[78.4672,29.0643],[78.5252,29.0698],[78.602,29.0844],[78.6643,29.1438],[78.6386,29.1612],[78.6738,29.1974],[78.707,29.2672],[78.7707,29.2807],[78.7378,29.324],[78.7966,29.3369],[78.841,29.3622],[78.8995,29.403],[78.9084,29.4502]]]},"properties":{"DISTRICT":"Bijnor","ST_NM":"Uttar Pradesh","ST_CEN_CD":9,"DT_CEN_CD":3,"censuscode":134}},
{"type":"Feature","geometry":{"type":"Polygon","coordinates":[[[74.0425,29.0123],[74.0205,28.9602],[74.0263,28.9333],[73.9751,28.9037],[73.9595,28.9459],[73.9111,28.9611],[73.877,28.9409],[73.7985,29.0071],[73.7724,29.0517],[73.7308,29.0264],[73.6563,29.0185],[73.624,29.0374],[73.5704,28.9967],[73.5208,28.9946],[73.4867,29.012],[73.4272,28.9919],[73.3877,29.0102],[73.3454,29.0059],[73.2803,28.9404],[73.2278,28.9297],[73.1974,28.8842],[73.2053,28.8534],[73.1593,28.8178],[73.1599,28.7947],[73.1163,28.7669],[73.0355,28.743],[73.0111,28.7138],[72.9576,28.7398],[72.9344,28.7286],[72.7653,28.7998],[72.7468,28.7827],[72.6485,28.9032],[72.5244,28.833],[72.407,28.7827],[72.3116,28.6863],[72.2361,28.4839],[72.2052,28.3904],[72.1287,28.3088],[71.9991,28.2141],[71.9323,28.1278],[71.8976,27.9626],[71.947,27.9131],[71.9934,27.9431],[72.0323,27.9493],[72.0992,27.8974],[72.1456,27.8727],[72.1556,27.7797],[72.0937,27.7361],[72.2204,27.6744],[72.2517,27.6729],[72.2999,27.7076],[72.3431,27.6918],[72.3231,27.634],[72.2822,27.5678],[72.2841,27.5487],[72.2518,27.5073],[72.2785,27.4656],[72.3268,27.5137],[72.4375,27.5616],[72.4494,27.5858],[72.5016,27.5836],[72.5602,27.6185],[72.6039,27.6066],[72.6243,27.5711],[72.6713,27.5426],[72.696,27.6044],[72.728,27.5536],[72.8355,27.5797],[72.8476,27.5337],[72.8255,27.5215],[72.8308,27.4661],[72.8826,27.4769],[72.9021,27.4152],[72.9876,27.3838],[73.0425,27.4104],[73.1206,27.4081],[73.1453,27.3901],[73.1631,27.2948],[73.2083,27.2778],[73.2424,27.326],[73.2679,27.3037],[73.2841,27.2551],[73.3511,27.1969],[73.3752,27.2605],[73.45,27.3096],[73.5042,27.3333],[73.4946,27.3604],[73.5062,27.4338],[73.5397,27.4941],[73.6121,27.4893],[73.6176,27.5356],[73.6571,27.5641],[73.7045,27.5186],[73.7514,27.5341],[73.7902,27.5014],[73.8295,27.5044],[73.8782,27.5394],[73.8759,27.58],[73.8963,27.6023],[73.874,27.6475],[73.8687,27.7785],[73.932,27.7844],[73.9959,27.8044],[74.0304,27.7706],[73.9982,27.7339],[74.0645,27.7296],[74.0986,27.7819],[74.1423,27.8015],[74.1698,27.7945],[74.2276,27.8169],[74.2253,27.8991],[74.2521,27.9314],[74.2354,27.9631],[74.2421,27.9992],[74.2975,28.0519],[74.2808,28.0877],[74.2988,28.1458],[74.3407,28.1638],[74.359,28.2095],[74.3249,28.2546],[74.2355,28.2505],[74.1995,28.2941],[74.1908,28.3276],[74.1433,28.3435],[74.0649,28.3345],[74.0298,28.3762],[74.0676,28.4159],[74.0606,28.5291],[74.1084,28.5892],[74.0828,28.6503],[74.0997,28.6795],[74.1944,28.7115],[74.169,28.7375],[74.1609,28.7772],[74.1359,28.7956],[74.068,28.7918],[74.1203,28.8471],[74.1121,28.9402],[74.0729,28.964],[74.0411,29.0043],[74.0425,29.0123]]]},"properties":{"DISTRICT":"Bikaner","ST_NM":"Rajasthan","ST_CEN_CD":8,"DT_CEN_CD":3,"censuscode":101}},
{"type":"Feature","geometry":{"type":"Polygon","coordinates":[[[82.1234,23.1032],[82.0689,23.1153],[82.0357,23.0811],[81.9456,23.0771],[81.9259,23.0403],[81.9447,23.0089],[81.9477,22.9566],[81.9213,22.9477],[81.8685,22.8935],[81.7768,22.873],[81.7683,22.8338],[81.7917,22.7662],[81.754,22.7261],[81.7734,22.6758],[81.7303,22.6759],[81.6859,22.6486],[81.6487,22.6072],[81.6568,22.5758],[81.6163,22.5362],[81.5704,22.5507],[81.5227,22.5364],[81.4871,22.493],[81.4923,22.4107],[81.548,22.3489],[81.5224,22.3138],[81.5512,22.27],[81.5403,22.1937],[81.5152,22.1395],[81.5243,22.0827],[81.5042,22.0132],[81.5063,22.0076],[81.553,22.0065],[81.5853,21.9846],[81.6251,21.9849],[81.7301,21.9432],[81.807,21.9419],[81.8281,21.9162],[81.8985,21.8744],[81.9004,21.8438],[81.9427,21.8151],[81.9579,21.8459],[82.0284,21.8621],[82.0384,21.8837],[82.102,21.8563],[82.1257,21.8335],[82.1895,21.836],[82.193,21.7732],[82.2178,21.7566],[82.2911,21.7508],[82.3324,21.7124],[82.3906,21.711],[82.4396,21.7376],[82.4409,21.7393],[82.3835,21.7631],[82.382,21.7675],[82.3703,21.8101],[82.3667,21.8179],[82.3644,21.8236],[82.3604,21.8387],[82.3287,21.8684],[82.3253,21.8722],[82.3089,21.904],[82.3328,21.9608],[82.3368,22.1027],[82.3598,22.1338],[82.4277,22.1376],[82.4556,22.1759],[82.467,22.1807],[82.4604,22.1957],[82.46,22.1992],[82.4623,22.2133],[82.4629,22.2138],[82.4604,22.2164],[82.3973,22.2622],[82.4202,22.2825],[82.3562,22.3244],[82.3288,22.3227],[82.2863,22.2872],[82.2682,22.3346],[82.2176,22.3373],[82.2085,22.3157],[82.1433,22.3298],[82.1564,22.3747],[82.1829,22.4071],[82.1461,22.4515],[82.1783,22.5564],[82.2094,22.5953],[82.2355,22.5923],[82.2439,22.6557],[82.1782,22.6653],[82.1543,22.7391],[82.1594,22.8499],[82.2241,22.9405],[82.1815,22.9679],[82.178,23.0404],[82.1234,23.1032]]]},"properties":{"DISTRICT":"Bilaspur","ST_NM":"Chhattisgarh","ST_CEN_CD":22,"DT_CEN_CD":7,"censuscode":406}},
{"type":"Feature","geometry":{"type":"Polygon","coordinates":[[[76.7298,31.5854],[76.7054,31.599],[76.6221,31.5735],[76.6102,31.4698],[76.6142,31.4187],[76.5723,31.4318],[76.5177,31.4679],[76.459,31.486],[76.4719,31.4244],[76.3958,31.408],[76.4421,31.3224],[76.4808,31.3074],[76.5599,31.2529],[76.5846,31.2771],[76.6494,31.2098],[76.7326,31.2402],[76.7791,31.2205],[76.8378,31.232],[76.8993,31.2681],[76.928,31.3022],[76.8761,31.3313],[76.8758,31.3544],[76.8806,31.4118],[76.8041,31.4226],[76.798,31.4762],[76.7671,31.5201],[76.7409,31.5179],[76.7298,31.5854]]]},"properties":{"DISTRICT":"Bilaspur","ST_NM":"Himachal Pradesh","ST_CEN_CD":2,"DT_CEN_CD":8,"censuscode":30}},
{"type":"Feature","geometry":{"type":"Polygon","coordinates":[[[87.8924,24.5639],[87.8533,24.5522],[87.8013,24.5635],[87.8036,24.4931],[87.8229,24.4697],[87.7932,24.4334],[87.8025,24.3835],[87.7414,24.2904],[87.6864,24.2479],[87.6468,24.2513],[87.6428,24.2131],[87.676,24.2073],[87.7017,24.1769],[87.6946,24.1514],[87.6326,24.1647],[87.5848,24.1631],[87.5753,24.0893],[87.5443,24.0894],[87.5017,24.1174],[87.4963,24.0537],[87.5064,24.024],[87.4442,23.9799],[87.3618,24.0109],[87.3376,24.0327],[87.238,24.0262],[87.2648,23.9716],[87.2971,23.9574],[87.2978,23.892],[87.2277,23.8595],[87.1411,23.87],[87.1717,23.8215],[87.154,23.7963],[87.0898,23.8071],[87.1202,23.7711],[87.164,23.7465],[87.2315,23.7401],[87.2658,23.7496],[87.2939,23.7228],[87.3613,23.7163],[87.4172,23.6843],[87.4137,23.6573],[87.4458,23.615],[87.5056,23.6003],[87.5178,23.6177],[87.5931,23.5955],[87.6689,23.6176],[87.719,23.6176],[87.8079,23.5597],[87.9084,23.5401],[87.9563,23.6241],[87.9158,23.6598],[87.9125,23.7149],[87.9372,23.7291],[87.9662,23.8033],[87.9267,23.8401],[87.8953,23.836],[87.8551,23.8863],[87.8696,23.9171],[87.8758,24.0165],[87.9103,24.0988],[87.9008,24.1457],[87.9436,24.1944],[87.9866,24.1942],[87.9961,24.2427],[88.0238,24.2431],[88.0153,24.3141],[87.9625,24.3395],[87.9785,24.4151],[87.9746,24.47],[87.9509,24.5163],[87.8924,24.5639]]]},"properties":{"DISTRICT":"Birbhum","ST_NM":"West Bengal","ST_CEN_CD":19,"DT_CEN_CD":8,"censuscode":334}},
{"type":"Feature","geometry":{"type":"Polygon","coordinates":[[[93.876,24.5521],[93.8889,24.5854],[93.8561,24.6091],[93.806,24.6219],[93.8006,24.6685],[93.8766,24.6796],[93.8911,24.7061],[93.7738,24.7372],[93.7649,24.6844],[93.7245,24.5915],[93.7325,24.4989],[93.708,24.4437],[93.7577,24.3982],[93.8091,24.3892],[93.8432,24.3526],[93.8516,24.3089],[93.8803,24.2856],[93.8545,24.3114],[93.8492,24.4115],[93.8566,24.4567],[93.8839,24.4881],[93.876,24.5521]]]},"properties":{"DISTRICT":"Bishnupur","ST_NM":"Manipur","ST_CEN_CD":14,"DT_CEN_CD":4,"censuscode":275}},
{"type":"Feature","geometry":{"type":"Polygon","coordinates":[[[85.9197,23.9558],[85.8845,23.9415],[85.8885,23.896],[85.8385,23.8296],[85.8077,23.8463],[85.8021,23.8814],[85.7531,23.9286],[85.7179,23.9164],[85.6885,23.944],[85.6472,23.9331],[85.5937,23.8467],[85.5974,23.7999],[85.6217,23.7792],[85.6151,23.6222],[85.6648,23.611],[85.7739,23.6567],[85.8155,23.5627],[85.8838,23.4777],[85.9441,23.4571],[86.0474,23.4922],[86.0171,23.563],[86.0435,23.5853],[86.1446,23.5719],[86.1611,23.5062],[86.2306,23.4378],[86.306,23.4458],[86.3577,23.4657],[86.3638,23.545],[86.4447,23.6217],[86.4226,23.6587],[86.3718,23.702],[86.2139,23.7089],[86.1383,23.8412],[86.1191,23.894],[86.0948,23.8892],[86.0099,23.9111],[85.9573,23.9005],[85.9197,23.9558]]]},"properties":{"DISTRICT":"Bokaro","ST_NM":"Jharkhand","ST_CEN_CD":20,"DT_CEN_CD":10,"censuscode":355}},
{"type":"Feature","geometry":{"type":"Polygon","coordinates":[[[90.8542,26.5234],[90.8036,26.5345],[90.7235,26.481],[90.6426,26.5272],[90.6091,26.4812],[90.5636,26.4843],[90.552,26.4342],[90.5184,26.456],[90.4797,26.4558],[90.4538,26.4083],[90.4098,26.434],[90.4101,26.4332],[90.3986,26.3854],[90.429,26.36],[90.4356,26.354],[90.4816,26.308],[90.474,26.2724],[90.4071,26.224],[90.3793,26.1815],[90.4241,26.1988],[90.523,26.2079],[90.656,26.2414],[90.7056,26.2557],[90.723,26.2836],[90.793,26.3279],[90.8269,26.3665],[90.8636,26.3754],[90.8204,26.4763],[90.8534,26.5215],[90.8542,26.5234]]]},"properties":{"DISTRICT":"Bongaigaon","ST_NM":"Assam","ST_CEN_CD":18,"DT_CEN_CD":20,"censuscode":319}},
{"type":"Feature","geometry":{"type":"Polygon","coordinates":[[[78.9204,28.4794],[78.8708,28.4809],[78.8179,28.4452],[78.7551,28.3764],[78.707,28.3768],[78.6803,28.346],[78.6388,28.3332],[78.5977,28.3512],[78.5255,28.3578],[78.4936,28.3803],[78.4945,28.4149],[78.4146,28.4628],[78.3796,28.468],[78.3471,28.4346],[78.3102,28.4343],[78.291,28.4031],[78.2842,28.3719],[78.3221,28.2891],[78.3746,28.2624],[78.4109,28.1966],[78.486,28.124],[78.5042,28.0933],[78.5501,28.0631],[78.577,28.0781],[78.6206,28.0388],[78.6715,28.035],[78.6802,28.0007],[78.7277,27.9611],[78.8178,27.9522],[78.9651,27.8507],[78.9872,27.8731],[79.0221,27.8422],[79.1232,27.8471],[79.1628,27.819],[79.1694,27.7792],[79.2118,27.7393],[79.2093,27.707],[79.3502,27.6523],[79.338,27.734],[79.3567,27.7901],[79.4598,27.8486],[79.472,27.9616],[79.4975,28.0205],[79.4989,28.1077],[79.4236,28.1687],[79.3875,28.1755],[79.3355,28.1544],[79.3144,28.1768],[79.2717,28.1642],[79.2145,28.1881],[79.1959,28.1749],[79.1177,28.2039],[79.0952,28.247],[79.1015,28.2766],[79.0509,28.3745],[79.0001,28.3848],[78.9204,28.4794]]]},"properties":{"DISTRICT":"Budaun","ST_NM":"Uttar Pradesh","ST_CEN_CD":9,"DT_CEN_CD":18,"censuscode":149}},
{"type":"Feature","geometry":{"type":"Polygon","coordinates":[[[78.2094,28.6152],[78.1815,28.6157],[78.1689,28.6174],[78.1488,28.6299],[78.1283,28.6225],[78.0272,28.6707],[78.0097,28.6974],[77.9675,28.7136],[77.9373,28.7018],[77.9016,28.659],[77.858,28.651],[77.8009,28.615],[77.7572,28.5637],[77.7165,28.5524],[77.7128,28.5533],[77.6885,28.5519],[77.6903,28.5083],[77.6607,28.4913],[77.6583,28.4866],[77.6527,28.4846],[77.6487,28.4849],[77.6471,28.4834],[77.6391,28.4782],[77.6432,28.409],[77.6787,28.3918],[77.6971,28.3482],[77.6835,28.3188],[77.6828,28.2491],[77.708,28.2402],[77.75,28.174],[77.7015,28.1144],[77.6752,28.1046],[77.6756,28.1033],[77.6972,28.0789],[77.7369,28.0885],[77.7363,28.1233],[77.7855,28.1371],[77.8454,28.1716],[77.8701,28.1302],[77.9195,28.0935],[77.9872,28.0802],[78.05,28.1295],[78.1376,28.1039],[78.1438,28.0711],[78.2603,28.1157],[78.3067,28.1181],[78.3521,28.1486],[78.4288,28.0938],[78.486,28.124],[78.4109,28.1966],[78.3746,28.2624],[78.3221,28.2891],[78.2842,28.3719],[78.291,28.4031],[78.305,28.4587],[78.272,28.4901],[78.2199,28.4999],[78.2159,28.5997],[78.2094,28.6152]]]},"properties":{"DISTRICT":"Bulandshahr","ST_NM":"Uttar Pradesh","ST_CEN_CD":9,"DT_CEN_CD":11,"censuscode":142}},
{"type":"Feature","geometry":{"type":"Polygon","coordinates":[[[76.7838,21.189],[76.766,21.194],[76.7495,21.2506],[76.7241,21.2891],[76.6628,21.2802],[76.625,21.1905],[76.5608,21.2037],[76.5306,21.1872],[76.4925,21.1957],[76.4539,21.1128],[76.4129,21.1052],[76.3838,21.0775],[76.3982,21.0303],[76.3833,20.9775],[76.3469,20.9498],[76.2806,20.9582],[76.2258,21.0119],[76.1705,21.0351],[76.1594,21.0003],[76.0921,20.9435],[76.0807,20.908],[76.1154,20.8933],[76.0497,20.8125],[76.0499,20.7882],[75.998,20.7779],[76.0122,20.7387],[75.9981,20.6674],[76.0111,20.643],[76.0328,20.6385],[76.0403,20.555],[75.9443,20.5039],[75.9582,20.4657],[75.9422,20.4256],[75.9537,20.3899],[75.9266,20.3233],[75.9753,20.3165],[76.0311,20.2884],[76.0496,20.3357],[76.0831,20.3647],[76.1289,20.3411],[76.1607,20.2978],[76.1949,20.3003],[76.1664,20.2367],[76.1408,20.211],[76.0974,20.0973],[76.0565,20.0968],[76.0573,20.0638],[76.0197,20.059],[76.0247,20.0231],[75.9667,19.9945],[76.0426,19.9505],[76.1002,19.8559],[76.1746,19.8493],[76.2566,19.8733],[76.2982,19.8696],[76.3531,19.8937],[76.3682,19.9257],[76.4933,19.9169],[76.4921,19.8983],[76.533,19.8504],[76.6234,19.8425],[76.6469,19.8656],[76.6118,19.8904],[76.6345,19.953],[76.6598,19.9763],[76.6626,20.0479],[76.6249,20.0497],[76.6709,20.1263],[76.7587,20.1308],[76.7502,20.209],[76.7868,20.203],[76.827,20.2459],[76.8217,20.2804],[76.7928,20.3153],[76.6996,20.3534],[76.7274,20.4067],[76.6939,20.4585],[76.7166,20.5136],[76.7701,20.5129],[76.7894,20.5917],[76.7398,20.6653],[76.7353,20.7153],[76.7604,20.7229],[76.7711,20.7873],[76.7453,20.7983],[76.7632,20.856],[76.7436,20.8902],[76.7465,20.9279],[76.7847,20.9291],[76.7783,21.0031],[76.7891,21.0318],[76.7743,21.0889],[76.7886,21.1103],[76.7722,21.1809],[76.7838,21.189]]]},"properties":{"DISTRICT":"Buldana","ST_NM":"Maharashtra","ST_CEN_CD":27,"DT_CEN_CD":4,"censuscode":500}},
{"type":"Feature","geometry":{"type":"Polygon","coordinates":[[[76.1572,25.7617],[76.1024,25.8101],[76.0543,25.8199],[76.0614,25.8596],[75.9573,25.8646],[75.9473,25.8161],[75.9055,25.8145],[75.894,25.8688],[75.8345,25.8345],[75.838,25.8038],[75.7733,25.8225],[75.7615,25.7563],[75.6949,25.7603],[75.6317,25.7088],[75.6225,25.677],[75.564,25.6967],[75.5114,25.7365],[75.4644,25.7184],[75.4235,25.686],[75.4352,25.6209],[75.3605,25.5343],[75.3736,25.5023],[75.3075,25.4196],[75.2648,25.4178],[75.3272,25.3599],[75.3446,25.3228],[75.4405,25.2753],[75.4565,25.2421],[75.4466,25.1404],[75.4083,25.1041],[75.4555,25.0497],[75.4528,25.0257],[75.6143,25.0172],[75.6241,24.9962],[75.6961,25.0302],[75.7431,25.0721],[75.7581,25.1113],[75.7362,25.1656],[75.7783,25.1966],[75.7939,25.2579],[75.8368,25.24],[75.9024,25.2343],[75.9495,25.2755],[75.9811,25.24],[76.0334,25.277],[76.0249,25.3144],[76.113,25.3286],[76.1753,25.4384],[76.209,25.4843],[76.2748,25.5109],[76.2927,25.5447],[76.301,25.632],[76.3227,25.6552],[76.2878,25.6902],[76.191,25.7055],[76.146,25.7452],[76.1572,25.7617]]]},"properties":{"DISTRICT":"Bundi","ST_NM":"Rajasthan","ST_CEN_CD":8,"DT_CEN_CD":23,"censuscode":121}},
{"type":"Feature","geometry":{"type":"Polygon","coordinates":[[[76.7823,21.56],[76.7448,21.5761],[76.7097,21.5593],[76.6176,21.5735],[76.5068,21.5626],[76.4395,21.5945],[76.3765,21.5958],[76.3613,21.568],[76.2485,21.5812],[76.1573,21.5486],[76.132,21.5885],[76.0794,21.5721],[76.0288,21.5482],[75.9628,21.5478],[75.9485,21.4809],[76.0046,21.4813],[76.0109,21.4188],[75.9919,21.3738],[76.0528,21.3504],[76.0992,21.3716],[76.1298,21.2953],[76.1598,21.2569],[76.1674,21.1686],[76.1144,21.1625],[76.1361,21.1241],[76.1844,21.0879],[76.27,21.0909],[76.2826,21.0733],[76.3838,21.0775],[76.4129,21.1052],[76.4539,21.1128],[76.4925,21.1957],[76.5306,21.1872],[76.5608,21.2037],[76.625,21.1905],[76.6628,21.2802],[76.6275,21.3275],[76.6702,21.3672],[76.734,21.4065],[76.7454,21.4408],[76.7939,21.4875],[76.765,21.5203],[76.7823,21.56]]]},"properties":{"DISTRICT":"Burhanpur","ST_NM":"Madhya Pradesh","ST_CEN_CD":23,"DT_CEN_CD":50,"censuscode":467}},
{"type":"Feature","geometry":{"type":"Polygon","coordinates":[[[84.3896,25.7325],[84.334,25.7353],[84.327,25.6702],[84.2255,25.6623],[84.176,25.7199],[84.1164,25.7217],[84.0781,25.6937],[84.0849,25.6357],[84.0227,25.6142],[83.9294,25.5598],[83.7703,25.386],[83.8148,25.3604],[83.8316,25.3462],[83.8998,25.2932],[83.9064,25.2936],[83.9898,25.2642],[84.0358,25.2671],[84.0601,25.3073],[84.0367,25.3414],[84.0462,25.374],[84.1165,25.3576],[84.1401,25.3711],[84.2755,25.3595],[84.2847,25.3623],[84.2946,25.3895],[84.3234,25.4319],[84.3494,25.4328],[84.3631,25.4721],[84.3319,25.5171],[84.336,25.5822],[84.352,25.608],[84.329,25.6555],[84.3621,25.684],[84.3642,25.6994],[84.3757,25.7172],[84.3896,25.7325]]]},"properties":{"DISTRICT":"Buxar","ST_NM":"Bihar","ST_CEN_CD":10,"DT_CEN_CD":30,"censuscode":232}},
{"type":"Feature","geometry":{"type":"Polygon","coordinates":[[[93.2524,24.9716],[93.1707,24.9966],[93.0719,24.9972],[93.0177,25.0611],[93.0192,25.0953],[92.9625,25.0882],[92.9461,25.0704],[92.9018,25.0794],[92.8413,25.0531],[92.7837,25.0866],[92.7566,25.1386],[92.702,25.1087],[92.6435,25.1168],[92.5434,25.0973],[92.4848,25.1059],[92.4637,25.035],[92.4384,25.0316],[92.423,24.9744],[92.4659,24.9625],[92.4989,24.874],[92.5258,24.8587],[92.5891,24.8619],[92.6314,24.8531],[92.6398,24.8191],[92.6803,24.8132],[92.6561,24.7357],[92.6666,24.6388],[92.6965,24.6164],[92.6699,24.5911],[92.7049,24.564],[92.7387,24.5867],[92.7641,24.5666],[92.7647,24.5182],[92.8032,24.419],[92.831,24.3966],[92.8956,24.3914],[92.9794,24.4066],[92.9996,24.4001],[93.0313,24.4257],[93.0477,24.4722],[93.035,24.4937],[93.0519,24.5415],[93.1062,24.5802],[93.086,24.608],[93.0983,24.6632],[93.0881,24.7059],[93.1121,24.7989],[93.1566,24.7889],[93.1924,24.8027],[93.2137,24.8584],[93.2527,24.9152],[93.2524,24.9716]]]},"properties":{"DISTRICT":"Cachar","ST_NM":"Assam","ST_CEN_CD":18,"DT_CEN_CD":17,"censuscode":316}},
{"type":"Feature","geometry":{"type":"Polygon","coordinates":[[[77.2604,28.6229],[77.253,28.6537],[77.1859,28.6579],[77.1825,28.6482],[77.1867,28.6256],[77.2205,28.6411],[77.2604,28.6229]]]},"properties":{"DISTRICT":"Central","ST_NM":"NCT of Delhi","ST_CEN_CD":7,"DT_CEN_CD":6,"censuscode":95}},
{"type":"Feature","geometry":{"type":"Polygon","coordinates":[[[76.7478,33.1786],[76.6448,33.1618],[76.604,33.2037],[76.5653,33.209],[76.4868,33.1795],[76.4022,33.1826],[76.2924,33.1038],[76.2546,33.0324],[76.1694,33.0229],[76.1111,33.0033],[76.0992,32.9688],[76.0341,32.9177],[75.9506,32.8845],[75.8839,32.9306],[75.8247,32.9303],[75.8041,32.8938],[75.8247,32.8538],[75.8904,32.8139],[75.929,32.7571],[75.9152,32.6806],[75.9399,32.6435],[75.8886,32.576],[75.8712,32.4993],[75.9505,32.4243],[75.9269,32.4087],[75.9746,32.3909],[76.0198,32.3379],[76.017,32.2908],[76.0474,32.2644],[76.0866,32.2711],[76.1437,32.2254],[76.1805,32.2454],[76.1604,32.3179],[76.1697,32.351],[76.2232,32.3955],[76.2595,32.393],[76.2949,32.3401],[76.3558,32.3266],[76.4245,32.2645],[76.5044,32.2333],[76.5901,32.2211],[76.625,32.1925],[76.6734,32.179],[76.7371,32.1877],[76.7732,32.2272],[76.7732,32.3595],[76.7869,32.4063],[76.8653,32.4611],[76.8797,32.5171],[76.8659,32.5334],[76.7955,32.5371],[76.7815,32.5525],[76.6495,32.5804],[76.6089,32.6062],[76.5936,32.6425],[76.5167,32.6669],[76.4642,32.6527],[76.4264,32.6882],[76.3755,32.7969],[76.3772,32.8198],[76.4556,32.8521],[76.4734,32.8053],[76.5469,32.8129],[76.6124,32.8542],[76.6401,32.8418],[76.685,32.8541],[76.7175,32.8903],[76.7192,32.9228],[76.7633,32.9297],[76.7798,32.9612],[76.7732,33.0099],[76.7375,33.0754],[76.7478,33.1786]]]},"properties":{"DISTRICT":"Chamba","ST_NM":"Himachal Pradesh","ST_CEN_CD":2,"DT_CEN_CD":1,"censuscode":23}},
{"type":"Feature","geometry":{"type":"Polygon","coordinates":[[[80.1016,30.7863],[80.0592,30.8384],[79.9828,30.8767],[79.9302,30.8867],[79.8928,30.9209],[79.8673,30.9747],[79.826,30.9721],[79.7534,31.0006],[79.7085,30.9762],[79.6047,30.9374],[79.5481,30.9677],[79.5529,30.9858],[79.5165,31.0337],[79.4283,31.0321],[79.4215,31.0716],[79.4076,31.0744],[79.3896,31.0673],[79.3309,31.0283],[79.3115,31.0094],[79.3285,31.0012],[79.329,30.9729],[79.2983,30.9707],[79.2705,30.96],[79.2849,30.9352],[79.2305,30.8081],[79.2907,30.7518],[79.2811,30.7368],[79.279,30.7261],[79.2898,30.7231],[79.2963,30.7203],[79.3002,30.7166],[79.3082,30.6746],[79.3517,30.6515],[79.3572,30.6276],[79.2974,30.5623],[79.264,30.5676],[79.1689,30.4369],[79.1659,30.3889],[79.1083,30.3685],[79.1586,30.3318],[79.1203,30.292],[79.0799,30.2204],[79.142,30.1657],[79.1365,30.1217],[79.182,30.0957],[79.2031,30.0657],[79.2284,29.9776],[79.3264,29.9292],[79.4302,29.9367],[79.4702,29.9826],[79.4874,30.0236],[79.5438,29.9951],[79.6176,30.0192],[79.6648,30.0042],[79.7764,30.0026],[79.8143,30.0217],[79.8293,30.0552],[79.788,30.0769],[79.7656,30.1378],[79.7819,30.1781],[79.8204,30.2225],[79.7996,30.2826],[79.8409,30.2876],[79.8732,30.268],[79.9935,30.3143],[79.9994,30.364],[80.0381,30.4034],[80.0369,30.4403],[79.9967,30.538],[80.0424,30.6014],[80.0346,30.6348],[79.9807,30.7052],[80.0373,30.7327],[80.1039,30.7223],[80.1016,30.7863]]]},"properties":{"DISTRICT":"Chamoli","ST_NM":"Uttarakhand","ST_CEN_CD":5,"DT_CEN_CD":2,"censuscode":57}},
{"type":"Feature","geometry":{"type":"Polygon","coordinates":[[[80.2466,29.4426],[80.1462,29.4725],[80.1007,29.5265],[80.0718,29.5208],[80.0075,29.4868],[79.9608,29.4753],[79.8869,29.4821],[79.852,29.4344],[79.8362,29.4051],[79.8712,29.3445],[79.8582,29.3135],[79.8181,29.3077],[79.8159,29.2753],[79.8598,29.2732],[79.9022,29.2493],[79.9252,29.2088],[79.8794,29.1579],[79.9019,29.1331],[79.9709,29.1206],[79.9701,29.0532],[80,29.0687],[80.0792,29.0838],[80.0975,29.116],[80.1631,29.1144],[80.1902,29.1332],[80.2403,29.1188],[80.2721,29.1435],[80.2528,29.2171],[80.2976,29.235],[80.3166,29.3225],[80.2854,29.3437],[80.2776,29.3941],[80.2489,29.4081],[80.2466,29.4426]]]},"properties":{"DISTRICT":"Champawat","ST_NM":"Uttarakhand","ST_CEN_CD":5,"DT_CEN_CD":10,"censuscode":65}},
{"type":"Feature","geometry":{"type":"Polygon","coordinates":[[[93.3358,24.0495],[93.2866,24.0478],[93.2253,24.0829],[93.2072,24.0475],[93.1715,23.94],[93.189,23.9072],[93.1615,23.8827],[93.1651,23.84],[93.1498,23.8105],[93.0444,23.7656],[93.0458,23.6534],[93.0569,23.5556],[93.0448,23.4757],[93.0446,23.4107],[93.0465,23.3148],[93.0148,23.2738],[93.0506,23.2132],[93.1654,23.1792],[93.1966,23.0553],[93.2508,23.003],[93.2995,23.0047],[93.3558,23.0742],[93.3923,23.2204],[93.3761,23.2522],[93.377,23.3288],[93.3636,23.3506],[93.412,23.384],[93.396,23.4073],[93.4054,23.5045],[93.4234,23.5272],[93.4309,23.5784],[93.4262,23.6495],[93.4426,23.6783],[93.4149,23.7081],[93.3973,23.8202],[93.3969,23.9263],[93.3632,23.942],[93.3358,23.9789],[93.3358,24.0495]]]},"properties":{"DISTRICT":"Champhai","ST_NM":"Mizoram","ST_CEN_CD":15,"DT_CEN_CD":4,"censuscode":284}},
{"type":"Feature","geometry":{"type":"Polygon","coordinates":[[[77.3228,12.3071],[77.1661,12.3091],[77.17,12.2595],[77.1131,12.2423],[77.1337,12.2087],[77.0463,12.1689],[77.02,12.1352],[76.9869,12.1405],[76.9473,12.0981],[76.8432,12.156],[76.8337,12.1283],[76.8749,12.1157],[76.8718,12.0563],[76.9395,12.0267],[76.905,11.9958],[76.8241,12.0104],[76.7672,11.9961],[76.7025,11.9947],[76.669,12.0077],[76.6439,11.9823],[76.5836,11.9823],[76.5602,11.9455],[76.5765,11.9211],[76.5341,11.8707],[76.491,11.8584],[76.4922,11.8208],[76.462,11.7903],[76.4237,11.8054],[76.4153,11.7603],[76.4267,11.7285],[76.41,11.6901],[76.4314,11.6663],[76.4594,11.6622],[76.5123,11.7052],[76.5487,11.6778],[76.5621,11.6202],[76.6166,11.6078],[76.7606,11.6144],[76.8259,11.6051],[76.8468,11.5824],[76.8604,11.6098],[76.8394,11.6569],[76.8629,11.7067],[76.8902,11.7325],[76.909,11.7912],[76.9539,11.7894],[77.014,11.8112],[77.051,11.7858],[77.0859,11.7322],[77.1128,11.7715],[77.1999,11.7914],[77.2521,11.8111],[77.2953,11.8071],[77.3368,11.7678],[77.3659,11.7873],[77.4234,11.7713],[77.442,11.7808],[77.5012,11.9389],[77.5843,11.9333],[77.6759,11.9492],[77.7006,12.0195],[77.7573,12.0789],[77.7782,12.1188],[77.7512,12.1532],[77.7373,12.1768],[77.6147,12.2044],[77.5216,12.193],[77.4758,12.2112],[77.473,12.2446],[77.4359,12.2819],[77.3406,12.2829],[77.3228,12.3071]]]},"properties":{"DISTRICT":"Chamrajnagar","ST_NM":"Karnataka","ST_CEN_CD":29,"DT_CEN_CD":24,"censuscode":578}},
{"type":"Feature","geometry":{"type":"Polygon","coordinates":[[[83.543,25.3132],[83.5493,25.3476],[83.5046,25.4063],[83.4137,25.4869],[83.3807,25.4878],[83.3403,25.4634],[83.2886,25.5036],[83.2005,25.5319],[83.1797,25.5103],[83.1308,25.444],[83.1909,25.419],[83.1762,25.353],[83.1388,25.3169],[83.0901,25.3301],[83.0173,25.3032],[83.0491,25.282],[83.0341,25.2415],[83.1279,25.1873],[83.1752,25.1844],[83.1676,25.1353],[83.1424,25.1313],[83.1226,25.0561],[83.0652,25.0652],[83.0764,24.9766],[83.0673,24.9286],[83.1078,24.8165],[83.1026,24.768],[83.1326,24.7586],[83.187,24.7146],[83.2287,24.7312],[83.2888,24.7292],[83.3305,24.7692],[83.3949,24.7827],[83.3985,24.8315],[83.3595,24.9013],[83.3652,24.9536],[83.3521,25.0086],[83.3279,25.0137],[83.3484,25.1105],[83.358,25.1969],[83.3966,25.205],[83.4176,25.2472],[83.4686,25.25],[83.4886,25.2804],[83.543,25.3132]]]},"properties":{"DISTRICT":"Chandauli","ST_NM":"Uttar Pradesh","ST_CEN_CD":9,"DT_CEN_CD":65,"censuscode":196}},
{"type":"Feature","geometry":{"type":"Polygon","coordinates":[[[94.2035,24.6261],[94.1503,24.6181],[94.1235,24.6051],[94.0894,24.5175],[94.0364,24.5019],[94.0509,24.4697],[94.0222,24.4438],[93.9856,24.4677],[93.9634,24.4051],[93.9189,24.3685],[93.9116,24.3372],[93.94,24.2946],[93.9114,24.2488],[93.8803,24.2856],[93.8643,24.2625],[93.8796,24.2245],[93.7809,24.1382],[93.7776,24.1051],[93.7445,24.0037],[93.7913,23.9625],[93.8058,23.9281],[93.8639,23.9327],[93.8937,23.9496],[94.0151,23.9284],[94.0485,23.8947],[94.0934,23.8877],[94.1199,23.8368],[94.1587,23.8468],[94.1668,23.9227],[94.2426,24.038],[94.257,24.0833],[94.2601,24.1615],[94.2811,24.1736],[94.2926,24.2336],[94.3254,24.2861],[94.3238,24.3326],[94.3492,24.3356],[94.405,24.4247],[94.4065,24.4831],[94.2855,24.601],[94.2035,24.6261]]]},"properties":{"DISTRICT":"Chandel","ST_NM":"Manipur","ST_CEN_CD":14,"DT_CEN_CD":9,"censuscode":280}},
{"type":"Feature","geometry":{"type":"Polygon","coordinates":[[[76.8415,30.76],[76.7727,30.7953],[76.7038,30.7564],[76.7283,30.7096],[76.8075,30.6655],[76.833,30.6819],[76.8495,30.7104],[76.8415,30.76]]]},"properties":{"DISTRICT":"Chandigarh","ST_NM":"Chandigarh","ST_CEN_CD":4,"DT_CEN_CD":1,"censuscode":55}},
{"type":"Feature","geometry":{"type":"Polygon","coordinates":[[[79.933,20.6665],[79.8791,20.6846],[79.8029,20.6842],[79.7893,20.7174],[79.7526,20.6858],[79.6935,20.6687],[79.6231,20.673],[79.6132,20.6912],[79.509,20.7039],[79.46,20.6689],[79.4069,20.6555],[79.3755,20.6773],[79.3218,20.5832],[79.2247,20.5821],[79.2144,20.5464],[79.1673,20.5053],[79.1307,20.454],[79.024,20.4785],[79.0019,20.4476],[78.9686,20.4586],[78.9508,20.4284],[78.8992,20.4372],[78.819,20.3873],[78.83,20.3189],[78.8018,20.2978],[78.8271,20.247],[78.9217,20.2372],[78.9603,20.2068],[78.9551,20.1683],[79.0707,20.0638],[79.1152,19.9884],[79.0949,19.9147],[79.1517,19.893],[79.1326,19.863],[79.0656,19.8148],[79.0293,19.8014],[78.9586,19.8032],[78.9518,19.7532],[78.9029,19.7371],[78.8808,19.7632],[78.8497,19.7601],[78.8689,19.698],[78.8642,19.6576],[78.9214,19.669],[78.9745,19.6506],[78.9835,19.5814],[79.024,19.5416],[79.1086,19.5297],[79.1949,19.4606],[79.2426,19.5287],[79.2612,19.613],[79.3469,19.5757],[79.4198,19.5355],[79.4474,19.5356],[79.4767,19.4996],[79.549,19.5507],[79.5719,19.5132],[79.6072,19.5103],[79.6278,19.5674],[79.7194,19.5857],[79.7468,19.6055],[79.792,19.596],[79.7868,19.7174],[79.7474,19.7791],[79.7441,19.8234],[79.8057,19.8999],[79.7769,19.95],[79.7807,20.0004],[79.8142,20.0289],[79.8487,20.0325],[79.8712,19.984],[79.9125,19.9676],[79.9505,19.9848],[79.9916,20.0453],[79.9654,20.1211],[79.9137,20.1407],[79.9342,20.1869],[79.9895,20.2068],[79.9923,20.2375],[79.9454,20.294],[79.9735,20.3607],[79.9621,20.415],[79.9413,20.4468],[79.9528,20.5282],[79.9276,20.5522],[79.9433,20.6379],[79.933,20.6665]]]},"properties":{"DISTRICT":"Chandrapur","ST_NM":"Maharashtra","ST_CEN_CD":27,"DT_CEN_CD":13,"censuscode":509}},
{"type":"Feature","geometry":{"type":"Polygon","coordinates":[[[96.9003,27.6154],[96.7863,27.6421],[96.772,27.6157],[96.7036,27.6601],[96.6444,27.6275],[96.57,27.6564],[96.5227,27.6362],[96.4477,27.6517],[96.3763,27.6446],[96.3313,27.5788],[96.2925,27.555],[96.2284,27.5678],[96.1293,27.6192],[96.0651,27.606],[96.0022,27.5592],[95.882,27.5468],[95.883,27.4375],[95.9736,27.4299],[96.0151,27.3684],[95.9633,27.31],[95.8724,27.26],[95.8606,27.2873],[95.6847,27.2509],[95.6373,27.2305],[95.6441,27.1926],[95.6719,27.1782],[95.6672,27.1246],[95.6426,27.0996],[95.6534,27.0628],[95.6324,27.0264],[95.6464,26.9901],[95.6845,26.9845],[95.6976,26.9172],[95.6809,26.8978],[95.7303,26.8802],[95.7545,26.9005],[95.7605,26.9567],[95.815,27.0149],[95.8767,27.013],[95.9567,27.0607],[96.0166,27.1472],[96.0362,27.1885],[96.2341,27.277],[96.2783,27.2714],[96.3105,27.294],[96.3473,27.2803],[96.4331,27.3016],[96.5302,27.2894],[96.6003,27.3359],[96.62,27.3641],[96.8017,27.3452],[96.8841,27.2583],[96.889,27.2271],[96.8652,27.1899],[96.9172,27.1655],[96.9834,27.1565],[97.0612,27.1005],[97.1071,27.1105],[97.1449,27.0919],[97.1702,27.1259],[97.1485,27.1676],[97.0939,27.211],[97.0929,27.2375],[97.0024,27.32],[96.9682,27.3766],[96.9648,27.4058],[96.9113,27.4534],[96.9372,27.5209],[96.8989,27.5847],[96.9003,27.6154]]]},"properties":{"DISTRICT":"Changlang","ST_NM":"Arunanchal Pradesh","ST_CEN_CD":12,"DT_CEN_CD":9,"censuscode":253}},
{"type":"Feature","geometry":{"type":"Polygon","coordinates":[[[85.0878,24.381],[85.0817,24.4086],[85.0393,24.4255],[84.9976,24.4123],[84.9758,24.3761],[84.9105,24.3724],[84.8702,24.4576],[84.8345,24.47],[84.8268,24.5247],[84.7494,24.4963],[84.7323,24.4728],[84.6863,24.4562],[84.6656,24.3936],[84.5799,24.4122],[84.5009,24.2869],[84.4564,24.261],[84.4733,24.2102],[84.5284,24.1913],[84.5521,24.1531],[84.5802,24.1415],[84.5538,24.1033],[84.5748,24.0704],[84.554,24.0162],[84.5855,23.9862],[84.5856,23.9862],[84.6318,23.9814],[84.6756,24.0045],[84.7097,24.0392],[84.743,24.0481],[84.7701,24.0086],[84.7592,23.967],[84.846,23.965],[84.9231,23.9506],[84.9496,23.8743],[84.9449,23.8026],[84.9176,23.8043],[84.9411,23.7271],[84.9639,23.7138],[85.0177,23.687],[85.0361,23.6896],[85.0538,23.7135],[85.0451,23.8001],[85.0524,23.8449],[85.0181,23.9028],[85.0445,23.9184],[85.0374,23.9867],[85.1241,23.9767],[85.1462,23.9547],[85.1878,23.9494],[85.2508,24.0305],[85.2409,24.0776],[85.1746,24.109],[85.1401,24.2101],[85.1602,24.2407],[85.2692,24.2256],[85.2905,24.2103],[85.2931,24.2108],[85.343,24.3128],[85.2987,24.3461],[85.242,24.3508],[85.2007,24.334],[85.1644,24.3556],[85.1096,24.3403],[85.0878,24.381]]]},"properties":{"DISTRICT":"Chatra","ST_NM":"Jharkhand","ST_CEN_CD":20,"DT_CEN_CD":2,"censuscode":347}},
{"type":"Feature","geometry":{"type":"Polygon","coordinates":[[[80.2733,12.9947],[80.3014,13.0845],[80.3035,13.1413],[80.2547,13.1219],[80.2277,13.1265],[80.2079,13.0813],[80.2044,13.0282],[80.215,12.9945],[80.2733,12.9947]]]},"properties":{"DISTRICT":"Chennai","ST_NM":"Tamil Nadu","ST_CEN_CD":33,"DT_CEN_CD":2,"censuscode":603}},
{"type":"Feature","geometry":{"type":"Polygon","coordinates":[[[80.3556,25.1258],[80.3949,25.1586],[80.4318,25.1699],[80.4098,25.2167],[80.3202,25.2778],[80.3173,25.3874],[80.282,25.4205],[80.2534,25.4004],[80.1971,25.4019],[80.1352,25.3361],[80.1042,25.347],[80.0288,25.3386],[80.0053,25.2656],[79.9572,25.2607],[79.8531,25.2319],[79.8685,25.1515],[79.835,25.0956],[79.7474,25.1384],[79.6739,25.1225],[79.6406,25.1282],[79.558,25.1647],[79.4975,25.0781],[79.3968,25.1158],[79.3915,25.1655],[79.4418,25.237],[79.3414,25.3277],[79.2842,25.3221],[79.2941,25.2762],[79.3487,25.2257],[79.2856,25.2058],[79.3214,25.1462],[79.3446,25.076],[79.3317,25.0458],[79.3477,24.8922],[79.3236,24.8559],[79.3078,24.7911],[79.3194,24.7334],[79.297,24.6747],[79.2079,24.6481],[79.181,24.6098],[79.0919,24.6302],[79.016,24.5133],[78.9887,24.4429],[78.9936,24.4189],[79.0061,24.391],[79.0544,24.3698],[79.0734,24.4027],[79.1351,24.4122],[79.1678,24.4298],[79.2387,24.4162],[79.2476,24.376],[79.233,24.339],[79.1843,24.3253],[79.1728,24.2772],[79.1376,24.2532],[79.0498,24.2232],[79.056,24.1707],[79.0758,24.1289],[79.1459,24.1009],[79.2253,24.1404],[79.3273,24.1455],[79.3037,24.172],[79.3641,24.1916],[79.3865,24.2383],[79.4111,24.3481],[79.3955,24.3856],[79.4403,24.4119],[79.4776,24.3879],[79.5114,24.3994],[79.5626,24.3881],[79.5711,24.4455],[79.6311,24.4035],[79.6603,24.3694],[79.6848,24.3923],[79.7568,24.413],[79.7974,24.3729],[79.8144,24.3857],[79.8596,24.3501],[79.8835,24.3743],[79.8681,24.4579],[79.8678,24.5071],[79.8881,24.57],[79.8445,24.5969],[79.8973,24.693],[79.9598,24.6566],[79.9977,24.7232],[80.0645,24.782],[80.093,24.8234],[80.0626,24.8592],[80.0352,24.9217],[80.0544,24.9381],[80.15,24.9363],[80.2749,25.026],[80.2896,25.0558],[80.3556,25.1258]],[[79.3888,25.0989],[79.4241,25.0568],[79.3996,25.0307],[79.362,25.0491],[79.3888,25.0989]]]},"properties":{"DISTRICT":"Chhatarpur","ST_NM":"Madhya Pradesh","ST_CEN_CD":23,"DT_CEN_CD":8,"censuscode":425}},
{"type":"Feature","geometry":{"type":"Polygon","coordinates":[[[79.3256,22.6156],[79.2989,22.6181],[79.2848,22.6924],[79.2449,22.7208],[79.2409,22.799],[79.1937,22.8051],[79.1375,22.7881],[79.0767,22.7437],[79.0447,22.7588],[79.0171,22.7394],[79.0271,22.7082],[79.0106,22.6289],[78.9446,22.6269],[78.9169,22.668],[78.8408,22.6825],[78.784,22.6291],[78.7415,22.6238],[78.6902,22.6537],[78.6798,22.6994],[78.6373,22.6835],[78.6176,22.6555],[78.5228,22.6642],[78.4997,22.6343],[78.5009,22.5927],[78.5484,22.5321],[78.517,22.4764],[78.554,22.4536],[78.4827,22.3844],[78.4252,22.3833],[78.3921,22.4144],[78.3211,22.4243],[78.2732,22.4021],[78.2831,22.3523],[78.252,22.3268],[78.2665,22.2669],[78.2642,22.1923],[78.2797,22.0892],[78.3425,22.1107],[78.3472,22.0547],[78.4022,22.0051],[78.3872,21.9638],[78.4166,21.9512],[78.4735,21.9582],[78.52,21.9296],[78.5467,21.867],[78.5259,21.8367],[78.4696,21.8152],[78.4585,21.7179],[78.4296,21.7182],[78.3986,21.6463],[78.3415,21.5887],[78.3824,21.5939],[78.4183,21.576],[78.4349,21.5002],[78.4853,21.5046],[78.5135,21.5268],[78.565,21.5131],[78.5899,21.4854],[78.626,21.4761],[78.6892,21.4806],[78.7294,21.463],[78.7663,21.4884],[78.9373,21.4862],[78.9182,21.5618],[78.9803,21.6162],[79.0151,21.6002],[79.1098,21.6081],[79.1536,21.6593],[79.2224,21.649],[79.2339,21.7206],[79.2295,21.755],[79.2767,21.7732],[79.2941,21.8096],[79.2768,21.8309],[79.3561,21.9647],[79.3972,21.9911],[79.4087,22.0404],[79.3432,22.1594],[79.3325,22.2146],[79.3679,22.2277],[79.3638,22.2636],[79.3112,22.2867],[79.2882,22.3228],[79.354,22.3495],[79.3467,22.3832],[79.2987,22.3793],[79.3174,22.4428],[79.3419,22.483],[79.3225,22.5423],[79.3714,22.6036],[79.3256,22.6156]]]},"properties":{"DISTRICT":"Chhindwara","ST_NM":"Madhya Pradesh","ST_CEN_CD":23,"DT_CEN_CD":38,"censuscode":455}},
{"type":"Feature","geometry":{"type":"Polygon","coordinates":[[[78.1996,13.5662],[78.2034,13.6252],[78.1555,13.6586],[78.0892,13.6592],[78.1185,13.719],[78.094,13.7422],[78.1273,13.7856],[78.1149,13.8621],[78.0498,13.8952],[78.0466,13.8613],[77.9503,13.8793],[77.9866,13.9017],[77.9592,13.9361],[77.92,13.9054],[77.8707,13.9348],[77.8145,13.9255],[77.836,13.8687],[77.7823,13.8397],[77.7774,13.8165],[77.7365,13.8097],[77.7036,13.7693],[77.6782,13.7854],[77.6222,13.7681],[77.5894,13.7383],[77.5355,13.7147],[77.4873,13.7108],[77.4573,13.6834],[77.3839,13.6605],[77.3626,13.6128],[77.3932,13.5321],[77.387,13.5],[77.4458,13.4621],[77.5058,13.4564],[77.5556,13.4173],[77.5921,13.4208],[77.6633,13.3785],[77.66,13.3552],[77.6998,13.3351],[77.7545,13.3613],[77.8284,13.3258],[77.8112,13.2613],[77.8725,13.2323],[77.9257,13.2383],[77.9456,13.2773],[77.9894,13.3074],[78.0238,13.2882],[78.0698,13.3026],[78.1181,13.2993],[78.1435,13.3527],[78.1288,13.3998],[78.1846,13.43],[78.2081,13.4815],[78.1916,13.5088],[78.1996,13.5662]]]},"properties":{"DISTRICT":"Chikkaballapura","ST_NM":"Karnataka","ST_CEN_CD":29,"DT_CEN_CD":28,"censuscode":582}},
{"type":"Feature","geometry":{"type":"Polygon","coordinates":[[[76.3541,13.5777],[76.2797,13.6052],[76.2662,13.6477],[76.2207,13.7115],[76.1515,13.7296],[76.0987,13.8635],[76.0342,13.8959],[76.0311,13.8694],[75.9715,13.855],[75.9441,13.8129],[75.8799,13.8103],[75.825,13.8174],[75.807,13.7943],[75.7607,13.7933],[75.7333,13.7692],[75.6706,13.7635],[75.6437,13.7049],[75.6094,13.7608],[75.5778,13.7587],[75.5362,13.7314],[75.489,13.7602],[75.4562,13.7246],[75.3945,13.7004],[75.4151,13.654],[75.4074,13.632],[75.3418,13.5874],[75.296,13.5847],[75.2771,13.5642],[75.2438,13.6055],[75.224,13.5278],[75.1703,13.5064],[75.1402,13.4633],[75.1508,13.4211],[75.1127,13.3581],[75.0801,13.3445],[75.1151,13.2846],[75.1385,13.2899],[75.1761,13.2018],[75.1998,13.1785],[75.2539,13.1287],[75.3105,13.1323],[75.3293,13.1703],[75.3771,13.1814],[75.4339,13.1201],[75.4874,13.0923],[75.5257,13.0483],[75.5313,13.0004],[75.5157,12.9806],[75.555,12.9448],[75.557,12.9149],[75.5982,12.944],[75.6037,12.9693],[75.646,13.0319],[75.7403,13.0308],[75.7299,13.0914],[75.7304,13.1812],[75.7544,13.2134],[75.8093,13.2177],[75.8356,13.2504],[75.8962,13.264],[75.9358,13.255],[76.0146,13.2594],[76.0435,13.2719],[76.0332,13.3465],[76.0557,13.3795],[76.1408,13.4073],[76.1623,13.4698],[76.231,13.4672],[76.2373,13.5071],[76.2911,13.504],[76.3166,13.5336],[76.3399,13.5128],[76.3641,13.5461],[76.3541,13.5777]]]},"properties":{"DISTRICT":"Chikmagalur","ST_NM":"Karnataka","ST_CEN_CD":29,"DT_CEN_CD":16,"censuscode":570}},
{"type":"Feature","geometry":{"type":"Polygon","coordinates":[[[90.9592,26.7834],[90.7046,26.7677],[90.6351,26.7913],[90.5648,26.8007],[90.4251,26.8986],[90.4219,26.7846],[90.4331,26.7467],[90.4207,26.7112],[90.3548,26.608],[90.3552,26.5552],[90.4025,26.5167],[90.3963,26.4779],[90.3995,26.4755],[90.4093,26.4352],[90.4098,26.434],[90.4538,26.4083],[90.4797,26.4558],[90.5184,26.456],[90.552,26.4342],[90.5636,26.4843],[90.6091,26.4812],[90.6426,26.5272],[90.7235,26.481],[90.8036,26.5345],[90.8542,26.5234],[90.8551,26.5254],[90.8316,26.5407],[90.832,26.5562],[90.8241,26.56],[90.9032,26.6395],[90.8976,26.6697],[90.9166,26.7262],[90.9592,26.7834]]]},"properties":{"DISTRICT":"Chirang","ST_NM":"Assam","ST_CEN_CD":18,"DT_CEN_CD":21,"censuscode":320}},
{"type":"Feature","geometry":{"type":"Polygon","coordinates":[[[76.7608,14.988],[76.734,15.033],[76.6731,15.0189],[76.6923,14.9782],[76.7179,14.9725],[76.6787,14.892],[76.7144,14.8622],[76.7023,14.8158],[76.6505,14.7567],[76.6525,14.7263],[76.6119,14.6867],[76.6003,14.6217],[76.5376,14.5657],[76.5083,14.5638],[76.5334,14.5354],[76.4601,14.5013],[76.4602,14.451],[76.4277,14.4478],[76.3839,14.4204],[76.3331,14.4067],[76.2786,14.4057],[76.2616,14.4417],[76.2049,14.4566],[76.1379,14.4257],[76.1519,14.4061],[76.1569,14.3196],[76.1108,14.3154],[76.1319,14.2548],[76.08,14.2436],[76.0621,14.2197],[76.0616,14.1589],[76.0252,14.1077],[76.0554,14.0722],[76.0465,13.9401],[76.0342,13.8959],[76.0987,13.8635],[76.1515,13.7296],[76.2207,13.7115],[76.2662,13.6477],[76.2797,13.6052],[76.3541,13.5777],[76.4106,13.5788],[76.4615,13.5967],[76.4612,13.6167],[76.512,13.6291],[76.5734,13.7131],[76.6604,13.7207],[76.6868,13.6885],[76.6985,13.7693],[76.7255,13.7961],[76.7639,13.7793],[76.7673,13.8355],[76.7233,13.8947],[76.7819,13.9234],[76.8149,13.916],[76.8495,13.9623],[76.8252,13.994],[76.8714,14.009],[76.8925,14.0468],[76.9272,14.0584],[76.9518,14.0915],[76.9484,14.1181],[76.8889,14.1371],[76.8967,14.1651],[76.9639,14.1817],[77.0254,14.179],[77.004,14.1983],[77.0096,14.2378],[76.9431,14.2462],[76.93,14.2782],[76.9481,14.3114],[76.904,14.3252],[76.8836,14.3573],[76.888,14.3961],[76.9785,14.4842],[76.9114,14.4899],[76.8686,14.4804],[76.8486,14.5148],[76.8042,14.5333],[76.7652,14.6017],[76.7755,14.6792],[76.8023,14.7399],[76.7845,14.7845],[76.838,14.7903],[76.8645,14.8965],[76.8686,14.9692],[76.7676,14.9749],[76.7608,14.988]]]},"properties":{"DISTRICT":"Chitradurga","ST_NM":"Karnataka","ST_CEN_CD":29,"DT_CEN_CD":12,"censuscode":566}},
{"type":"Feature","geometry":{"type":"Polygon","coordinates":[[[81.1927,25.4524],[81.1914,25.4875],[81.1506,25.5053],[81.0628,25.5213],[81.0222,25.5443],[81.0268,25.5038],[80.9879,25.4772],[80.9437,25.4693],[80.9307,25.4421],[80.8877,25.4199],[80.8644,25.3741],[80.8312,25.347],[80.78,25.3298],[80.7829,25.2621],[80.7515,25.2513],[80.7673,25.2054],[80.7203,25.1894],[80.6887,25.1306],[80.7226,25.0638],[80.7841,25.0578],[80.7842,25.0804],[80.7272,25.1],[80.7591,25.1377],[80.8269,25.1266],[80.8778,25.1847],[80.9138,25.1606],[80.8732,25.1197],[80.8789,25.0672],[80.8373,25.0261],[80.8584,24.9993],[80.8103,24.9407],[80.8647,24.9322],[80.945,24.9688],[80.961,24.9358],[81.0349,24.9513],[81.0846,24.9487],[81.1249,24.8983],[81.1605,24.9128],[81.1696,24.955],[81.2142,24.9358],[81.21,24.9922],[81.2699,25.0649],[81.254,25.1019],[81.277,25.1615],[81.3578,25.1638],[81.3974,25.1207],[81.4362,25.1301],[81.4448,25.0927],[81.4921,25.0715],[81.5004,25.1453],[81.5271,25.1484],[81.5424,25.1848],[81.5465,25.1893],[81.5268,25.1941],[81.521,25.1939],[81.526,25.2346],[81.5644,25.2388],[81.5583,25.2502],[81.5542,25.271],[81.5494,25.2865],[81.5501,25.29],[81.46,25.2586],[81.3892,25.2719],[81.4033,25.3102],[81.3866,25.3347],[81.325,25.3473],[81.265,25.3255],[81.2497,25.3545],[81.2024,25.3652],[81.1514,25.397],[81.1515,25.4255],[81.1927,25.4524]]]},"properties":{"DISTRICT":"Chitrakoot","ST_NM":"Uttar Pradesh","ST_CEN_CD":9,"DT_CEN_CD":40,"censuscode":171}},
{"type":"Feature","geometry":{"type":"MultiPolygon","coordinates":[[[[75.1966,25.034],[75.205,25.0894],[75.0349,25.1262],[74.9742,25.1048],[74.9292,25.1269],[74.8687,25.1775],[74.8366,25.146],[74.7954,25.1539],[74.7768,25.2061],[74.7495,25.1871],[74.6585,25.1826],[74.6134,25.1429],[74.5646,25.1334],[74.5536,25.1766],[74.5144,25.1815],[74.4968,25.2065],[74.4588,25.1672],[74.415,25.2025],[74.3486,25.1392],[74.2595,25.0651],[74.3198,25.032],[74.271,24.9916],[74.2276,24.9951],[74.1998,24.9786],[74.1881,24.9298],[74.1215,24.8518],[74.1066,24.7811],[74.1189,24.7394],[74.1727,24.716],[74.1716,24.6782],[74.2046,24.6696],[74.2519,24.6266],[74.2235,24.6161],[74.2791,24.5652],[74.2088,24.4614],[74.2684,24.4697],[74.3338,24.4935],[74.3282,24.4504],[74.3658,24.4104],[74.3531,24.3372],[74.3868,24.3109],[74.4147,24.2921],[74.4167,24.2449],[74.4682,24.2218],[74.4823,24.261],[74.5106,24.2792],[74.5207,24.3152],[74.5058,24.3783],[74.5364,24.4017],[74.5427,24.4786],[74.591,24.4931],[74.611,24.4749],[74.6734,24.4876],[74.6914,24.4921],[74.707,24.5011],[74.7136,24.5061],[74.7134,24.5062],[74.7576,24.5606],[74.7486,24.5937],[74.7909,24.6076],[74.7843,24.6337],[74.818,24.6685],[74.7769,24.683],[74.8196,24.7622],[74.8745,24.6663],[74.945,24.659],[74.9654,24.6971],[75.0012,24.7051],[74.9948,24.7494],[75.0144,24.7904],[74.9064,24.7942],[74.8598,24.8098],[74.8572,24.85],[74.8284,24.8959],[74.8341,24.9642],[74.8686,24.9337],[74.902,24.9365],[74.914,24.8958],[74.9463,24.8746],[75.0142,24.8707],[75.045,24.8558],[75.0753,24.8838],[75.1207,24.8855],[75.1218,24.9722],[75.1665,24.9881],[75.1568,25.0253],[75.1966,25.034]]],[[[75.4528,25.0257],[75.3531,25.021],[75.3213,25.0027],[75.3398,24.9593],[75.3198,24.9035],[75.2901,24.9225],[75.2636,24.886],[75.3135,24.8657],[75.3282,24.8832],[75.4195,24.8601],[75.3026,24.8115],[75.2859,24.8463],[75.2437,24.8573],[75.1941,24.7851],[75.1974,24.7564],[75.2303,24.7315],[75.4541,24.6894],[75.551,24.7116],[75.5844,24.7187],[75.6158,24.6844],[75.6618,24.6977],[75.6827,24.7238],[75.7446,24.7562],[75.7891,24.7614],[75.8218,24.8669],[75.7611,24.8763],[75.6665,24.9448],[75.6241,24.9962],[75.6143,25.0172],[75.4528,25.0257]]]]},"properties":{"DISTRICT":"Chittaurgarh","ST_NM":"Rajasthan","ST_CEN_CD":8,"DT_CEN_CD":28,"censuscode":126}},
{"type":"Feature","geometry":{"type":"Polygon","coordinates":[[[79.2861,13.1328],[79.3624,13.1375],[79.36,13.175],[79.3967,13.1968],[79.4329,13.1966],[79.4196,13.2497],[79.4339,13.2987],[79.4294,13.3339],[79.4668,13.3363],[79.5481,13.3233],[79.5778,13.2618],[79.6136,13.2802],[79.681,13.2945],[79.6837,13.2485],[79.7571,13.2077],[79.796,13.241],[79.7344,13.2784],[79.7924,13.2949],[79.8129,13.3171],[79.8638,13.3163],[79.9382,13.349],[79.9662,13.3871],[79.9744,13.4642],[80.0184,13.5007],[80.042,13.5366],[80.0467,13.5754],[79.9612,13.6664],[79.9492,13.7077],[79.8715,13.7075],[79.8529,13.7671],[79.8767,13.7836],[79.885,13.8476],[79.8467,13.8536],[79.8119,13.9241],[79.7903,13.9104],[79.7719,13.8495],[79.7333,13.8591],[79.7315,13.9013],[79.6819,13.9228],[79.6705,13.8345],[79.6348,13.843],[79.6226,13.8847],[79.5891,13.9186],[79.4812,13.9098],[79.4445,13.8889],[79.4383,13.8597],[79.4605,13.8009],[79.4193,13.7609],[79.3819,13.7562],[79.3113,13.7234],[79.2951,13.7573],[79.2271,13.7566],[79.192,13.793],[79.2128,13.8143],[79.1506,13.8599],[79.101,13.8482],[79.0872,13.8747],[79.0282,13.8883],[78.8826,13.897],[78.7996,13.8788],[78.7667,13.8292],[78.7241,13.8862],[78.6872,13.8702],[78.6563,13.8989],[78.5884,13.9106],[78.5986,13.9581],[78.5836,13.983],[78.546,13.9902],[78.4917,13.9393],[78.4656,13.9939],[78.4277,13.9778],[78.3876,13.9407],[78.3721,13.9545],[78.3328,13.9195],[78.2773,13.8917],[78.2458,13.8508],[78.2625,13.7972],[78.2297,13.7802],[78.1273,13.7856],[78.094,13.7422],[78.1185,13.719],[78.0892,13.6592],[78.1555,13.6586],[78.2034,13.6252],[78.1996,13.5662],[78.2181,13.591],[78.2593,13.5835],[78.3223,13.5928],[78.3902,13.5908],[78.4077,13.5757],[78.3773,13.5047],[78.3815,13.4007],[78.3654,13.3647],[78.4395,13.327],[78.4465,13.3083],[78.5118,13.2873],[78.578,13.282],[78.5642,13.1995],[78.5197,13.1299],[78.5156,13.0631],[78.4626,13.0418],[78.469,12.9736],[78.4121,12.943],[78.3894,12.9054],[78.3564,12.9382],[78.3274,12.9027],[78.3141,12.8573],[78.252,12.8574],[78.2528,12.8224],[78.2316,12.7626],[78.2386,12.6994],[78.2756,12.702],[78.3018,12.6632],[78.3799,12.6223],[78.4092,12.6242],[78.4714,12.6281],[78.4693,12.6729],[78.564,12.7079],[78.5574,12.7394],[78.5918,12.778],[78.6032,12.8493],[78.6363,12.9249],[78.6317,12.9846],[78.6625,13.0286],[78.7053,13.0152],[78.7139,13.0669],[78.751,13.0563],[78.8124,13.0865],[78.9577,13.0748],[78.9936,13.0875],[79.0653,13.0495],[79.0812,13.0257],[79.1165,13.0359],[79.165,13.0191],[79.2055,13.1015],[79.2385,13.1464],[79.2861,13.1328]]]},"properties":{"DISTRICT":"Chittoor","ST_NM":"Andhra Pradesh","ST_CEN_CD":28,"DT_CEN_CD":23,"censuscode":554}},
{"type":"Feature","geometry":{"type":"Polygon","coordinates":[[[93.7245,24.5915],[93.7003,24.6116],[93.623,24.6005],[93.6072,24.5704],[93.5714,24.5906],[93.4927,24.5504],[93.4655,24.5668],[93.4298,24.5543],[93.3483,24.5744],[93.2882,24.5656],[93.2353,24.5103],[93.1724,24.5278],[93.191,24.5504],[93.1292,24.5616],[93.1062,24.5802],[93.0519,24.5415],[93.035,24.4937],[93.0477,24.4722],[93.0313,24.4257],[92.9996,24.4001],[93.0234,24.3873],[93.0343,24.3152],[93.0072,24.2773],[93.0226,24.2144],[92.985,24.1258],[93.0525,24.0874],[93.0783,24.0997],[93.128,24.0607],[93.2072,24.0475],[93.2253,24.0829],[93.2866,24.0478],[93.3358,24.0495],[93.3523,24.0938],[93.4137,24.0752],[93.4652,23.9951],[93.4704,23.9665],[93.5286,23.9564],[93.6073,23.9689],[93.6143,24.0062],[93.7445,24.0037],[93.7776,24.1051],[93.7809,24.1382],[93.8796,24.2245],[93.8643,24.2625],[93.8803,24.2856],[93.8516,24.3089],[93.8432,24.3526],[93.8091,24.3892],[93.7577,24.3982],[93.708,24.4437],[93.7325,24.4989],[93.7245,24.5915]]]},"properties":{"DISTRICT":"Churachandpur","ST_NM":"Manipur","ST_CEN_CD":14,"DT_CEN_CD":3,"censuscode":274}},
{"type":"Feature","geometry":{"type":"Polygon","coordinates":[[[75.4777,28.9348],[75.4505,28.9624],[75.4039,28.967],[75.3731,28.9142],[75.3337,28.9166],[75.3589,28.9644],[75.3204,28.9856],[75.291,28.9234],[75.2419,28.9276],[75.2485,28.8838],[75.2198,28.8574],[75.1014,28.8727],[75.0278,28.8503],[75.046,28.8934],[75.0374,28.9371],[74.9989,28.9153],[74.9194,28.8978],[74.8993,28.9354],[74.8623,28.9449],[74.8114,28.9323],[74.7727,28.8988],[74.8007,28.8536],[74.7708,28.8245],[74.7417,28.8549],[74.6945,28.8379],[74.6375,28.8368],[74.6015,28.813],[74.5788,28.8289],[74.49,28.8202],[74.439,28.8318],[74.4195,28.885],[74.278,28.8003],[74.1956,28.8089],[74.1609,28.7772],[74.169,28.7375],[74.1944,28.7115],[74.0997,28.6795],[74.0828,28.6503],[74.1084,28.5892],[74.0606,28.5291],[74.0676,28.4159],[74.0298,28.3762],[74.0649,28.3345],[74.1433,28.3435],[74.1908,28.3276],[74.1995,28.2941],[74.2355,28.2505],[74.3249,28.2546],[74.359,28.2095],[74.3407,28.1638],[74.2988,28.1458],[74.2808,28.0877],[74.2975,28.0519],[74.2421,27.9992],[74.2354,27.9631],[74.2521,27.9314],[74.2253,27.8991],[74.2276,27.8169],[74.1698,27.7945],[74.1423,27.8015],[74.0986,27.7819],[74.0645,27.7296],[73.9982,27.7339],[74.0304,27.7706],[73.9959,27.8044],[73.932,27.7844],[73.8687,27.7785],[73.874,27.6475],[73.8963,27.6023],[73.8759,27.58],[73.8782,27.5394],[73.9021,27.4963],[73.9737,27.5059],[74.0302,27.5349],[74.0821,27.479],[74.1373,27.4606],[74.1541,27.4106],[74.2047,27.4238],[74.206,27.5061],[74.2387,27.5264],[74.2573,27.6023],[74.3438,27.6794],[74.4421,27.6916],[74.4956,27.6656],[74.6068,27.6763],[74.6283,27.6482],[74.681,27.6672],[74.7487,27.6894],[74.7273,27.7176],[74.7413,27.7644],[74.8173,27.7997],[74.7968,27.8369],[74.7407,27.8552],[74.7383,27.8891],[74.8009,27.8963],[74.8211,27.938],[74.7812,27.9556],[74.7613,27.9877],[74.7927,28.0061],[74.8083,28.0583],[74.788,28.0778],[74.8025,28.117],[74.8299,28.1147],[74.8681,28.1451],[74.8926,28.1919],[74.9481,28.1873],[75.0296,28.1982],[75.0502,28.2531],[75.1489,28.2916],[75.1646,28.338],[75.1516,28.3794],[75.2185,28.3904],[75.2347,28.4554],[75.2795,28.4496],[75.3304,28.3957],[75.3351,28.3669],[75.3831,28.3379],[75.5018,28.3369],[75.5188,28.3696],[75.5718,28.3778],[75.5737,28.4082],[75.6048,28.446],[75.616,28.5055],[75.6723,28.5172],[75.6374,28.5424],[75.6177,28.6023],[75.5641,28.6111],[75.548,28.6454],[75.5395,28.7295],[75.5071,28.7844],[75.522,28.8333],[75.4967,28.8564],[75.4972,28.8951],[75.4777,28.9348]]]},"properties":{"DISTRICT":"Churu","ST_NM":"Rajasthan","ST_CEN_CD":8,"DT_CEN_CD":4,"censuscode":102}},
{"type":"Feature","geometry":{"type":"Polygon","coordinates":[[[77.1399,11.3352],[77.1121,11.377],[77.0485,11.4005],[77.0157,11.3673],[76.9642,11.3827],[76.9087,11.3475],[76.8922,11.3646],[76.8512,11.3384],[76.8628,11.3058],[76.8432,11.2863],[76.7995,11.2912],[76.7686,11.2611],[76.7068,11.239],[76.7365,11.2142],[76.696,11.1654],[76.7067,11.1404],[76.7508,11.1177],[76.7448,11.0717],[76.7007,11.0252],[76.6577,10.9366],[76.7434,10.8888],[76.7839,10.8896],[76.8286,10.8698],[76.8714,10.8079],[76.9091,10.779],[76.8867,10.7149],[76.8845,10.6376],[76.8166,10.6344],[76.8415,10.5931],[76.8295,10.4465],[76.8195,10.423],[76.8517,10.3678],[76.8392,10.3383],[76.8322,10.3033],[76.8634,10.291],[76.9047,10.2513],[76.9947,10.2284],[77.0519,10.2567],[77.0594,10.2829],[77.0952,10.3084],[77.0789,10.3808],[77.0545,10.4173],[77.082,10.5153],[77.0808,10.5698],[77.1515,10.583],[77.1742,10.6302],[77.1438,10.6705],[77.1384,10.7406],[77.1648,10.7997],[77.2407,10.7746],[77.2802,10.7873],[77.2888,10.8489],[77.254,10.862],[77.2526,10.8904],[77.1751,10.9235],[77.1535,10.9885],[77.1745,11.0359],[77.163,11.0654],[77.2573,11.1122],[77.2132,11.1246],[77.1692,11.1612],[77.142,11.2139],[77.1647,11.2719],[77.1445,11.3341],[77.1399,11.3352]]]},"properties":{"DISTRICT":"Coimbatore","ST_NM":"Tamil Nadu","ST_CEN_CD":33,"DT_CEN_CD":31,"censuscode":632}},
{"type":"Feature","geometry":{"type":"MultiPolygon","coordinates":[[[[79.6955,11.8849],[79.6935,11.8839],[79.6882,11.8842],[79.69,11.8816],[79.69,11.8669],[79.6954,11.8594],[79.6958,11.8432],[79.7027,11.8312],[79.6895,11.828],[79.6906,11.8196],[79.6866,11.8207],[79.6834,11.8122],[79.6883,11.8118],[79.6906,11.8075],[79.6754,11.8063],[79.6364,11.7999],[79.5872,11.8409],[79.4557,11.87],[79.4845,11.807],[79.4432,11.8078],[79.433,11.7328],[79.4451,11.664],[79.3829,11.6787],[79.2973,11.6343],[79.2533,11.6508],[79.2113,11.6341],[79.1849,11.5858],[79.1173,11.5981],[79.0869,11.6298],[79.0678,11.5959],[79.0181,11.6044],[79.007,11.5762],[78.9235,11.5646],[78.9051,11.5023],[78.8758,11.505],[78.9651,11.4011],[79.0343,11.3931],[79.1081,11.4011],[79.1699,11.3775],[79.258,11.3877],[79.2593,11.3884],[79.2948,11.4121],[79.37,11.4192],[79.3922,11.399],[79.395,11.3547],[79.4348,11.3403],[79.4369,11.34],[79.4988,11.3036],[79.4978,11.2571],[79.4962,11.248],[79.5054,11.2032],[79.4614,11.1543],[79.5252,11.182],[79.599,11.2174],[79.6437,11.2827],[79.7587,11.3719],[79.8051,11.3824],[79.8142,11.4206],[79.7632,11.5375],[79.7593,11.6126],[79.7931,11.7564],[79.7837,11.784],[79.7809,11.78],[79.7634,11.7904],[79.7622,11.7895],[79.7569,11.7778],[79.7139,11.7938],[79.7232,11.8016],[79.7252,11.8051],[79.7267,11.8089],[79.7316,11.8242],[79.7302,11.8378],[79.7549,11.8375],[79.7645,11.8312],[79.7964,11.8272],[79.7934,11.8329],[79.7984,11.8371],[79.7807,11.8479],[79.7757,11.8376],[79.7734,11.8366],[79.7674,11.839],[79.7625,11.8472],[79.7655,11.8505],[79.7692,11.8567],[79.7662,11.8734],[79.7588,11.8742],[79.7586,11.8681],[79.7536,11.8495],[79.743,11.8468],[79.7219,11.8615],[79.719,11.8527],[79.7128,11.8668],[79.7086,11.8682],[79.7056,11.8884],[79.6955,11.8849]]],[[[79.7744,11.9034],[79.7725,11.8867],[79.7799,11.8779],[79.7797,11.8683],[79.7897,11.8758],[79.7976,11.8975],[79.79,11.8954],[79.7839,11.8984],[79.7744,11.9034]]]]},"properties":{"DISTRICT":"Cuddalore","ST_NM":"Tamil Nadu","ST_CEN_CD":33,"DT_CEN_CD":16,"censuscode":617}},
{"type":"Feature","geometry":{"type":"Polygon","coordinates":[[[79.0764,15.0547],[79.0577,15.1419],[79.0681,15.1763],[78.9624,15.1798],[78.9524,15.2251],[78.9057,15.1975],[78.823,15.2081],[78.7696,15.1857],[78.7599,15.1052],[78.7628,15.0383],[78.7199,15.0213],[78.7187,14.9654],[78.6853,14.9367],[78.6362,14.9235],[78.6037,14.9486],[78.5516,14.9332],[78.5151,14.9684],[78.5287,15.0324],[78.4302,15.0339],[78.4132,14.9638],[78.3548,14.9892],[78.3597,15.0278],[78.3951,15.0541],[78.2964,15.0728],[78.2872,15.0327],[78.2482,15.0003],[78.2267,14.9484],[78.1888,14.9591],[78.1443,14.9453],[78.1189,14.9272],[78.0997,14.8728],[78.1169,14.8559],[78.0563,14.7768],[78.1172,14.6944],[78.1441,14.6843],[78.1277,14.6248],[78.0975,14.6254],[78.0785,14.5789],[78.0472,14.5386],[77.9875,14.5405],[77.9965,14.5011],[78.1513,14.3737],[78.2174,14.3427],[78.246,14.3153],[78.3321,14.2893],[78.4258,14.2793],[78.41,14.2077],[78.4254,14.1664],[78.4651,14.113],[78.4472,14.0814],[78.4431,14.0228],[78.4656,13.9939],[78.4917,13.9393],[78.546,13.9902],[78.5836,13.983],[78.5986,13.9581],[78.5884,13.9106],[78.6563,13.8989],[78.6872,13.8702],[78.7241,13.8862],[78.7667,13.8292],[78.7996,13.8788],[78.8826,13.897],[79.0282,13.8883],[79.0872,13.8747],[79.101,13.8482],[79.1506,13.8599],[79.2128,13.8143],[79.192,13.793],[79.2271,13.7566],[79.2951,13.7573],[79.3113,13.7234],[79.3819,13.7562],[79.4193,13.7609],[79.4605,13.8009],[79.4383,13.8597],[79.4445,13.8889],[79.4593,13.9449],[79.4339,14.0185],[79.4519,14.1075],[79.4419,14.1212],[79.4141,14.2963],[79.3274,14.4301],[79.3175,14.4693],[79.2905,14.4849],[79.2362,14.5879],[79.1829,14.6144],[79.1688,14.6772],[79.1769,14.7138],[79.1431,14.7879],[79.1223,14.8654],[79.0935,14.8921],[79.0717,14.9707],[79.0764,15.0547]]]},"properties":{"DISTRICT":"Y.s.r.","ST_NM":"Andhra Pradesh","ST_CEN_CD":28,"DT_CEN_CD":20,"censuscode":551}},
{"type":"Feature","geometry":{"type":"Polygon","coordinates":[[[86.2839,20.5839],[86.255,20.6073],[86.1893,20.6238],[86.1838,20.6584],[86.1199,20.6174],[86.0475,20.5993],[86.0114,20.6244],[85.9583,20.6838],[85.912,20.6982],[85.8875,20.6594],[85.8094,20.6602],[85.7193,20.636],[85.6589,20.5499],[85.6153,20.5417],[85.5897,20.5122],[85.5118,20.5355],[85.4582,20.4852],[85.4068,20.51],[85.379,20.4949],[85.2525,20.5182],[85.2131,20.5478],[85.1955,20.5825],[85.1296,20.6153],[85.0932,20.6108],[85.0775,20.5812],[85.0272,20.5874],[84.9897,20.5708],[84.8981,20.5803],[84.8516,20.5282],[84.8944,20.4965],[84.9456,20.4923],[85.0765,20.4157],[85.1181,20.4062],[85.1605,20.3782],[85.342,20.3574],[85.3562,20.3018],[85.3351,20.2803],[85.4503,20.2634],[85.4615,20.2945],[85.5252,20.3037],[85.6267,20.292],[85.6401,20.3192],[85.6843,20.3402],[85.7158,20.3993],[85.76,20.4043],[85.802,20.4339],[85.8272,20.3929],[85.8023,20.3252],[85.8846,20.287],[85.8718,20.3397],[85.9166,20.3457],[85.9341,20.2726],[86.0078,20.2241],[86.0262,20.1757],[86.0827,20.1063],[86.0774,20.0823],[86.1537,20.0424],[86.1895,20.0535],[86.1575,20.094],[86.1558,20.2111],[86.0794,20.2456],[86.0346,20.3116],[86.0151,20.3812],[86.0277,20.4013],[86.0873,20.3673],[86.1372,20.357],[86.1686,20.3765],[86.2021,20.3632],[86.255,20.3665],[86.2796,20.4247],[86.2684,20.4509],[86.2779,20.5173],[86.2531,20.5384],[86.2839,20.5839]]]},"properties":{"DISTRICT":"Cuttack","ST_NM":"Odisha","ST_CEN_CD":21,"DT_CEN_CD":12,"censuscode":381}},
{"type":"Feature","geometry":{"type":"Polygon","coordinates":[[[73.2066,20.1222],[73.1713,20.2026],[73.1096,20.1593],[73.0621,20.1638],[73.0601,20.2218],[73.0918,20.2292],[73.1674,20.3125],[73.0449,20.3255],[73.0356,20.2928],[72.9353,20.2939],[72.9129,20.2687],[72.959,20.2344],[72.9597,20.2128],[72.9937,20.1184],[73.0212,20.0848],[73.0475,20.0971],[73.1533,20.0734],[73.1715,20.0519],[73.2093,20.0977],[73.2066,20.1222]]]},"properties":{"DISTRICT":"Dadra & Nagar Haveli","ST_NM":"Dadara & Nagar Havelli","ST_CEN_CD":26,"DT_CEN_CD":1,"censuscode":496}},
{"type":"Feature","geometry":{"type":"Polygon","coordinates":[[[81.3559,19.3252],[81.3048,19.3363],[81.2381,19.3235],[81.2224,19.2882],[81.1283,19.2569],[81.1282,19.2569],[81.1282,19.2568],[81.131,19.2514],[81.1316,19.2473],[81.1282,19.2127],[81.1461,19.1827],[81.2061,19.1885],[81.2116,19.0858],[81.2259,19.0509],[81.2037,18.9927],[81.2338,18.9672],[81.2079,18.9181],[81.2145,18.8691],[81.189,18.8156],[81.2,18.7485],[81.163,18.6908],[81.1712,18.5901],[81.1995,18.5795],[81.1944,18.5452],[81.1544,18.5305],[81.0741,18.5456],[81.0285,18.5241],[81.031,18.4985],[80.9995,18.4734],[80.937,18.3627],[81.042,18.3401],[81.0653,18.2968],[81.052,18.2644],[81.0901,18.2174],[81.0608,18.1701],[81.0323,18.1555],[80.9819,18.1647],[80.9575,18.1297],[80.9929,17.9298],[81.0127,17.8454],[81.0408,17.7969],[81.082,17.7936],[81.1061,17.8244],[81.168,17.8599],[81.2004,17.8544],[81.2625,17.8196],[81.3935,17.8143],[81.4043,17.8951],[81.4458,17.8836],[81.4529,17.9297],[81.4851,17.9814],[81.4823,18.0359],[81.517,18.0997],[81.5309,18.1645],[81.5131,18.1909],[81.5362,18.2661],[81.5759,18.2803],[81.6017,18.3083],[81.6687,18.3229],[81.6664,18.3463],[81.7532,18.3525],[81.7703,18.4184],[81.8578,18.4961],[81.8712,18.5242],[81.905,18.5354],[81.909,18.5641],[81.9551,18.5661],[81.9556,18.6357],[81.9691,18.6927],[81.9435,18.73],[81.943,18.7682],[81.8489,18.737],[81.7734,18.7564],[81.7565,18.8112],[81.6831,18.8217],[81.6621,18.7982],[81.6198,18.8193],[81.6052,18.8514],[81.5488,18.8873],[81.5552,18.9111],[81.4789,18.9424],[81.4705,19.0044],[81.5233,19.0159],[81.4933,19.0841],[81.5017,19.204],[81.4502,19.1894],[81.3538,19.2254],[81.3577,19.3234],[81.3559,19.3252]]]},"properties":{"DISTRICT":"Dakshin Bastar Dantewada","ST_NM":"Chhattisgarh","ST_CEN_CD":22,"DT_CEN_CD":17,"censuscode":416}},
{"type":"Feature","geometry":{"type":"Polygon","coordinates":[[[88.1854,25.2859],[88.1922,25.2749],[88.2199,25.3072],[88.2713,25.2972],[88.3479,25.3006],[88.3859,25.2876],[88.4306,25.3033],[88.4644,25.2626],[88.4441,25.1973],[88.4872,25.2136],[88.5684,25.1747],[88.6249,25.2059],[88.6867,25.21],[88.809,25.174],[88.8485,25.2101],[88.9196,25.1657],[88.964,25.2106],[88.956,25.2456],[89.0051,25.3],[88.9375,25.3069],[88.8895,25.3266],[88.8467,25.3659],[88.8359,25.4812],[88.8019,25.5225],[88.7686,25.4966],[88.7106,25.4959],[88.7007,25.4733],[88.6476,25.483],[88.6074,25.5145],[88.5536,25.516],[88.5063,25.5502],[88.4984,25.5798],[88.4615,25.5935],[88.413,25.5906],[88.3907,25.566],[88.3304,25.5505],[88.2565,25.4871],[88.2667,25.4254],[88.2479,25.3796],[88.1854,25.2859]]]},"properties":{"DISTRICT":"Dakshin Dinajpur","ST_NM":"West Bengal","ST_CEN_CD":19,"DT_CEN_CD":5,"censuscode":331}},
{"type":"Feature","geometry":{"type":"Polygon","coordinates":[[[75.557,12.9149],[75.555,12.9448],[75.5157,12.9806],[75.5313,13.0004],[75.5257,13.0483],[75.4874,13.0923],[75.4339,13.1201],[75.3771,13.1814],[75.3293,13.1703],[75.3105,13.1323],[75.2539,13.1287],[75.1998,13.1785],[75.162,13.1333],[75.13,13.1346],[75.0769,13.0453],[75.014,12.9841],[74.9989,13.0126],[74.9647,13.0135],[74.8856,13.0439],[74.8903,13.0955],[74.8628,13.1261],[74.8314,13.1263],[74.7876,13.0972],[74.7827,13.0309],[74.8071,12.8947],[74.863,12.7583],[74.9538,12.7835],[75.0051,12.7898],[74.9916,12.7425],[75.003,12.718],[75.0498,12.7191],[75.048,12.6645],[75.1131,12.6804],[75.162,12.6686],[75.1557,12.6241],[75.2024,12.6297],[75.2152,12.578],[75.2394,12.5688],[75.2781,12.6164],[75.303,12.6038],[75.2723,12.5583],[75.306,12.5023],[75.372,12.4884],[75.4167,12.5017],[75.4361,12.5281],[75.4722,12.4978],[75.4652,12.4719],[75.5575,12.5011],[75.5927,12.5371],[75.6179,12.5104],[75.6727,12.5549],[75.6488,12.6665],[75.6728,12.7005],[75.6379,12.6961],[75.6597,12.7505],[75.6145,12.7982],[75.6232,12.8572],[75.5648,12.8739],[75.557,12.9149]]]},"properties":{"DISTRICT":"Dakshina Kannada","ST_NM":"Karnataka","ST_CEN_CD":29,"DT_CEN_CD":21,"censuscode":575}},
{"type":"Feature","geometry":{"type":"Polygon","coordinates":[[[72.802,20.3742],[72.8809,20.3696],[72.8958,20.4214],[72.8825,20.4628],[72.8446,20.4746],[72.8256,20.4507],[72.802,20.3742]]]},"properties":{"DISTRICT":"Daman","ST_NM":"Daman & Diu","ST_CEN_CD":25,"DT_CEN_CD":2,"censuscode":495}},
{"type":"Feature","geometry":{"type":"Polygon","coordinates":[[[79.7974,24.3729],[79.7568,24.413],[79.6848,24.3923],[79.6603,24.3694],[79.6311,24.4035],[79.5711,24.4455],[79.5626,24.3881],[79.5114,24.3994],[79.4776,24.3879],[79.4403,24.4119],[79.3955,24.3856],[79.4111,24.3481],[79.3865,24.2383],[79.3641,24.1916],[79.3037,24.172],[79.3273,24.1455],[79.2253,24.1404],[79.1459,24.1009],[79.1816,24.0076],[79.1175,23.9776],[79.0757,23.9313],[79.1128,23.8796],[79.1833,23.8334],[79.2461,23.8285],[79.2217,23.7844],[79.2854,23.7447],[79.3026,23.6757],[79.2981,23.5732],[79.3318,23.5258],[79.2995,23.513],[79.286,23.4771],[79.1827,23.4308],[79.1933,23.3635],[79.2362,23.3388],[79.211,23.3132],[79.2301,23.2899],[79.1896,23.22],[79.2269,23.2244],[79.2419,23.2498],[79.3011,23.2281],[79.3343,23.1475],[79.372,23.1642],[79.4255,23.1922],[79.5117,23.2649],[79.5397,23.261],[79.6951,23.3559],[79.7377,23.424],[79.8018,23.465],[79.8285,23.5122],[79.8507,23.5052],[79.8788,23.5493],[79.9306,23.6045],[79.9525,23.6645],[79.8281,23.6971],[79.8203,23.7397],[79.8662,23.8288],[79.8706,23.8902],[79.8388,23.9331],[79.857,23.9919],[79.8454,24.0218],[79.7881,24.0309],[79.762,24.0727],[79.7707,24.1095],[79.8125,24.1589],[79.845,24.2468],[79.8139,24.2836],[79.8587,24.2986],[79.7974,24.3729]]]},"properties":{"DISTRICT":"Damoh","ST_NM":"Madhya Pradesh","ST_CEN_CD":23,"DT_CEN_CD":11,"censuscode":428}},
{"type":"Feature","geometry":{"type":"Polygon","coordinates":[[[85.7689,26.4356],[85.7102,26.446],[85.6923,26.377],[85.7316,26.3437],[85.7047,26.3066],[85.7155,26.2767],[85.7002,26.2261],[85.7271,26.201],[85.7286,26.1262],[85.7151,26.0903],[85.719,26.0473],[85.8668,26.022],[85.8738,25.9852],[85.9178,25.9736],[85.9815,25.9366],[86.0396,25.9472],[86.0624,25.9189],[86.1096,25.894],[86.2124,25.888],[86.2674,25.9075],[86.2992,25.9018],[86.3111,25.8668],[86.3686,25.938],[86.3774,26.0442],[86.3223,26.0982],[86.3223,26.1584],[86.2406,26.2011],[86.2413,26.2318],[86.164,26.2284],[86.1115,26.2051],[86.0562,26.2132],[86.0029,26.2669],[86.0113,26.3022],[85.9142,26.3072],[85.8808,26.277],[85.8357,26.2824],[85.8152,26.3167],[85.8245,26.3822],[85.8126,26.4104],[85.7689,26.4356]]]},"properties":{"DISTRICT":"Darbhanga","ST_NM":"Bihar","ST_CEN_CD":10,"DT_CEN_CD":13,"censuscode":215}},
{"type":"Feature","geometry":{"type":"Polygon","coordinates":[[[88.7587,27.148],[88.7248,27.1438],[88.6915,27.18],[88.6667,27.162],[88.5987,27.1942],[88.528,27.1779],[88.5392,27.1541],[88.4391,27.0813],[88.3711,27.0981],[88.2855,27.1305],[88.2399,27.1194],[88.1865,27.1343],[88.1598,27.1113],[88.0962,27.1384],[88.0659,27.2135],[88.0169,27.2164],[88.0154,27.162],[87.9931,27.1078],[88.0252,27.0848],[88.0458,27.0382],[88.0859,27.0335],[88.093,27.0069],[88.1351,26.9808],[88.1443,26.8893],[88.1724,26.868],[88.1881,26.768],[88.1867,26.7182],[88.1597,26.6357],[88.14,26.6213],[88.1122,26.5389],[88.1389,26.5124],[88.1924,26.544],[88.24,26.5322],[88.1859,26.4938],[88.2432,26.4492],[88.2713,26.4857],[88.3451,26.4974],[88.3771,26.5777],[88.4173,26.6299],[88.4051,26.673],[88.4475,26.7891],[88.4483,26.835],[88.5774,26.8884],[88.6109,26.879],[88.6691,26.9261],[88.7676,26.9243],[88.7635,26.9639],[88.8183,26.9901],[88.8788,26.9645],[88.8855,27.0382],[88.8768,27.1085],[88.7587,27.148]]]},"properties":{"DISTRICT":"Darjiling","ST_NM":"West Bengal","ST_CEN_CD":19,"DT_CEN_CD":1,"censuscode":327}},
{"type":"Feature","geometry":{"type":"Polygon","coordinates":[[[92.3548,26.585],[92.3281,26.5917],[92.3358,26.6687],[92.3006,26.6649],[92.2702,26.5923],[92.1894,26.6688],[92.0763,26.6287],[92.0281,26.5595],[91.9695,26.554],[91.9364,26.5742],[91.7891,26.4994],[91.7849,26.4959],[91.7812,26.4914],[91.7669,26.4662],[91.7832,26.4112],[91.8206,26.379],[91.822,26.3248],[91.7871,26.2962],[91.787,26.244],[91.7553,26.2047],[91.7617,26.1999],[91.8925,26.2189],[91.956,26.2537],[91.9844,26.2748],[92.0508,26.2808],[92.0862,26.3369],[92.1441,26.3985],[92.1815,26.423],[92.2225,26.4168],[92.2573,26.4513],[92.2913,26.4595],[92.3465,26.5021],[92.3638,26.5856],[92.3548,26.585]]]},"properties":{"DISTRICT":"Darrang","ST_NM":"Assam","ST_CEN_CD":18,"DT_CEN_CD":26,"censuscode":325}},
{"type":"Feature","geometry":{"type":"Polygon","coordinates":[[[77.4809,35.4779],[77.4506,35.4629],[77.3778,35.4784],[77.3222,35.5368],[77.3784,35.5503],[77.4402,35.5181],[77.4724,35.5211],[77.4379,35.6411],[77.4041,35.6612],[77.3584,35.7177],[77.2246,35.715],[77.1753,35.7317],[77.1659,35.7586],[77.1195,35.7964],[77.0815,35.7978],[77.0333,35.7764],[76.9352,35.7841],[76.8654,35.8265],[76.8038,35.8504],[76.7857,35.8899],[76.7228,35.9534],[76.7682,36.008],[76.805,36.0169],[76.8007,36.049],[76.726,36.0785],[76.6973,36.1359],[76.6373,36.1849],[76.6012,36.1655],[76.4817,36.2114],[76.456,36.2414],[76.432,36.3082],[76.3524,36.3599],[76.2548,36.3478],[76.1731,36.3903],[76.0692,36.4775],[75.9234,36.5024],[75.8491,36.5443],[75.8062,36.5543],[75.7483,36.5884],[75.6752,36.696],[75.6165,36.7616],[75.479,36.8068],[75.4481,36.8804],[75.4088,36.9167],[75.4279,36.952],[75.3743,36.9613],[75.3452,37.0031],[75.3449,37.0514],[75.265,37.0519],[75.2023,37.0211],[75.1358,36.9574],[75.0871,36.9429],[75.0187,36.9764],[74.9413,36.9347],[74.9141,36.9091],[74.846,36.9899],[74.8339,37.0249],[74.7282,37.026],[74.7087,37.0776],[74.5894,37.0286],[74.5787,36.9486],[74.5337,36.9861],[74.4294,36.9898],[74.3653,36.9568],[74.2614,36.8866],[74.1735,36.9039],[74.1464,36.8471],[74.0927,36.8386],[74.0522,36.8066],[73.9714,36.8401],[73.9378,36.8739],[73.8788,36.8944],[73.8097,36.8965],[73.7112,36.9128],[73.6814,36.8856],[73.7265,36.8327],[73.8094,36.8128],[73.8636,36.7882],[73.9001,36.7497],[73.9008,36.7067],[73.8663,36.7001],[73.8091,36.7167],[73.7251,36.71],[73.7006,36.6849],[73.6075,36.6985],[73.6056,36.7157],[73.5299,36.7207],[73.4363,36.7446],[73.3691,36.7326],[73.3147,36.7064],[73.2099,36.7019],[73.1939,36.7208],[73.1311,36.6883],[73.085,36.6823],[73.1125,36.6101],[73.0615,36.5377],[72.9925,36.4969],[72.9921,36.4581],[72.9223,36.463],[72.8775,36.4381],[72.8901,36.3978],[72.837,36.3661],[72.7786,36.3099],[72.6644,36.264],[72.5971,36.2642],[72.5515,36.1812],[72.5738,36.151],[72.5366,36.1145],[72.5317,36.0724],[72.5862,36.0504],[72.596,36.0273],[72.5489,35.9635],[72.5337,35.9174],[72.595,35.8756],[72.6456,35.8663],[72.6911,35.8329],[72.7234,35.8539],[72.7773,35.844],[72.799,35.8675],[72.9016,35.8817],[72.9294,35.8455],[72.9879,35.8612],[73.0381,35.8548],[73.0792,35.8863],[73.153,35.8426],[73.135,35.7855],[73.1393,35.7186],[73.2155,35.6751],[73.2727,35.6298],[73.3697,35.6042],[73.4068,35.564],[73.4818,35.5773],[73.5579,35.5557],[73.6394,35.5708],[73.6727,35.5512],[73.7208,35.5535],[73.786,35.5243],[73.7956,35.462],[73.7389,35.4279],[73.7004,35.3584],[73.6999,35.3232],[73.7271,35.2783],[73.7152,35.2284],[73.7775,35.2439],[73.8468,35.2296],[73.8652,35.2108],[73.9173,35.2122],[73.9636,35.174],[73.9921,35.1847],[74.045,35.1464],[74.102,35.1458],[74.1342,35.1126],[74.0952,35.0975],[74.0664,35.0485],[74.104,35.0147],[74.0603,34.9916],[74.0743,34.9411],[74.0439,34.9219],[74.0304,34.8776],[73.9728,34.8637],[73.9662,34.8447],[73.8974,34.8218],[73.8438,34.8158],[73.8211,34.796],[73.7738,34.7969],[73.7314,34.7715],[73.6703,34.6897],[73.6903,34.6436],[73.6189,34.5859],[73.5535,34.5932],[73.5355,34.5777],[73.4478,34.5742],[73.4254,34.4423],[73.4003,34.3595],[73.4263,34.3494],[73.4931,34.2202],[73.489,34.1448],[73.5149,34.0066],[73.5496,33.9315],[73.5862,33.8994],[73.5584,33.7836],[73.5913,33.7542],[73.5919,33.7],[73.5632,33.6759],[73.5734,33.6183],[73.6196,33.5776],[73.596,33.4926],[73.6249,33.4576],[73.5897,33.4442],[73.5585,33.3684],[73.583,33.3294],[73.6056,33.2517],[73.6582,33.2051],[73.6564,33.1693],[73.6305,33.1281],[73.6318,33.0866],[73.6886,33.0884],[73.7353,33.0667],[73.7403,33.0436],[73.8065,32.9713],[73.8227,33.0057],[73.8928,33.0028],[73.9583,32.987],[73.9973,32.9602],[73.9883,32.9357],[74.0523,32.9307],[74.0554,32.9117],[74.1782,32.883],[74.2174,32.8453],[74.2999,32.8244],[74.312,32.7915],[74.3837,32.7579],[74.4031,32.78],[74.4512,32.7836],[74.5216,32.8887],[74.4941,32.9459],[74.5654,32.9929],[74.5913,32.9962],[74.5786,33.0338],[74.5417,33.0632],[74.491,33.0764],[74.445,33.0637],[74.4005,33.0715],[74.3553,33.108],[74.2172,33.1461],[74.1733,33.2046],[74.1537,33.328],[74.1288,33.3754],[74.0869,33.4047],[74.0738,33.4367],[74.0815,33.5216],[74.0585,33.5483],[74.0042,33.5336],[73.9728,33.5669],[73.9207,33.5617],[73.8815,33.6498],[73.8845,33.7428],[73.9448,33.8367],[73.9698,33.8525],[74.1489,33.9283],[74.1624,34.01],[74.2655,33.9882],[74.3201,33.9556],[74.3217,34.0214],[74.2913,34.0921],[74.3286,34.1454],[74.3149,34.2028],[74.251,34.2271],[74.1751,34.2375],[74.0394,34.2704],[74.02,34.2853],[73.9937,34.2949],[73.9456,34.3974],[73.9157,34.4358],[73.9097,34.4984],[73.9352,34.5346],[73.9775,34.5609],[74.1014,34.599],[74.175,34.6089],[74.252,34.6443],[74.2779,34.6719],[74.359,34.7124],[74.3682,34.7549],[74.4673,34.8177],[74.5752,34.8652],[74.6035,34.8691],[74.6819,34.7702],[74.7883,34.6885],[74.9353,34.5856],[74.9878,34.5286],[75.0835,34.5],[75.2207,34.5037],[75.3046,34.515],[75.3924,34.5434],[75.7051,34.6116],[75.8156,34.6428],[75.8853,34.65],[75.9898,34.6725],[76.0473,34.6744],[76.121,34.7086],[76.1947,34.7664],[76.2521,34.831],[76.3075,34.8616],[76.3751,34.8331],[76.5393,34.8254],[76.8474,34.8333],[76.9643,34.8494],[77.0688,34.8798],[77.109,34.9616],[77.0945,35.0435],[77.0448,35.0744],[77.065,35.1398],[77.1075,35.1499],[77.2494,35.135],[77.2793,35.1451],[77.3372,35.2226],[77.4809,35.4779]]]},"properties":{"DISTRICT":"Data Not Available","ST_NM":"Jammu & Kashmir","ST_CEN_CD":99,"DT_CEN_CD":99,"censuscode":0}},
{"type":"Feature","geometry":{"type":"Polygon","coordinates":[[[78.7748,26.0155],[78.8151,26.0718],[78.8243,26.1258],[78.8054,26.1633],[78.8157,26.2036],[78.7923,26.2257],[78.8246,26.2601],[78.7924,26.2887],[78.7421,26.2263],[78.6979,26.2148],[78.6945,26.1651],[78.6292,26.1568],[78.6081,26.0991],[78.6415,26.0837],[78.5829,26.0052],[78.5413,25.9747],[78.4878,25.9629],[78.4669,25.9044],[78.3881,25.85],[78.318,25.8174],[78.2809,25.781],[78.275,25.7683],[78.2811,25.7501],[78.2603,25.719],[78.3442,25.6603],[78.3758,25.6608],[78.3839,25.6209],[78.3888,25.6075],[78.4677,25.5844],[78.4682,25.5794],[78.4661,25.5696],[78.4638,25.5638],[78.4611,25.5637],[78.4591,25.5667],[78.4574,25.5735],[78.4529,25.5725],[78.4443,25.5591],[78.4673,25.5593],[78.4884,25.5751],[78.5885,25.559],[78.6287,25.5769],[78.712,25.6816],[78.7161,25.7333],[78.679,25.7618],[78.688,25.7827],[78.6587,25.8239],[78.6265,25.828],[78.6276,25.8997],[78.67,25.9284],[78.6917,25.9165],[78.7271,25.9445],[78.7429,26.006],[78.7748,26.0155]]]},"properties":{"DISTRICT":"Datia","ST_NM":"Madhya Pradesh","ST_CEN_CD":23,"DT_CEN_CD":5,"censuscode":422}},
{"type":"Feature","geometry":{"type":"Polygon","coordinates":[[[76.5083,14.5638],[76.4251,14.5813],[76.4326,14.619],[76.3945,14.6278],[76.3774,14.6637],[76.3447,14.6664],[76.3237,14.6923],[76.2496,14.694],[76.2315,14.6488],[76.187,14.7007],[76.2027,14.7506],[76.145,14.8096],[76.1907,14.8469],[76.1277,14.8696],[76.0746,14.8683],[76.0805,14.8997],[76.0524,14.9181],[75.9974,14.8981],[75.9719,14.9072],[75.8874,14.8695],[75.828,14.8978],[75.8038,14.8741],[75.837,14.8059],[75.8007,14.7692],[75.7728,14.7927],[75.7571,14.7383],[75.7401,14.6848],[75.7941,14.6819],[75.8123,14.6512],[75.8053,14.5992],[75.8189,14.5619],[75.7959,14.5086],[75.7546,14.5136],[75.7217,14.4766],[75.688,14.4897],[75.6416,14.4305],[75.6226,14.3368],[75.5795,14.2765],[75.5362,14.2774],[75.5287,14.2098],[75.4788,14.2146],[75.4609,14.1733],[75.4002,14.1144],[75.4516,14.0949],[75.5162,14.0963],[75.5862,14.0571],[75.6359,14.0786],[75.6708,14.0655],[75.7229,14.0745],[75.7397,14.101],[75.8136,14.0979],[75.8271,13.9721],[75.8578,13.9139],[75.8799,13.8103],[75.9441,13.8129],[75.9715,13.855],[76.0311,13.8694],[76.0342,13.8959],[76.0465,13.9401],[76.0554,14.0722],[76.0252,14.1077],[76.0616,14.1589],[76.0621,14.2197],[76.08,14.2436],[76.1319,14.2548],[76.1108,14.3154],[76.1569,14.3196],[76.1519,14.4061],[76.1379,14.4257],[76.2049,14.4566],[76.2616,14.4417],[76.2786,14.4057],[76.3331,14.4067],[76.3839,14.4204],[76.4277,14.4478],[76.4602,14.451],[76.4601,14.5013],[76.5334,14.5354],[76.5083,14.5638]]]},"properties":{"DISTRICT":"Davanagere","ST_NM":"Karnataka","ST_CEN_CD":29,"DT_CEN_CD":13,"censuscode":567}},
{"type":"Feature","geometry":{"type":"Polygon","coordinates":[[[84.6799,21.7345],[84.6521,21.7396],[84.6277,21.6947],[84.5787,21.7],[84.5378,21.6756],[84.5134,21.6835],[84.4915,21.6377],[84.5531,21.5918],[84.5116,21.5593],[84.4822,21.4241],[84.5003,21.363],[84.5377,21.3807],[84.5702,21.3207],[84.5736,21.2617],[84.6325,21.2755],[84.6656,21.3116],[84.7173,21.315],[84.7664,21.2723],[84.7614,21.2331],[84.7285,21.224],[84.7448,21.1706],[84.8005,21.1335],[84.8235,21.1726],[84.8807,21.1651],[84.9227,21.1421],[84.9502,21.1757],[84.9308,21.2317],[84.9039,21.2533],[84.9634,21.2986],[85.0078,21.2902],[85.0081,21.3831],[84.9959,21.4151],[85.0235,21.4556],[85.1575,21.4604],[85.2064,21.5204],[85.2157,21.554],[85.1912,21.5874],[85.1505,21.594],[85.0368,21.6066],[85.0277,21.6715],[84.96,21.6828],[84.8659,21.6523],[84.7932,21.6684],[84.7826,21.625],[84.7556,21.6281],[84.7491,21.6814],[84.7206,21.7149],[84.6799,21.7345]]]},"properties":{"DISTRICT":"Debagarh","ST_NM":"Odisha","ST_CEN_CD":21,"DT_CEN_CD":4,"censuscode":373}},
{"type":"Feature","geometry":{"type":"Polygon","coordinates":[[[78.0156,30.6127],[78.0715,30.6723],[78.0891,30.7186],[78.0658,30.7589],[78.0305,30.7863],[77.9885,30.8489],[77.9805,30.8972],[78.0224,30.912],[77.9709,30.9751],[77.9288,30.9695],[77.9172,30.9621],[77.9089,30.954],[77.8412,30.9338],[77.8183,30.9358],[77.8052,30.9214],[77.815,30.908],[77.7976,30.8673],[77.7793,30.8605],[77.7769,30.8634],[77.7759,30.8704],[77.7723,30.8758],[77.7586,30.8765],[77.755,30.8696],[77.7558,30.8595],[77.7455,30.8461],[77.7581,30.8315],[77.7022,30.7639],[77.7549,30.7058],[77.7472,30.681],[77.7887,30.6362],[77.7457,30.6022],[77.7671,30.5653],[77.8194,30.5558],[77.8127,30.5064],[77.7811,30.4994],[77.6749,30.4438],[77.617,30.4325],[77.5762,30.3996],[77.6489,30.4052],[77.6871,30.3796],[77.7239,30.3337],[77.8255,30.2856],[77.9446,30.2417],[78.0073,30.1721],[78.0364,30.1099],[78.0719,30.0748],[78.0952,30.0171],[78.1343,30.0004],[78.1527,29.9606],[78.1939,29.9445],[78.2345,29.9929],[78.2292,30.0171],[78.2812,30.0639],[78.3121,30.1126],[78.256,30.1424],[78.247,30.2038],[78.2992,30.2435],[78.27,30.3036],[78.1881,30.3034],[78.1499,30.3241],[78.1424,30.3658],[78.2325,30.4127],[78.2294,30.4371],[78.1659,30.4515],[78.1025,30.4804],[78.0473,30.4827],[77.9872,30.4657],[77.9406,30.5062],[77.9885,30.5137],[78.0156,30.6127]]]},"properties":{"DISTRICT":"Dehradun","ST_NM":"Uttarakhand","ST_CEN_CD":5,"DT_CEN_CD":5,"censuscode":60}},
{"type":"Feature","geometry":{"type":"Polygon","coordinates":[[[86.9171,24.5397],[86.8824,24.5683],[86.8147,24.5647],[86.7979,24.6162],[86.6745,24.5615],[86.6155,24.6082],[86.5894,24.5736],[86.5298,24.5366],[86.4965,24.4853],[86.4948,24.426],[86.4584,24.3696],[86.4789,24.3016],[86.5069,24.2822],[86.5178,24.2229],[86.4893,24.1521],[86.5548,24.1541],[86.5757,24.1402],[86.6576,24.1336],[86.7439,24.0995],[86.768,24.0715],[86.798,24.0884],[86.8333,24.0565],[86.882,24.0748],[86.9435,24.0446],[86.9731,24.0626],[86.9795,24.1094],[86.9341,24.1438],[86.9416,24.1706],[86.9775,24.1864],[86.9944,24.2175],[87.0375,24.2022],[87.0712,24.253],[87.0449,24.2622],[87.0254,24.3259],[86.988,24.3065],[86.9624,24.3172],[86.887,24.4471],[86.9117,24.4896],[86.9171,24.5397]]]},"properties":{"DISTRICT":"Deoghar","ST_NM":"Jharkhand","ST_CEN_CD":20,"DT_CEN_CD":5,"censuscode":350}},
{"type":"Feature","geometry":{"type":"Polygon","coordinates":[[[84.058,26.5478],[84.011,26.5763],[83.9699,26.6234],[83.961,26.6713],[83.9044,26.6961],[83.8746,26.7475],[83.8124,26.7466],[83.8014,26.7139],[83.7159,26.6864],[83.6833,26.7],[83.655,26.6581],[83.6317,26.657],[83.602,26.5146],[83.5005,26.4942],[83.4817,26.4571],[83.5244,26.4002],[83.5665,26.3926],[83.6254,26.3224],[83.6583,26.319],[83.6347,26.223],[83.7418,26.2624],[83.7904,26.2295],[83.8112,26.1907],[83.8636,26.185],[83.8986,26.127],[83.9577,26.1315],[83.9803,26.1161],[84.0579,26.0974],[84.0367,26.1606],[84.011,26.1877],[84.0426,26.2297],[84.0825,26.2225],[84.1663,26.2586],[84.1907,26.3147],[84.1804,26.3716],[84.0706,26.3876],[84.0253,26.4394],[83.9926,26.4323],[83.9115,26.4475],[83.916,26.504],[83.9746,26.509],[84.058,26.5478]]]},"properties":{"DISTRICT":"Deoria","ST_NM":"Uttar Pradesh","ST_CEN_CD":9,"DT_CEN_CD":59,"censuscode":190}},
{"type":"Feature","geometry":{"type":"Polygon","coordinates":[[[76.1133,23.2413],[76.0727,23.2372],[76.0704,23.2085],[76.1242,23.2098],[76.127,23.1759],[76.0717,23.1621],[76.0604,23.139],[76.1026,23.0921],[76.11,23.0602],[76.0771,23.0491],[76.0331,23.1409],[76.0302,23.1804],[76.004,23.2075],[75.9923,23.2803],[75.9489,23.3198],[75.9292,23.273],[75.9344,23.2244],[75.9542,23.181],[75.9337,23.1348],[75.9599,23.1263],[75.9902,23.0868],[75.9795,23.0428],[75.9554,23.0234],[75.9037,23.0256],[75.9005,23.0003],[75.9795,22.9218],[75.9854,22.8865],[76.0329,22.8441],[76.1035,22.7012],[76.1908,22.6898],[76.2456,22.6435],[76.2306,22.6171],[76.1627,22.6225],[76.0897,22.5873],[76.087,22.5474],[76.1021,22.4762],[76.1621,22.4369],[76.2155,22.4182],[76.2383,22.3926],[76.2136,22.3295],[76.2533,22.2927],[76.344,22.3052],[76.4018,22.3384],[76.4485,22.3472],[76.4463,22.3855],[76.5105,22.4151],[76.56,22.4034],[76.6057,22.4081],[76.6235,22.3782],[76.6649,22.3517],[76.686,22.3021],[76.744,22.2973],[76.7822,22.3474],[76.7896,22.4287],[76.8969,22.4851],[77.0287,22.4997],[77.0877,22.5222],[77.1236,22.5595],[77.1186,22.5998],[77.0848,22.6257],[77.0883,22.6536],[77.0411,22.6718],[77.0278,22.7673],[77.0105,22.7963],[77.0002,22.8684],[76.9182,22.8608],[76.8267,22.8681],[76.7895,22.8338],[76.7047,22.8105],[76.6775,22.7847],[76.6258,22.7983],[76.5808,22.7733],[76.5198,22.8179],[76.5205,22.8618],[76.4517,22.9287],[76.4625,23.0713],[76.5384,23.1287],[76.509,23.1789],[76.4144,23.1958],[76.4093,23.2172],[76.2819,23.2273],[76.1584,23.2215],[76.1133,23.2413]]]},"properties":{"DISTRICT":"Dewas","ST_NM":"Madhya Pradesh","ST_CEN_CD":23,"DT_CEN_CD":20,"censuscode":437}},
{"type":"Feature","geometry":{"type":"Polygon","coordinates":[[[91.9131,24.1404],[91.8957,24.1355],[91.8489,24.2055],[91.7498,24.2448],[91.7609,24.1387],[91.752,24.0728],[91.7609,24.0266],[91.7548,23.9561],[91.7775,23.9113],[91.7823,23.8192],[91.774,23.7708],[91.787,23.7421],[91.7788,23.6907],[91.7777,23.6553],[91.8047,23.5243],[91.8619,23.4362],[91.8667,23.4076],[91.8926,23.4335],[91.9461,23.439],[91.9468,23.4707],[91.9787,23.4822],[91.9404,23.6643],[91.9839,23.7307],[92.0124,23.6631],[92.0812,23.6488],[92.1712,23.7378],[92.1621,23.7528],[92.1576,23.8477],[92.1294,23.9308],[92.0956,23.9338],[92.0928,23.9996],[92.0534,24.0991],[91.9685,24.0718],[91.9131,24.1404]]]},"properties":{"DISTRICT":"Dhalai","ST_NM":"Tripura","ST_CEN_CD":16,"DT_CEN_CD":3,"censuscode":291}},
{"type":"Feature","geometry":{"type":"Polygon","coordinates":[[[82.0175,20.0491],[82.0426,20.0959],[82.0941,20.1018],[82.1361,20.1468],[82.1355,20.1863],[82.1747,20.2591],[82.1426,20.2865],[82.1083,20.2893],[82.0803,20.3671],[82.0831,20.4125],[82.0566,20.4779],[82.0215,20.5289],[82.0181,20.5771],[81.9975,20.6396],[82.013,20.6751],[81.9726,20.7297],[81.9271,20.7486],[81.9111,20.7905],[81.924,20.8188],[81.8922,20.8713],[81.878,20.9624],[81.838,20.9398],[81.7839,20.9703],[81.7518,21.0102],[81.7085,21.0162],[81.6597,20.9985],[81.613,21.0244],[81.6242,20.9894],[81.5916,20.9418],[81.547,20.9304],[81.4778,20.8583],[81.5191,20.8289],[81.4862,20.7775],[81.4996,20.6615],[81.4961,20.6025],[81.4562,20.567],[81.412,20.5522],[81.431,20.5164],[81.621,20.5149],[81.6956,20.4823],[81.7372,20.4822],[81.737,20.4278],[81.7696,20.3872],[81.7653,20.3596],[81.7976,20.3294],[81.7776,20.2326],[81.8056,20.2111],[81.8169,20.1691],[81.848,20.1634],[81.8532,20.105],[81.8813,20.0503],[81.897,20.0474],[81.9415,20.1034],[82.0175,20.0491]]]},"properties":{"DISTRICT":"Dhamtari","ST_NM":"Chhattisgarh","ST_CEN_CD":22,"DT_CEN_CD":13,"censuscode":412}},
{"type":"Feature","geometry":{"type":"Polygon","coordinates":[[[86.4709,24.018],[86.3493,24.0555],[86.3405,24.0187],[86.3052,23.9904],[86.2798,23.9331],[86.1979,23.9484],[86.1372,23.9365],[86.1191,23.894],[86.1383,23.8412],[86.2139,23.7089],[86.3718,23.702],[86.4226,23.6587],[86.4447,23.6217],[86.4871,23.637],[86.5344,23.6309],[86.5963,23.6642],[86.7166,23.6991],[86.7437,23.6796],[86.8012,23.6954],[86.8223,23.778],[86.7985,23.8331],[86.7658,23.8785],[86.7248,23.8841],[86.7068,23.923],[86.6582,23.94],[86.5798,23.9991],[86.5245,23.9991],[86.4709,24.018]]]},"properties":{"DISTRICT":"Dhanbad","ST_NM":"Jharkhand","ST_CEN_CD":20,"DT_CEN_CD":9,"censuscode":354}},
{"type":"Feature","geometry":{"type":"Polygon","coordinates":[[[75.4378,22.8695],[75.3745,22.8683],[75.3319,22.8388],[75.32,22.9293],[75.3244,22.9877],[75.303,22.9951],[75.3122,23.0461],[75.3386,23.0587],[75.302,23.129],[75.2415,23.1359],[75.2351,23.0876],[75.1043,23.1104],[75.0092,23.1109],[75.0079,22.9406],[74.9862,22.8656],[74.9531,22.807],[74.9033,22.7569],[74.7648,22.7473],[74.7963,22.6573],[74.7825,22.5789],[74.7429,22.558],[74.7179,22.5306],[74.7135,22.4632],[74.6912,22.4134],[74.6931,22.3677],[74.6323,22.3623],[74.6233,22.3293],[74.647,22.2724],[74.6015,22.2682],[74.5894,22.2416],[74.5278,22.2367],[74.4963,22.1736],[74.5344,22.1146],[74.4734,22.1125],[74.5029,22.0444],[74.5352,22.0487],[74.5608,22.022],[74.6067,22.024],[74.7891,22.0783],[74.8299,22.06],[74.9046,22.0822],[75.0169,22.0858],[75.1988,22.1047],[75.231,22.1206],[75.3191,22.1337],[75.5046,22.1576],[75.5356,22.2259],[75.5304,22.2712],[75.497,22.3363],[75.5591,22.3749],[75.5453,22.4104],[75.5719,22.4532],[75.5717,22.5123],[75.5929,22.5559],[75.6787,22.5807],[75.7145,22.6192],[75.661,22.6358],[75.5272,22.6319],[75.509,22.731],[75.4887,22.7618],[75.4373,22.7733],[75.4233,22.8276],[75.4378,22.8695]]]},"properties":{"DISTRICT":"Dhar","ST_NM":"Madhya Pradesh","ST_CEN_CD":23,"DT_CEN_CD":21,"censuscode":438}},
{"type":"Feature","geometry":{"type":"Polygon","coordinates":[[[78.6354,12.1752],[78.5867,12.1628],[78.57,12.1861],[78.5223,12.1724],[78.5032,12.1428],[78.4415,12.1877],[78.3787,12.1929],[78.3345,12.2615],[78.2762,12.2593],[78.2322,12.3132],[78.1855,12.3317],[78.1446,12.3709],[78.1182,12.4427],[78.052,12.4639],[78.0207,12.4561],[77.9915,12.5057],[77.9483,12.4904],[77.9018,12.4986],[77.9735,12.4069],[77.9402,12.3314],[77.876,12.3216],[77.8636,12.2567],[77.8191,12.2281],[77.7934,12.1542],[77.7512,12.1532],[77.7782,12.1188],[77.7573,12.0789],[77.7006,12.0195],[77.6759,11.9492],[77.7382,11.9369],[77.7624,11.9114],[77.8468,11.893],[77.8665,11.913],[77.9738,11.8925],[78.0364,11.9278],[78.146,11.9625],[78.2353,11.975],[78.2563,11.935],[78.3678,11.8765],[78.3303,11.7954],[78.3555,11.7925],[78.4037,11.8699],[78.4343,11.8589],[78.4542,11.8239],[78.5425,11.8004],[78.5961,11.8186],[78.627,11.8635],[78.6414,11.8818],[78.7245,11.9153],[78.7054,11.9338],[78.7175,11.9798],[78.7056,12.0266],[78.7406,12.1339],[78.6666,12.1127],[78.6364,12.1432],[78.6354,12.1752]]]},"properties":{"DISTRICT":"Dharmapuri","ST_NM":"Tamil Nadu","ST_CEN_CD":33,"DT_CEN_CD":29,"censuscode":630}},
{"type":"Feature","geometry":{"type":"Polygon","coordinates":[[[75.4195,15.0617],[75.4354,15.1059],[75.4023,15.1738],[75.4345,15.1984],[75.415,15.3006],[75.4513,15.3017],[75.4587,15.3487],[75.493,15.3722],[75.495,15.4708],[75.4729,15.4931],[75.4858,15.5308],[75.5319,15.5385],[75.5351,15.5903],[75.5564,15.6475],[75.504,15.6483],[75.4894,15.7022],[75.4137,15.6557],[75.2788,15.689],[75.2026,15.6817],[75.2031,15.6499],[75.107,15.6717],[75.0984,15.6267],[74.9674,15.6514],[74.9638,15.6253],[74.8903,15.6298],[74.8421,15.6068],[74.8405,15.5743],[74.7979,15.5459],[74.8135,15.5032],[74.7769,15.4596],[74.7449,15.4614],[74.7426,15.4115],[74.8212,15.3838],[74.8263,15.3434],[74.8988,15.299],[74.909,15.2507],[74.8732,15.213],[74.8771,15.1932],[74.8288,15.1333],[74.8825,15.0995],[74.8931,15.0448],[74.9405,15.0662],[75.0813,15.0726],[75.0802,15.1097],[75.1081,15.1383],[75.1557,15.1451],[75.1424,15.0998],[75.2541,15.1057],[75.3384,15.1595],[75.3427,15.0653],[75.3688,15.0473],[75.4195,15.0617]]]},"properties":{"DISTRICT":"Dharwad","ST_NM":"Karnataka","ST_CEN_CD":29,"DT_CEN_CD":8,"censuscode":562}},
{"type":"Feature","geometry":{"type":"Polygon","coordinates":[[[78.2182,26.8303],[78.2133,26.8716],[78.2612,26.8988],[78.2412,26.9279],[78.1479,26.9513],[78.0952,26.8962],[78.0506,26.9096],[77.9178,26.9085],[77.8796,26.8997],[77.7732,26.9323],[77.732,26.9172],[77.7238,26.8756],[77.6796,26.8684],[77.6164,26.8288],[77.5284,26.8164],[77.4559,26.7411],[77.3841,26.7069],[77.349,26.7115],[77.3878,26.6334],[77.3581,26.5938],[77.2558,26.5523],[77.2272,26.5309],[77.2626,26.4286],[77.3109,26.4395],[77.3479,26.4142],[77.3733,26.366],[77.4395,26.3595],[77.4349,26.4014],[77.5301,26.4094],[77.5588,26.435],[77.6065,26.4486],[77.6785,26.5041],[77.7346,26.5097],[77.747,26.5371],[77.8207,26.5491],[77.8282,26.5942],[77.8872,26.6146],[77.9115,26.6605],[77.9478,26.657],[78.0002,26.6969],[78.0962,26.6809],[78.1036,26.7836],[78.1877,26.7954],[78.2182,26.8303]]]},"properties":{"DISTRICT":"Dhaulpur","ST_NM":"Rajasthan","ST_CEN_CD":8,"DT_CEN_CD":8,"censuscode":106}},
{"type":"Feature","geometry":{"type":"Polygon","coordinates":[[[94.5806,27.2137],[94.58,27.2151],[94.6074,27.3249],[94.6665,27.349],[94.7007,27.4226],[94.7467,27.4349],[94.7633,27.4708],[94.8727,27.5566],[94.9493,27.6086],[94.9855,27.6505],[95.1077,27.6622],[95.1228,27.6801],[95.2075,27.708],[95.1949,27.6668],[95.2262,27.6522],[95.2776,27.6824],[95.4022,27.7254],[95.4597,27.7744],[95.493,27.8522],[95.5177,27.8769],[95.3861,27.8373],[95.3184,27.8666],[95.0538,27.786],[94.886,27.7381],[94.868,27.7416],[94.8508,27.7067],[94.8023,27.6932],[94.7447,27.6595],[94.686,27.6596],[94.6419,27.6272],[94.5884,27.6164],[94.5023,27.5737],[94.4556,27.5674],[94.4232,27.5979],[94.3697,27.5734],[94.2908,27.5913],[94.2376,27.6294],[94.2136,27.6078],[94.2588,27.5542],[94.262,27.5202],[94.2799,27.468],[94.3218,27.423],[94.3229,27.3494],[94.337,27.3277],[94.3953,27.3252],[94.4625,27.3049],[94.503,27.3266],[94.5252,27.2934],[94.5209,27.2628],[94.5557,27.2221],[94.5714,27.2143],[94.5792,27.2136],[94.5806,27.2137]]]},"properties":{"DISTRICT":"Dhemaji","ST_NM":"Assam","ST_CEN_CD":18,"DT_CEN_CD":9,"censuscode":308}},
{"type":"Feature","geometry":{"type":"Polygon","coordinates":[[[85.7286,21.1433],[85.6845,21.1853],[85.6001,21.1373],[85.5487,21.1663],[85.5016,21.1137],[85.4633,21.1272],[85.395,21.1847],[85.3839,21.1697],[85.321,21.1603],[85.269,21.1698],[85.2444,21.124],[85.2335,21.0712],[85.1956,21.0805],[85.168,21.0532],[85.2568,20.9934],[85.2449,20.9599],[85.2578,20.8787],[85.2561,20.7986],[85.1993,20.7833],[85.2162,20.7491],[85.199,20.7084],[85.1538,20.7227],[85.1151,20.6818],[85.137,20.6394],[85.1296,20.6153],[85.1955,20.5825],[85.2131,20.5478],[85.2525,20.5182],[85.379,20.4949],[85.4068,20.51],[85.4582,20.4852],[85.5118,20.5355],[85.5897,20.5122],[85.6153,20.5417],[85.6589,20.5499],[85.7193,20.636],[85.8094,20.6602],[85.8875,20.6594],[85.912,20.6982],[85.9087,20.7123],[85.9857,20.7352],[86.026,20.7261],[86.0208,20.8087],[85.8998,20.8563],[85.9201,20.9273],[85.8249,20.9398],[85.7581,20.9907],[85.7276,21.0668],[85.7014,21.08],[85.6883,21.1306],[85.7286,21.1433]]]},"properties":{"DISTRICT":"Dhenkanal","ST_NM":"Odisha","ST_CEN_CD":21,"DT_CEN_CD":14,"censuscode":383}},
{"type":"Feature","geometry":{"type":"Polygon","coordinates":[[[90.4291,26.3599],[90.4166,26.3453],[90.4114,26.3405],[90.377,26.3192],[90.3767,26.294],[90.3191,26.2994],[90.3584,26.3494],[90.3438,26.3703],[90.2825,26.3198],[90.2207,26.3316],[90.2108,26.3624],[90.1566,26.3528],[90.1092,26.3293],[90.15,26.2749],[90.1233,26.2611],[90.1348,26.1963],[90.0717,26.1727],[90.0443,26.1309],[89.9771,26.1453],[89.8842,26.1367],[89.8546,26.2589],[89.8964,26.3249],[89.8929,26.3587],[89.8828,26.3726],[89.8683,26.3754],[89.8615,26.3798],[89.8601,26.3821],[89.86,26.382],[89.787,26.3532],[89.7858,26.3308],[89.7223,26.2591],[89.7227,26.1656],[89.7531,26.1529],[89.8013,26.0731],[89.7881,26.0532],[89.8715,25.9761],[89.874,25.9131],[89.8405,25.8778],[89.831,25.8047],[89.8434,25.761],[89.8285,25.7421],[89.8832,25.6152],[89.8561,25.4766],[89.8794,25.4915],[89.8707,25.5398],[89.8903,25.558],[90.006,25.5843],[90.0223,25.6085],[89.9509,25.6589],[89.9411,25.6867],[89.8984,25.7273],[89.9594,25.7745],[89.9562,25.811],[90.0125,25.8469],[90.0675,25.9155],[90.1151,25.9541],[90.1228,25.9612],[90.1804,25.991],[90.1929,26.025],[90.1658,26.0858],[90.1968,26.1264],[90.2485,26.148],[90.2516,26.1774],[90.2917,26.1858],[90.3317,26.1737],[90.3793,26.1815],[90.4071,26.224],[90.474,26.2724],[90.4816,26.308],[90.4356,26.354],[90.4291,26.3599]]]},"properties":{"DISTRICT":"Dhubri","ST_NM":"Assam","ST_CEN_CD":18,"DT_CEN_CD":2,"censuscode":301}},
{"type":"Feature","geometry":{"type":"Polygon","coordinates":[[[75.2057,21.4137],[75.1279,21.4471],[75.1047,21.4675],[75.0557,21.5628],[74.8586,21.6299],[74.8216,21.6082],[74.7721,21.6135],[74.7569,21.5718],[74.7522,21.4756],[74.6985,21.4705],[74.6858,21.4025],[74.6386,21.3995],[74.6085,21.4153],[74.5728,21.4034],[74.5208,21.4295],[74.5086,21.3896],[74.4791,21.3531],[74.4979,21.2902],[74.4918,21.2395],[74.4475,21.2366],[74.4303,21.2632],[74.3598,21.2532],[74.343,21.2291],[74.2722,21.2493],[74.2199,21.2383],[74.1819,21.2095],[74.1205,21.2138],[74.0582,21.1712],[74.0695,21.1274],[74.0196,21.1439],[73.9513,21.0859],[73.9601,21.0443],[73.8838,21.0281],[73.8509,20.9967],[73.9003,20.9822],[73.8901,20.932],[73.9248,20.8849],[73.9389,20.8392],[74.0479,20.8356],[74.1264,20.8651],[74.3158,20.842],[74.3395,20.8514],[74.3876,20.8346],[74.4221,20.8054],[74.5484,20.827],[74.6223,20.7985],[74.6612,20.7366],[74.6509,20.6949],[74.7101,20.6893],[74.7381,20.6676],[74.8057,20.6566],[74.8149,20.6337],[74.8565,20.6352],[74.9295,20.6574],[74.9535,20.7118],[74.9912,20.7364],[74.9885,20.7731],[74.9619,20.8049],[74.9865,20.8223],[74.9703,20.8773],[74.9351,20.9259],[74.9142,20.9268],[74.9212,21.0106],[74.8911,21.0524],[74.8581,21.0631],[74.8867,21.1133],[74.893,21.1514],[74.9634,21.1918],[75.0329,21.1921],[75.0419,21.2112],[75.1044,21.236],[75.1396,21.2938],[75.1256,21.3393],[75.1611,21.4028],[75.2057,21.4137]]]},"properties":{"DISTRICT":"Dhule","ST_NM":"Maharashtra","ST_CEN_CD":27,"DT_CEN_CD":2,"censuscode":498}},
{"type":"Feature","geometry":{"type":"Polygon","coordinates":[[[96.435,28.5884],[96.4977,28.6387],[96.4732,28.6796],[96.5349,28.7065],[96.5886,28.7166],[96.6182,28.7599],[96.6112,28.7932],[96.5406,28.8797],[96.5245,28.961],[96.4808,28.99],[96.5288,29.0754],[96.4394,29.0338],[96.3504,29.0286],[96.2973,28.9951],[96.2317,28.9256],[96.17,28.9022],[96.1489,28.9339],[96.1886,28.9846],[96.1543,29.0499],[96.2216,29.135],[96.2643,29.157],[96.3504,29.1678],[96.3971,29.2534],[96.3793,29.2808],[96.3169,29.2562],[96.2973,29.2328],[96.2385,29.2406],[96.1877,29.3067],[96.1905,29.342],[96.1549,29.397],[96.0857,29.4614],[96.0607,29.4565],[95.9621,29.3807],[95.8859,29.3896],[95.8453,29.3518],[95.7961,29.336],[95.7827,29.3546],[95.732,29.3006],[95.7069,29.2986],[95.6362,29.2472],[95.6037,29.26],[95.5907,29.2161],[95.5499,29.2137],[95.5515,29.1266],[95.5083,29.141],[95.4937,29.0876],[95.4589,29.0348],[95.4147,29.032],[95.3075,29.061],[95.2723,29.0477],[95.2471,29.0005],[95.2594,28.9509],[95.3032,28.9564],[95.3217,28.9095],[95.3338,28.8336],[95.357,28.8179],[95.3927,28.741],[95.3582,28.7014],[95.3793,28.6048],[95.4227,28.6345],[95.4928,28.5935],[95.6996,28.5264],[95.7323,28.5343],[95.8281,28.4744],[95.8812,28.5196],[95.8447,28.5477],[95.7771,28.5735],[95.8733,28.6265],[95.8546,28.7209],[96.0086,28.6946],[96.1156,28.7817],[96.1861,28.8018],[96.2545,28.7812],[96.326,28.7848],[96.3108,28.7401],[96.3036,28.6619],[96.435,28.5884]]]},"properties":{"DISTRICT":"Dibang Valley","ST_NM":"Arunanchal Pradesh","ST_CEN_CD":12,"DT_CEN_CD":13,"censuscode":257}},
{"type":"Feature","geometry":{"type":"Polygon","coordinates":[[[95.2776,27.6824],[95.2262,27.6522],[95.1949,27.6668],[95.2075,27.708],[95.1228,27.6801],[95.1077,27.6622],[94.9855,27.6505],[94.9493,27.6086],[94.8727,27.5566],[94.7633,27.4708],[94.7467,27.4349],[94.7007,27.4226],[94.6665,27.349],[94.6074,27.3249],[94.58,27.2151],[94.5824,27.2098],[94.5706,27.1785],[94.5958,27.1451],[94.6466,27.2465],[94.6955,27.2681],[94.7535,27.269],[94.7795,27.2386],[94.7815,27.1907],[94.7658,27.1275],[94.8491,27.1081],[94.8875,27.1566],[94.9702,27.2287],[94.9813,27.1503],[95.0623,27.1356],[95.1627,27.131],[95.2406,27.1863],[95.2894,27.1968],[95.3593,27.1676],[95.3716,27.1053],[95.4581,27.1294],[95.4593,27.2035],[95.4914,27.2426],[95.4517,27.2949],[95.4412,27.3629],[95.3974,27.3913],[95.3766,27.3805],[95.2707,27.4055],[95.2218,27.4578],[95.2321,27.4961],[95.3031,27.5833],[95.3228,27.5873],[95.2921,27.6698],[95.2776,27.6824]]]},"properties":{"DISTRICT":"Dibrugarh","ST_NM":"Assam","ST_CEN_CD":18,"DT_CEN_CD":11,"censuscode":310}},
{"type":"Feature","geometry":{"type":"Polygon","coordinates":[[[78.1978,10.5469],[78.1337,10.5731],[78.166,10.6137],[78.1463,10.6515],[78.1552,10.7439],[78.1731,10.8022],[78.1064,10.8049],[78.0981,10.7646],[78.034,10.7801],[77.963,10.7601],[78.0132,10.7278],[78.0075,10.6738],[77.9797,10.6378],[77.8969,10.6441],[77.831,10.6315],[77.8092,10.679],[77.7679,10.6786],[77.7298,10.6299],[77.7014,10.6585],[77.7021,10.73],[77.6645,10.7147],[77.6559,10.6736],[77.5966,10.6747],[77.5097,10.6054],[77.4817,10.649],[77.4175,10.6251],[77.3876,10.5951],[77.3691,10.5359],[77.385,10.4493],[77.3247,10.4496],[77.315,10.355],[77.3505,10.2758],[77.289,10.2297],[77.2676,10.1205],[77.3249,10.1251],[77.3945,10.1587],[77.4647,10.1275],[77.5467,10.1856],[77.5685,10.1795],[77.6115,10.2118],[77.6586,10.1891],[77.7009,10.1901],[77.7227,10.161],[77.7168,10.1288],[77.675,10.1164],[77.7096,10.0785],[77.711,10.0202],[77.7642,10.0554],[77.8547,10.0752],[77.8767,10.0591],[77.9199,10.083],[77.9528,10.1402],[77.9748,10.1312],[78.0305,10.1793],[78.1215,10.1889],[78.1497,10.1745],[78.1605,10.1106],[78.216,10.0751],[78.2598,10.0855],[78.2841,10.1482],[78.266,10.1751],[78.3289,10.2258],[78.3341,10.2999],[78.3377,10.3257],[78.2814,10.3698],[78.315,10.4383],[78.2079,10.472],[78.1718,10.5018],[78.1978,10.5469]]]},"properties":{"DISTRICT":"Dindigul","ST_NM":"Tamil Nadu","ST_CEN_CD":33,"DT_CEN_CD":11,"censuscode":612}},
{"type":"Feature","geometry":{"type":"Polygon","coordinates":[[[81.1249,23.2162],[81.0678,23.1944],[80.9947,23.2323],[80.9378,23.2889],[80.9152,23.259],[80.8718,23.2369],[80.7934,23.2499],[80.7627,23.2196],[80.7172,23.2805],[80.7549,23.32],[80.7571,23.344],[80.7017,23.3709],[80.5741,23.3517],[80.5687,23.2711],[80.5236,23.257],[80.4998,23.2036],[80.5229,23.1567],[80.5523,23.1675],[80.5805,23.1311],[80.5292,23.0823],[80.5278,23.0795],[80.5377,23.0463],[80.5842,23.0002],[80.5977,22.9416],[80.5729,22.8947],[80.5914,22.8576],[80.6827,22.837],[80.7362,22.8564],[80.7318,22.8127],[80.7705,22.8129],[80.8719,22.8486],[80.8706,22.7581],[80.928,22.7538],[80.9247,22.6811],[80.956,22.64],[80.9355,22.5731],[80.9689,22.5422],[81.018,22.5564],[81.0209,22.5954],[81.0832,22.6095],[81.123,22.5913],[81.1591,22.5543],[81.1941,22.4886],[81.2005,22.4732],[81.2308,22.4511],[81.2874,22.4983],[81.3231,22.4893],[81.3302,22.5238],[81.386,22.5049],[81.3961,22.4445],[81.4535,22.4955],[81.4837,22.4919],[81.4871,22.493],[81.5227,22.5364],[81.5704,22.5507],[81.6163,22.5362],[81.6568,22.5758],[81.6487,22.6072],[81.6859,22.6486],[81.7303,22.6759],[81.6944,22.713],[81.6923,22.7786],[81.6379,22.7816],[81.5971,22.7575],[81.4762,22.759],[81.439,22.8207],[81.4063,22.8505],[81.3608,22.849],[81.2572,22.8983],[81.2037,22.9093],[81.1887,22.9508],[81.2316,23.0578],[81.2564,23.0824],[81.1456,23.1779],[81.1249,23.2162]]]},"properties":{"DISTRICT":"Dindori","ST_NM":"Madhya Pradesh","ST_CEN_CD":23,"DT_CEN_CD":36,"censuscode":453}},
{"type":"Feature","geometry":{"type":"Polygon","coordinates":[[[70.9242,20.7385],[70.8824,20.7288],[70.8993,20.6988],[70.9176,20.7096],[70.9774,20.7035],[70.9654,20.7285],[70.9601,20.7362],[70.9378,20.7327],[70.9321,20.7364],[70.9286,20.7365],[70.9242,20.7385]]]},"properties":{"DISTRICT":"Diu","ST_NM":"Daman & Diu","ST_CEN_CD":25,"DT_CEN_CD":1,"censuscode":494}},
{"type":"Feature","geometry":{"type":"Polygon","coordinates":[[[76.1111,33.0033],[76.0893,33.0481],[76.0455,33.0976],[75.943,33.0569],[75.8565,33.0725],[75.7952,33.0642],[75.8245,33.1523],[75.7249,33.2153],[75.6288,33.2224],[75.6327,33.2484],[75.589,33.2896],[75.5287,33.3781],[75.4999,33.399],[75.4563,33.3515],[75.4171,33.3583],[75.3189,33.2973],[75.3334,33.2185],[75.3006,33.1848],[75.2915,33.0969],[75.3489,33.081],[75.4422,33.031],[75.4728,32.999],[75.5878,32.9661],[75.6665,32.9344],[75.7516,32.8655],[75.8245,32.8538],[75.8247,32.8538],[75.8041,32.8938],[75.8247,32.9303],[75.8839,32.9306],[75.9506,32.8845],[76.0341,32.9177],[76.0992,32.9688],[76.1111,33.0033]]]},"properties":{"DISTRICT":"Doda","ST_NM":"Jammu & Kashmir","ST_CEN_CD":1,"DT_CEN_CD":16,"censuscode":16}},
{"type":"Feature","geometry":{"type":"Polygon","coordinates":[[[74.012,23.3325],[74.0116,23.3315],[74.003,23.3137],[74.0009,23.3085],[73.9981,23.283],[73.9859,23.1552],[74.0232,23.0933],[73.989,23.0798],[73.9521,23.0995],[73.9193,23.0843],[73.9072,23.0458],[73.9072,22.9829],[73.8897,22.9482],[73.8815,22.8671],[73.849,22.8144],[73.848,22.7427],[73.8316,22.6906],[73.8024,22.6684],[73.8502,22.5898],[73.858,22.5563],[73.8112,22.547],[73.8151,22.546],[73.8525,22.5109],[73.9082,22.5077],[73.9375,22.5422],[73.9635,22.5383],[74.0203,22.5708],[74.0629,22.5491],[74.1239,22.5226],[74.2104,22.5655],[74.2334,22.6119],[74.2751,22.6456],[74.3779,22.6364],[74.4004,22.7285],[74.4626,22.8128],[74.4766,22.8563],[74.4606,22.9111],[74.3791,22.9077],[74.3391,22.9625],[74.3684,22.9778],[74.3203,23.0605],[74.28,23.0928],[74.2857,23.1165],[74.2473,23.1763],[74.205,23.1899],[74.1803,23.1502],[74.1242,23.1768],[74.1334,23.2627],[74.1038,23.2921],[74.0458,23.2931],[74.0207,23.331],[74.012,23.3325]]]},"properties":{"DISTRICT":"Dohad","ST_NM":"Gujarat","ST_CEN_CD":24,"DT_CEN_CD":18,"censuscode":485}},
{"type":"Feature","geometry":{"type":"Polygon","coordinates":[[[87.4056,24.506],[87.3882,24.5024],[87.3143,24.5966],[87.2811,24.603],[87.2194,24.5877],[87.1718,24.6149],[87.071,24.6421],[87.0503,24.625],[87.0161,24.6072],[86.9715,24.6328],[86.942,24.6313],[86.904,24.5875],[86.9171,24.5397],[86.9117,24.4896],[86.887,24.4471],[86.9624,24.3172],[86.988,24.3065],[87.0254,24.3259],[87.0449,24.2622],[87.0712,24.253],[87.0375,24.2022],[86.9944,24.2175],[86.9775,24.1864],[86.9416,24.1706],[86.9341,24.1438],[86.9795,24.1094],[87.0299,24.1433],[87.1051,24.095],[87.12,24.0607],[87.1704,24.0321],[87.238,24.0262],[87.3376,24.0327],[87.3618,24.0109],[87.4442,23.9799],[87.5064,24.024],[87.4963,24.0537],[87.5017,24.1174],[87.5443,24.0894],[87.5753,24.0893],[87.5848,24.1631],[87.6326,24.1647],[87.6946,24.1514],[87.7017,24.1769],[87.676,24.2073],[87.6428,24.2131],[87.6468,24.2513],[87.5844,24.2584],[87.5892,24.3245],[87.5736,24.3799],[87.5742,24.5052],[87.5003,24.5252],[87.4056,24.506]]]},"properties":{"DISTRICT":"Dumka","ST_NM":"Jharkhand","ST_CEN_CD":20,"DT_CEN_CD":17,"censuscode":362}},
{"type":"Feature","geometry":{"type":"Polygon","coordinates":[[[74.3144,23.945],[74.2751,23.9355],[74.2587,23.9298],[74.2268,23.9093],[74.2054,23.9546],[74.175,23.9695],[74.1603,24.0133],[74.0806,23.9682],[74.0491,23.9806],[74.0017,23.9683],[73.9179,23.9831],[73.8577,23.9361],[73.7385,23.9433],[73.6968,23.9582],[73.6708,23.939],[73.5924,23.9654],[73.5179,23.9308],[73.4695,23.8471],[73.4318,23.837],[73.4037,23.806],[73.3664,23.8136],[73.4469,23.7516],[73.4754,23.7079],[73.5066,23.6959],[73.4974,23.6344],[73.5228,23.6095],[73.5671,23.6523],[73.6154,23.6501],[73.6572,23.6215],[73.6333,23.5298],[73.6289,23.4511],[73.7006,23.4544],[73.7136,23.4174],[73.7613,23.4571],[73.7796,23.4331],[73.8236,23.4452],[73.8635,23.3941],[73.891,23.3354],[73.9358,23.3397],[73.9595,23.3796],[74.0125,23.4411],[74.0323,23.5442],[74.0711,23.5989],[74.1184,23.6097],[74.1359,23.6918],[74.1214,23.7114],[74.1544,23.7867],[74.2387,23.8145],[74.3176,23.8569],[74.3841,23.9058],[74.3669,23.9335],[74.3262,23.9363],[74.3144,23.945]]]},"properties":{"DISTRICT":"Dungarpur","ST_NM":"Rajasthan","ST_CEN_CD":8,"DT_CEN_CD":26,"censuscode":124}},
{"type":"Feature","geometry":{"type":"Polygon","coordinates":[[[81.9427,21.8151],[81.9004,21.8438],[81.8985,21.8744],[81.8281,21.9162],[81.807,21.9419],[81.7301,21.9432],[81.6251,21.9849],[81.5853,21.9846],[81.553,22.0065],[81.5063,22.0076],[81.4854,22.0186],[81.4772,21.9595],[81.459,21.9161],[81.3941,21.8808],[81.4042,21.8343],[81.3376,21.8386],[81.3258,21.8261],[81.3383,21.765],[81.2975,21.7679],[81.1764,21.7032],[81.1775,21.597],[81.1422,21.557],[81.1959,21.5143],[81.1732,21.4374],[81.1929,21.3906],[81.1876,21.3195],[81.1636,21.2875],[81.1637,21.2368],[81.1966,21.2215],[81.2162,21.1715],[81.2064,21.1027],[81.1609,21.1013],[81.12,21.0073],[81.0263,20.9929],[80.9872,21.0061],[80.9582,20.9902],[80.9656,20.9129],[80.9953,20.8801],[80.9524,20.8442],[80.9375,20.7806],[80.8703,20.7873],[80.8263,20.7641],[80.8055,20.7202],[80.8139,20.6956],[80.8823,20.6572],[80.9451,20.6571],[80.938,20.6319],[80.9888,20.6101],[80.9936,20.5765],[80.9535,20.5466],[80.9443,20.5082],[80.9721,20.4721],[80.946,20.4407],[81.0005,20.4587],[81.0504,20.4211],[81.0728,20.42],[81.1535,20.3777],[81.177,20.4041],[81.2229,20.4169],[81.316,20.5505],[81.3889,20.5342],[81.412,20.5522],[81.4562,20.567],[81.4961,20.6025],[81.4996,20.6615],[81.4862,20.7775],[81.5191,20.8289],[81.4778,20.8583],[81.547,20.9304],[81.5916,20.9418],[81.6242,20.9894],[81.613,21.0244],[81.5839,21.072],[81.5842,21.124],[81.6067,21.1596],[81.6031,21.2062],[81.5466,21.2445],[81.5357,21.2979],[81.5533,21.333],[81.5857,21.3359],[81.6395,21.4042],[81.632,21.5063],[81.6689,21.5457],[81.6994,21.6173],[81.664,21.646],[81.7256,21.7106],[81.6995,21.7503],[81.7368,21.7656],[81.8075,21.7705],[81.8491,21.7578],[81.8929,21.7749],[81.9427,21.8151]]]},"properties":{"DISTRICT":"Durg","ST_NM":"Chhattisgarh","ST_CEN_CD":22,"DT_CEN_CD":10,"censuscode":409}},
{"type":"Feature","geometry":{"type":"Polygon","coordinates":[[[93.9681,25.9063],[93.9158,25.8832],[93.8826,25.8415],[93.8516,25.8586],[93.7957,25.8101],[93.7798,25.8421],[93.7984,25.9055],[93.7732,25.9619],[93.7502,25.9332],[93.6878,25.9054],[93.7065,25.8492],[93.6486,25.82],[93.6224,25.7759],[93.5735,25.7527],[93.5439,25.6993],[93.6051,25.6634],[93.6991,25.6843],[93.7223,25.6783],[93.8238,25.6962],[93.8684,25.6838],[93.9351,25.6465],[93.9172,25.6843],[93.9417,25.729],[93.9741,25.7358],[93.9921,25.7926],[93.9736,25.8287],[93.9681,25.9063]]]},"properties":{"DISTRICT":"Dimapur","ST_NM":"Nagaland","ST_CEN_CD":13,"DT_CEN_CD":5,"censuscode":265}},
{"type":"Feature","geometry":{"type":"Polygon","coordinates":[[[77.3048,28.5768],[77.3463,28.6034],[77.3237,28.6377],[77.3281,28.6739],[77.2507,28.6624],[77.253,28.6537],[77.2604,28.6229],[77.2645,28.6075],[77.3048,28.5768]]]},"properties":{"DISTRICT":"East","ST_NM":"NCT of Delhi","ST_CEN_CD":7,"DT_CEN_CD":4,"censuscode":93}},
{"type":"Feature","geometry":{"type":"Polygon","coordinates":[[[88.8133,27.414],[88.7213,27.4164],[88.6974,27.3981],[88.6184,27.3875],[88.5258,27.3968],[88.4886,27.3781],[88.4853,27.3285],[88.457,27.3151],[88.4495,27.2609],[88.4971,27.2302],[88.4936,27.202],[88.528,27.1779],[88.5987,27.1942],[88.6667,27.162],[88.6915,27.18],[88.7248,27.1438],[88.7587,27.148],[88.7917,27.1818],[88.8082,27.2474],[88.9063,27.2748],[88.9295,27.3261],[88.897,27.3362],[88.8638,27.3866],[88.8133,27.414]]]},"properties":{"DISTRICT":"East","ST_NM":"Sikkim","ST_CEN_CD":11,"DT_CEN_CD":4,"censuscode":244}},
{"type":"Feature","geometry":{"type":"Polygon","coordinates":[[[91.0323,25.8875],[90.9706,25.8867],[90.9612,25.9334],[90.8863,25.9513],[90.8005,25.9411],[90.7815,25.9079],[90.744,25.9148],[90.7166,25.9518],[90.6326,25.9371],[90.5825,25.9578],[90.5382,25.9578],[90.4812,26.015],[90.4325,25.9888],[90.4004,26.014],[90.369,26.0101],[90.3283,25.9743],[90.2168,25.9538],[90.1228,25.9612],[90.1151,25.9541],[90.1849,25.9009],[90.2283,25.9253],[90.332,25.9303],[90.4257,25.9527],[90.3854,25.8674],[90.3869,25.8406],[90.3453,25.8278],[90.3437,25.802],[90.3946,25.7985],[90.4098,25.7504],[90.4446,25.6957],[90.4096,25.6003],[90.4059,25.5513],[90.3229,25.4654],[90.3683,25.4542],[90.4789,25.4534],[90.5217,25.4329],[90.6474,25.4156],[90.6619,25.4518],[90.7047,25.5068],[90.7694,25.5539],[90.7819,25.5852],[90.8521,25.5903],[90.9111,25.6404],[90.9854,25.744],[90.9469,25.7699],[91.0038,25.8217],[91.0323,25.8875]]]},"properties":{"DISTRICT":"East Garo Hills","ST_NM":"Meghalaya","ST_CEN_CD":17,"DT_CEN_CD":2,"censuscode":294}},
{"type":"Feature","geometry":{"type":"Polygon","coordinates":[[[82.5495,17.248],[82.5228,17.2925],[82.56,17.3438],[82.5538,17.3916],[82.6042,17.4627],[82.5601,17.5204],[82.5144,17.5092],[82.4567,17.5127],[82.4564,17.4874],[82.4116,17.4727],[82.3351,17.5112],[82.3375,17.5904],[82.2173,17.638],[82.1628,17.6151],[82.1282,17.6543],[82.0656,17.638],[82.0033,17.6362],[82.0307,17.6872],[82.0175,17.7598],[81.9698,17.7445],[81.8825,17.7412],[81.8679,17.754],[81.9776,17.8421],[82.0211,17.8558],[82.0033,17.8857],[82.0314,17.9369],[81.9816,18.0138],[81.9446,17.9922],[81.8096,17.9441],[81.7669,17.9014],[81.803,17.8523],[81.7382,17.8275],[81.6833,17.7753],[81.6317,17.7709],[81.5816,17.7268],[81.5798,17.6961],[81.5117,17.5982],[81.5326,17.581],[81.5102,17.5477],[81.507,17.4985],[81.5329,17.4626],[81.5668,17.4522],[81.6067,17.4015],[81.6176,17.3586],[81.6589,17.3217],[81.6476,17.2531],[81.6729,17.1451],[81.7264,17.0703],[81.7417,17.0005],[81.7286,16.9373],[81.754,16.8662],[81.7487,16.8133],[81.7859,16.7654],[81.7993,16.7059],[81.8459,16.6568],[81.8676,16.616],[81.8532,16.5247],[81.793,16.4795],[81.7518,16.4363],[81.7062,16.4388],[81.7233,16.3674],[81.7202,16.3285],[81.7258,16.3074],[81.8546,16.3705],[81.9675,16.3962],[82.0073,16.4229],[82.1382,16.4846],[82.1432,16.5174],[82.183,16.5027],[82.2982,16.5705],[82.3512,16.7235],[82.3649,16.8263],[82.3521,16.8493],[82.2666,16.8719],[82.2487,16.897],[82.2836,16.9956],[82.3011,17.0242],[82.3711,17.0936],[82.5495,17.248]],[[82.2063,16.7475],[82.23,16.7294],[82.3124,16.734],[82.263,16.7009],[82.225,16.7208],[82.2063,16.7475]]]},"properties":{"DISTRICT":"East Godavari","ST_NM":"Andhra Pradesh","ST_CEN_CD":28,"DT_CEN_CD":14,"censuscode":545}},
{"type":"Feature","geometry":{"type":"Polygon","coordinates":[[[93.2421,27.6145],[93.2022,27.6779],[93.2063,27.7295],[93.2401,27.7963],[93.2001,27.8458],[93.1777,27.8209],[93.0955,27.8115],[93.0786,27.8275],[92.97,27.8257],[92.9347,27.8746],[92.9339,27.9193],[92.825,27.9586],[92.7911,27.9501],[92.7378,27.977],[92.6738,27.8992],[92.6097,27.8766],[92.5653,27.8201],[92.5197,27.8393],[92.4717,27.8143],[92.4641,27.7817],[92.5192,27.7341],[92.5423,27.6191],[92.5978,27.63],[92.6233,27.5868],[92.6128,27.5548],[92.6822,27.537],[92.7199,27.5548],[92.7937,27.5536],[92.8183,27.5176],[92.8064,27.4644],[92.8257,27.3768],[92.8033,27.3499],[92.8507,27.289],[92.8933,27.2807],[92.9029,27.2078],[92.8193,27.1775],[92.7531,27.1949],[92.7199,27.1755],[92.6112,27.1399],[92.5934,27.0786],[92.6009,27.0526],[92.6421,27.0169],[92.662,27.0368],[92.7166,27.0243],[92.772,27.0312],[92.8752,27.0058],[92.9204,26.9622],[93.0218,26.9146],[93.1866,26.9364],[93.2691,26.9535],[93.3929,26.9574],[93.3429,27.0007],[93.3457,27.0362],[93.3157,27.0789],[93.2752,27.1031],[93.2161,27.1162],[93.248,27.1537],[93.2975,27.1629],[93.2761,27.2108],[93.2246,27.2048],[93.2296,27.2506],[93.2976,27.2901],[93.2927,27.3289],[93.3751,27.3709],[93.3729,27.4115],[93.3275,27.4512],[93.3024,27.5259],[93.3333,27.5541],[93.2421,27.6145]]]},"properties":{"DISTRICT":"East Kameng","ST_NM":"Arunanchal Pradesh","ST_CEN_CD":12,"DT_CEN_CD":3,"censuscode":247}},
{"type":"Feature","geometry":{"type":"Polygon","coordinates":[[[92.0198,25.1868],[91.9879,25.2451],[91.9889,25.2748],[92.0509,25.3193],[92.1162,25.307],[92.1157,25.4103],[92.0992,25.4923],[92.1097,25.5611],[92.1361,25.6407],[91.9839,25.6461],[91.8115,25.6429],[91.784,25.5891],[91.6991,25.5422],[91.6567,25.5514],[91.5447,25.5106],[91.5591,25.4523],[91.528,25.3438],[91.5491,25.3334],[91.5466,25.2789],[91.4988,25.2828],[91.4056,25.2631],[91.3567,25.2286],[91.3911,25.1697],[91.4961,25.1341],[91.6059,25.1731],[91.645,25.1237],[91.6919,25.1375],[91.7497,25.1711],[91.8094,25.1688],[91.9501,25.1827],[91.9862,25.171],[92.0198,25.1868]]]},"properties":{"DISTRICT":"East Khasi Hills","ST_NM":"Meghalaya","ST_CEN_CD":17,"DT_CEN_CD":6,"censuscode":298}},
{"type":"Feature","geometry":{"type":"Polygon","coordinates":[[[76.7822,22.3474],[76.744,22.2973],[76.686,22.3021],[76.6649,22.3517],[76.6235,22.3782],[76.6057,22.4081],[76.56,22.4034],[76.5105,22.4151],[76.4463,22.3855],[76.4485,22.3472],[76.4018,22.3384],[76.344,22.3052],[76.2533,22.2927],[76.2136,22.3295],[76.183,22.2718],[76.1093,22.2511],[76.0328,22.1965],[76.0993,22.1895],[76.1088,22.2115],[76.16,22.2123],[76.1309,22.17],[76.1458,22.1169],[76.107,22.0914],[76.1068,22.0539],[76.1542,22.0578],[76.1435,22.0973],[76.1844,22.1218],[76.2343,22.0731],[76.1467,21.9789],[76.1712,21.8854],[76.1038,21.8474],[76.1118,21.7928],[76.0968,21.769],[76.1186,21.7204],[76.1682,21.7221],[76.1752,21.6862],[76.109,21.6887],[76.0743,21.6612],[76.0794,21.5721],[76.132,21.5885],[76.1573,21.5486],[76.2485,21.5812],[76.3613,21.568],[76.3765,21.5958],[76.4395,21.5945],[76.5068,21.5626],[76.6176,21.5735],[76.7097,21.5593],[76.7448,21.5761],[76.7823,21.56],[76.7975,21.5951],[76.8358,21.5906],[76.8544,21.6126],[76.8941,21.5983],[76.9999,21.6791],[77.0208,21.6883],[77.0369,21.698],[77.0648,21.7125],[77.0793,21.7696],[77.1412,21.7829],[77.1705,21.8079],[77.1626,21.8494],[77.1898,21.862],[77.219,21.9052],[77.2066,21.934],[77.1368,21.9928],[77.0678,21.9816],[77.0003,21.9814],[76.9765,22.0074],[76.9093,22.0112],[76.858,22.032],[76.8454,22.0629],[76.8546,22.1078],[76.8281,22.1615],[76.8474,22.244],[76.8947,22.2994],[76.8476,22.3324],[76.7822,22.3474]]]},"properties":{"DISTRICT":"East Nimar","ST_NM":"Madhya Pradesh","ST_CEN_CD":23,"DT_CEN_CD":49,"censuscode":466}},
{"type":"Feature","geometry":{"type":"Polygon","coordinates":[[[95.3851,28.3104],[95.3564,28.2918],[95.3455,28.2442],[95.2993,28.1984],[95.2274,28.1517],[95.1959,28.1641],[95.1722,28.2001],[95.11,28.263],[95.1209,28.3761],[95.0852,28.4147],[95.1142,28.4625],[95.114,28.5004],[95.0876,28.5263],[95.0417,28.5151],[94.9923,28.5288],[94.9759,28.565],[94.9051,28.5484],[94.8231,28.5677],[94.7622,28.5336],[94.7452,28.4979],[94.7669,28.4233],[94.8733,28.413],[94.9384,28.2441],[94.894,28.227],[94.9176,28.1957],[94.9116,28.1585],[94.9524,28.1286],[94.9034,28.0764],[94.9339,28.0475],[94.8838,27.9999],[94.9604,27.9805],[94.9124,27.8334],[94.8625,27.7571],[94.868,27.7416],[94.886,27.7381],[95.0538,27.786],[95.3184,27.8666],[95.3861,27.8373],[95.5177,27.8769],[95.5022,27.9458],[95.5617,28.035],[95.5727,28.1309],[95.5631,28.1676],[95.5671,28.2546],[95.5389,28.2859],[95.4655,28.2739],[95.4385,28.3142],[95.3851,28.3104]]]},"properties":{"DISTRICT":"East Siang","ST_NM":"Arunanchal Pradesh","ST_CEN_CD":12,"DT_CEN_CD":7,"censuscode":251}},
{"type":"Feature","geometry":{"type":"Polygon","coordinates":[[[76.6892,10.2672],[76.6259,10.2738],[76.5792,10.3018],[76.5416,10.2882],[76.4176,10.2956],[76.3726,10.2398],[76.344,10.2325],[76.3147,10.1805],[76.2765,10.174],[76.2614,10.1999],[76.1689,10.1839],[76.2024,10.049],[76.2433,9.9693],[76.2802,9.7885],[76.2983,9.8525],[76.2933,9.8883],[76.3551,9.8817],[76.3733,9.8356],[76.4181,9.8222],[76.4624,9.8481],[76.515,9.8498],[76.5236,9.824],[76.5611,9.8155],[76.6331,9.8557],[76.6384,9.918],[76.6911,9.9221],[76.7269,9.9814],[76.7487,9.99],[76.7946,10.0418],[76.6434,10.1615],[76.6738,10.2139],[76.6892,10.2672]]]},"properties":{"DISTRICT":"Ernakulam","ST_NM":"Kerala","ST_CEN_CD":32,"DT_CEN_CD":8,"censuscode":595}},
{"type":"Feature","geometry":{"type":"Polygon","coordinates":[[[77.1496,11.3328],[77.2201,11.3369],[77.2667,11.3174],[77.2968,11.2708],[77.3317,11.2547],[77.3645,11.3156],[77.4504,11.3083],[77.4699,11.246],[77.5102,11.1808],[77.4692,11.1749],[77.5005,11.1143],[77.5184,11.1049],[77.6309,11.1205],[77.6547,11.115],[77.7784,11.0512],[77.8107,11.0676],[77.8664,11.0214],[77.8992,11.0307],[77.9323,11.0674],[77.8892,11.082],[77.8837,11.1569],[77.8626,11.1816],[77.8623,11.2444],[77.8084,11.2647],[77.7605,11.3302],[77.6835,11.4192],[77.6963,11.4584],[77.7336,11.5108],[77.7472,11.5641],[77.7394,11.6019],[77.7502,11.6585],[77.7032,11.6308],[77.691,11.6589],[77.6926,11.7164],[77.7226,11.792],[77.6689,11.8209],[77.6851,11.8744],[77.6759,11.9492],[77.5843,11.9333],[77.5012,11.9389],[77.442,11.7808],[77.4234,11.7713],[77.3659,11.7873],[77.3368,11.7678],[77.2953,11.8071],[77.2521,11.8111],[77.1999,11.7914],[77.1128,11.7715],[77.0859,11.7322],[77.051,11.7858],[77.014,11.8112],[76.9539,11.7894],[76.909,11.7912],[76.8902,11.7325],[76.8629,11.7067],[76.8394,11.6569],[76.8604,11.6098],[76.8468,11.5824],[76.8898,11.57],[76.9406,11.5759],[77.0074,11.5436],[76.9843,11.4377],[76.9642,11.3827],[77.0157,11.3673],[77.0485,11.4005],[77.1121,11.377],[77.1399,11.3352],[77.1496,11.3328]]]},"properties":{"DISTRICT":"Erode","ST_NM":"Tamil Nadu","ST_CEN_CD":33,"DT_CEN_CD":9,"censuscode":610}},
{"type":"Feature","geometry":{"type":"Polygon","coordinates":[[[79.1776,27.5836],[79.169,27.5761],[79.1601,27.5699],[79.1491,27.5693],[79.1259,27.555],[79.1025,27.5574],[78.9793,27.6485],[78.9834,27.5978],[78.9657,27.564],[78.9289,27.5588],[78.8914,27.5867],[78.8077,27.6079],[78.744,27.6424],[78.6976,27.6858],[78.6757,27.7349],[78.6059,27.7478],[78.6039,27.7658],[78.5304,27.7691],[78.536,27.7537],[78.5264,27.7496],[78.5235,27.7456],[78.5185,27.7431],[78.5146,27.7399],[78.519,27.7337],[78.5077,27.7048],[78.5057,27.6244],[78.4711,27.6186],[78.3869,27.5664],[78.3339,27.5826],[78.2732,27.5256],[78.2201,27.5128],[78.1801,27.4326],[78.198,27.4028],[78.226,27.4058],[78.2969,27.3822],[78.286,27.3128],[78.3113,27.3131],[78.4004,27.3708],[78.438,27.3606],[78.485,27.382],[78.4661,27.4207],[78.5451,27.4415],[78.6071,27.5097],[78.6615,27.4902],[78.6455,27.4196],[78.7171,27.3758],[78.7339,27.3357],[78.8365,27.3609],[78.8397,27.4095],[78.9068,27.4644],[78.9595,27.4192],[79,27.4326],[79.0635,27.4171],[79.1096,27.4323],[79.1469,27.3767],[79.1674,27.3807],[79.2163,27.329],[79.2508,27.3306],[79.2687,27.347],[79.2487,27.4173],[79.2481,27.4733],[79.2751,27.5107],[79.226,27.5358],[79.2236,27.5738],[79.1834,27.582],[79.1776,27.5836]]]},"properties":{"DISTRICT":"Etah","ST_NM":"Uttar Pradesh","ST_CEN_CD":9,"DT_CEN_CD":70,"censuscode":201}},
{"type":"Feature","geometry":{"type":"Polygon","coordinates":[[[79.3271,26.9604],[79.2717,26.9879],[79.1972,26.9751],[79.1928,27.0005],[79.117,27.0003],[79.0549,26.9832],[79.0021,26.9319],[78.9562,26.9715],[78.8182,26.9557],[78.7703,26.9427],[78.7488,26.9143],[78.7831,26.8649],[78.8083,26.869],[78.8516,26.8094],[78.7938,26.7975],[78.7794,26.7584],[78.8201,26.7597],[78.8736,26.6989],[78.9127,26.7076],[78.9926,26.68],[79.0143,26.6047],[78.9908,26.5885],[79.0066,26.5452],[79.0695,26.4976],[79.0556,26.4558],[79.1353,26.4392],[79.2329,26.4276],[79.2885,26.4823],[79.2593,26.5356],[79.2324,26.5396],[79.2592,26.6189],[79.3159,26.6519],[79.2994,26.6929],[79.3393,26.7351],[79.3265,26.7886],[79.3395,26.8719],[79.3374,26.9383],[79.3271,26.9604]]]},"properties":{"DISTRICT":"Etawah","ST_NM":"Uttar Pradesh","ST_CEN_CD":9,"DT_CEN_CD":30,"censuscode":161}},
{"type":"Feature","geometry":{"type":"Polygon","coordinates":[[[82.225,26.8073],[82.1857,26.8331],[82.1418,26.8317],[82.0901,26.8092],[82.0397,26.8066],[81.9773,26.7785],[81.9197,26.789],[81.8848,26.8327],[81.8437,26.8377],[81.7555,26.8851],[81.7251,26.9191],[81.7192,26.9201],[81.7196,26.9103],[81.7184,26.9019],[81.7027,26.8804],[81.6368,26.8826],[81.6157,26.869],[81.6078,26.8089],[81.5848,26.7658],[81.581,26.6824],[81.5502,26.6648],[81.5446,26.642],[81.549,26.6404],[81.5607,26.6413],[81.5606,26.6418],[81.5816,26.6518],[81.619,26.626],[81.6545,26.582],[81.7047,26.5869],[81.7017,26.5402],[81.863,26.5328],[81.9369,26.5062],[82.0832,26.4698],[82.1096,26.4706],[82.1639,26.4232],[82.221,26.4074],[82.2792,26.4543],[82.3107,26.5029],[82.3391,26.5767],[82.3793,26.5726],[82.391,26.5433],[82.4307,26.5462],[82.4682,26.5823],[82.4785,26.6523],[82.4139,26.6454],[82.3824,26.6577],[82.3181,26.7228],[82.2412,26.7479],[82.225,26.8073]]]},"properties":{"DISTRICT":"Faizabad","ST_NM":"Uttar Pradesh","ST_CEN_CD":9,"DT_CEN_CD":46,"censuscode":177}},
{"type":"Feature","geometry":{"type":"Polygon","coordinates":[[[77.3477,28.5035],[77.2879,28.4927],[77.2374,28.4643],[77.2503,28.4234],[77.1754,28.4031],[77.152,28.3864],[77.1541,28.3166],[77.2392,28.2687],[77.3074,28.2268],[77.3619,28.2056],[77.4028,28.1751],[77.4611,28.1584],[77.4852,28.1759],[77.5212,28.1592],[77.5476,28.1852],[77.5024,28.275],[77.5055,28.3014],[77.4762,28.3356],[77.504,28.3526],[77.4459,28.426],[77.3477,28.5035]]]},"properties":{"DISTRICT":"Faridabad","ST_NM":"Haryana","ST_CEN_CD":6,"DT_CEN_CD":20,"censuscode":88}},
{"type":"Feature","geometry":{"type":"Polygon","coordinates":[[[74.9112,30.7358],[74.8604,30.7423],[74.8126,30.7677],[74.7715,30.8121],[74.6252,30.831],[74.47,30.743],[74.4828,30.6735],[74.5021,30.6674],[74.5609,30.6632],[74.6206,30.6353],[74.6683,30.5786],[74.7104,30.5576],[74.6876,30.521],[74.763,30.4854],[74.7341,30.4642],[74.7556,30.4332],[74.7534,30.3938],[74.8223,30.3931],[74.8747,30.3895],[74.9321,30.3682],[74.973,30.3952],[75.0423,30.3773],[75.0537,30.4051],[75.0241,30.4262],[75.0332,30.4568],[75.0083,30.4881],[74.9918,30.5432],[74.954,30.5896],[74.9554,30.6743],[74.915,30.68],[74.9112,30.7358]]]},"properties":{"DISTRICT":"Faridkot","ST_NM":"Punjab","ST_CEN_CD":3,"DT_CEN_CD":11,"censuscode":45}},
{"type":"Feature","geometry":{"type":"Polygon","coordinates":[[[79.2093,27.707],[79.1357,27.7026],[79.1342,27.6318],[79.1841,27.6133],[79.175,27.5843],[79.1834,27.582],[79.2236,27.5738],[79.226,27.5358],[79.2751,27.5107],[79.2481,27.4733],[79.2487,27.4173],[79.2687,27.347],[79.2508,27.3306],[79.2895,27.2819],[79.3206,27.2866],[79.3394,27.2155],[79.3947,27.1962],[79.4479,27.2104],[79.522,27.2094],[79.5618,27.1587],[79.6331,27.1837],[79.6807,27.1714],[79.6971,27.2142],[79.7259,27.2164],[79.7002,27.2292],[79.7325,27.2798],[79.722,27.3274],[79.6902,27.3679],[79.747,27.4519],[79.7164,27.4732],[79.6639,27.4954],[79.6531,27.6144],[79.6306,27.6344],[79.5903,27.591],[79.4804,27.5965],[79.4447,27.6397],[79.3502,27.6523],[79.2093,27.707]]]},"properties":{"DISTRICT":"Farrukhabad","ST_NM":"Uttar Pradesh","ST_CEN_CD":9,"DT_CEN_CD":28,"censuscode":159}},
{"type":"Feature","geometry":{"type":"Polygon","coordinates":[[[75.9494,29.7301],[75.908,29.7522],[75.8745,29.7491],[75.8307,29.8122],[75.7824,29.8223],[75.7367,29.8085],[75.708,29.7522],[75.6767,29.7698],[75.5735,29.7415],[75.5668,29.7631],[75.4541,29.7837],[75.4075,29.7586],[75.3277,29.6683],[75.2902,29.6009],[75.3004,29.5594],[75.285,29.4628],[75.3009,29.4414],[75.2421,29.4192],[75.2239,29.3982],[75.2668,29.3531],[75.2267,29.3243],[75.2444,29.2494],[75.2862,29.2712],[75.264,29.2929],[75.3053,29.3204],[75.348,29.3056],[75.3978,29.3196],[75.3866,29.3783],[75.4169,29.4134],[75.5103,29.4023],[75.5315,29.3622],[75.5986,29.342],[75.6328,29.4198],[75.7039,29.4259],[75.7319,29.4498],[75.783,29.5245],[75.8293,29.5122],[75.8932,29.5365],[75.9458,29.5717],[75.9599,29.5655],[75.9377,29.6837],[75.9494,29.7301]]]},"properties":{"DISTRICT":"Fatehabad","ST_NM":"Haryana","ST_CEN_CD":6,"DT_CEN_CD":10,"censuscode":78}},
{"type":"Feature","geometry":{"type":"Polygon","coordinates":[[[76.1023,30.52],[76.2929,30.5742],[76.3227,30.5432],[76.339,30.4506],[76.384,30.4224],[76.447,30.4483],[76.4896,30.4413],[76.5038,30.4734],[76.4922,30.5145],[76.5011,30.5612],[76.5816,30.5711],[76.5923,30.6042],[76.5802,30.6472],[76.5468,30.7104],[76.5405,30.7582],[76.5334,30.7651],[76.471,30.7457],[76.4103,30.7585],[76.4201,30.798],[76.3923,30.8307],[76.3484,30.8301],[76.3371,30.8587],[76.2824,30.8745],[76.2546,30.8362],[76.2694,30.7366],[76.3472,30.7114],[76.33,30.6663],[76.2985,30.6793],[76.2165,30.6777],[76.1525,30.653],[76.115,30.6135],[76.1072,30.5622],[76.0836,30.5618],[76.0878,30.5272],[76.1023,30.52]]]},"properties":{"DISTRICT":"Fatehgarh Sahib","ST_NM":"Punjab","ST_CEN_CD":3,"DT_CEN_CD":6,"censuscode":40}},
{"type":"Feature","geometry":{"type":"Polygon","coordinates":[[[80.6761,26.1213],[80.6584,26.1448],[80.6145,26.1516],[80.6023,26.2244],[80.5671,26.2267],[80.5211,26.1881],[80.4502,26.1801],[80.3244,26.1135],[80.3024,26.0605],[80.2631,26.0484],[80.248,25.9903],[80.2172,25.9717],[80.2368,25.9225],[80.2716,25.9307],[80.3013,25.8934],[80.3502,25.8987],[80.3894,25.9106],[80.4569,25.8986],[80.5564,25.8667],[80.5357,25.8352],[80.4817,25.8334],[80.4693,25.8101],[80.5233,25.7768],[80.5764,25.783],[80.5557,25.7346],[80.5913,25.7103],[80.6542,25.7018],[80.72,25.6807],[80.7674,25.6841],[80.8478,25.7197],[80.8628,25.6758],[80.9367,25.6872],[80.9479,25.6208],[80.9713,25.6085],[81.0196,25.6328],[81.0338,25.5922],[81.0222,25.5443],[81.0628,25.5213],[81.1506,25.5053],[81.1914,25.4875],[81.1927,25.4524],[81.2192,25.4468],[81.263,25.5442],[81.226,25.5949],[81.2115,25.642],[81.2374,25.7419],[81.3149,25.7814],[81.3368,25.8101],[81.2968,25.8437],[81.221,25.874],[81.2166,25.9264],[81.1164,25.9549],[81.0719,25.9967],[81.0193,26.0634],[80.9402,26.0657],[80.8516,26.0364],[80.8115,26.0329],[80.761,26.073],[80.7083,26.0866],[80.6761,26.1213]]]},"properties":{"DISTRICT":"Fatehpur","ST_NM":"Uttar Pradesh","ST_CEN_CD":9,"DT_CEN_CD":41,"censuscode":172}},
{"type":"Feature","geometry":{"type":"Polygon","coordinates":[[[78.7339,27.3357],[78.7171,27.3758],[78.6455,27.4196],[78.6615,27.4902],[78.6071,27.5097],[78.5451,27.4415],[78.4661,27.4207],[78.485,27.382],[78.438,27.3606],[78.4004,27.3708],[78.3113,27.3131],[78.286,27.3128],[78.222,27.299],[78.2204,27.2402],[78.2036,27.1978],[78.2197,27.1566],[78.2026,27.1298],[78.2268,27.0757],[78.3641,27.0792],[78.4334,27.0413],[78.4519,26.984],[78.5163,26.9572],[78.5733,26.9632],[78.593,26.925],[78.6735,26.8783],[78.6764,26.9167],[78.7488,26.9143],[78.7703,26.9427],[78.8182,26.9557],[78.7804,27.0499],[78.7892,27.1535],[78.7627,27.2018],[78.7273,27.3247],[78.7339,27.3357]]]},"properties":{"DISTRICT":"Firozabad","ST_NM":"Uttar Pradesh","ST_CEN_CD":9,"DT_CEN_CD":16,"censuscode":147}},
{"type":"Feature","geometry":{"type":"Polygon","coordinates":[[[75.0741,31.1444],[75.0243,31.1565],[74.9843,31.1359],[74.9492,31.1499],[74.8969,31.1607],[74.8503,31.1342],[74.7647,31.1288],[74.7444,31.1042],[74.7028,31.115],[74.6953,31.0727],[74.6681,31.0551],[74.5997,31.0436],[74.5656,31.0542],[74.5504,30.9982],[74.5162,30.9787],[74.4597,30.9697],[74.4278,30.9445],[74.4255,30.9115],[74.3723,30.8949],[74.382,30.8611],[74.3275,30.8488],[74.276,30.7583],[74.233,30.7232],[74.1993,30.6686],[74.1026,30.5996],[74.0915,30.5422],[74.0676,30.5207],[74.016,30.5327],[73.9712,30.4887],[73.9675,30.4242],[73.8854,30.3626],[73.9071,30.3508],[73.9676,30.2632],[73.9759,30.1964],[73.9719,30.1288],[73.9076,30.0551],[73.8902,29.9977],[73.9002,29.9714],[74.0784,29.9697],[74.2885,29.9553],[74.2994,29.9565],[74.331,29.9541],[74.4516,29.9469],[74.4267,30.0231],[74.367,30.085],[74.3744,30.1506],[74.3368,30.1615],[74.357,30.2396],[74.287,30.2314],[74.2616,30.2463],[74.3215,30.3288],[74.3169,30.3875],[74.2845,30.432],[74.3287,30.4461],[74.3736,30.5145],[74.4287,30.5492],[74.461,30.6238],[74.5021,30.6674],[74.4828,30.6735],[74.47,30.743],[74.6252,30.831],[74.7715,30.8121],[74.8126,30.7677],[74.8604,30.7423],[74.9112,30.7358],[74.9098,30.7557],[74.9475,30.8235],[74.9521,30.8843],[74.9552,30.8913],[75.0594,30.9601],[75.0518,31.0319],[75.1036,31.0735],[75.1123,31.0877],[75.1139,31.0923],[75.1132,31.0921],[75.0741,31.1444]]]},"properties":{"DISTRICT":"Firozpur","ST_NM":"Punjab","ST_CEN_CD":3,"DT_CEN_CD":9,"censuscode":43}},
{"type":"Feature","geometry":{"type":"Polygon","coordinates":[[[75.8457,15.8377],[75.7783,15.8504],[75.7797,15.8174],[75.7455,15.8135],[75.6634,15.8366],[75.5397,15.8324],[75.5007,15.8697],[75.4555,15.8865],[75.4277,15.8424],[75.3775,15.843],[75.3653,15.8047],[75.3039,15.8108],[75.314,15.7312],[75.2788,15.689],[75.4137,15.6557],[75.4894,15.7022],[75.504,15.6483],[75.5564,15.6475],[75.5351,15.5903],[75.5319,15.5385],[75.4858,15.5308],[75.4729,15.4931],[75.495,15.4708],[75.493,15.3722],[75.4587,15.3487],[75.4513,15.3017],[75.415,15.3006],[75.4345,15.1984],[75.4023,15.1738],[75.4354,15.1059],[75.4195,15.0617],[75.463,15.0432],[75.4989,15.0467],[75.5389,15.0267],[75.5442,14.9782],[75.6004,14.9548],[75.6339,14.9854],[75.6708,14.9863],[75.702,14.948],[75.7435,14.9442],[75.786,14.9998],[75.8406,15.041],[75.8676,15.0335],[75.9073,15.0584],[75.8855,15.097],[75.9053,15.1314],[75.9505,15.1371],[75.9259,15.1812],[75.89,15.288],[75.9034,15.4024],[75.8658,15.4076],[75.8596,15.4445],[75.8256,15.45],[75.8183,15.508],[75.86,15.5136],[75.8681,15.5948],[75.8993,15.6069],[75.8724,15.6734],[75.8715,15.7154],[75.9205,15.7278],[75.9685,15.665],[76.0072,15.7167],[76.0461,15.7251],[76.0402,15.7685],[75.9896,15.8022],[75.9635,15.7842],[75.9276,15.7929],[75.8457,15.8377]]]},"properties":{"DISTRICT":"Gadag","ST_NM":"Karnataka","ST_CEN_CD":29,"DT_CEN_CD":7,"censuscode":561}},
{"type":"Feature","geometry":{"type":"Polygon","coordinates":[[[84.2411,19.5752],[84.2388,19.5718],[84.2349,19.5716],[84.2277,19.5734],[84.2089,19.5888],[84.151,19.5867],[84.135,19.6278],[84.0289,19.6324],[84.0228,19.6249],[84.0192,19.6249],[84.0146,19.6234],[84.0041,19.6267],[83.9995,19.6259],[83.9847,19.6214],[83.9762,19.6205],[83.9557,19.6336],[83.9432,19.635],[83.9272,19.6303],[83.9361,19.5661],[83.9772,19.5303],[83.9786,19.4855],[83.9442,19.4198],[83.947,19.3975],[84.0173,19.3741],[84.03,19.3454],[84.0217,19.2846],[83.9843,19.2052],[83.9871,19.1589],[84.0243,19.1415],[84.0135,19.0934],[83.9663,19.0427],[83.9879,19.0204],[83.952,18.9891],[83.9134,19.0174],[83.8979,18.9835],[83.8629,18.9793],[83.8142,19.0313],[83.796,19.0161],[83.8426,18.9178],[83.8514,18.86],[83.8779,18.8272],[84.0556,18.7925],[84.0993,18.7543],[84.1669,18.7841],[84.2242,18.7964],[84.2535,18.7826],[84.2914,18.8],[84.3397,18.8012],[84.3935,18.8921],[84.4367,18.9227],[84.4229,18.947],[84.4352,18.9916],[84.3825,18.99],[84.3536,19.0174],[84.3885,19.1163],[84.3636,19.1921],[84.3983,19.2003],[84.4253,19.2617],[84.4162,19.3333],[84.39,19.3911],[84.4073,19.4449],[84.3811,19.4943],[84.3717,19.5394],[84.3328,19.5485],[84.305,19.4955],[84.2568,19.4969],[84.2411,19.5752]]]},"properties":{"DISTRICT":"Gajapati","ST_NM":"Odisha","ST_CEN_CD":21,"DT_CEN_CD":20,"censuscode":389}},
{"type":"Feature","geometry":{"type":"Polygon","coordinates":[[[75.1937,34.1901],[75.2564,34.1704],[75.3086,34.2251],[75.3498,34.1984],[75.4563,34.1688],[75.631,34.2227],[75.625,34.2346],[75.5287,34.2661],[75.4073,34.3329],[75.3582,34.352],[75.2698,34.3672],[75.2005,34.3546],[75.1513,34.3608],[75.0606,34.4022],[75.0231,34.4391],[74.9532,34.4551],[74.8775,34.3507],[74.8388,34.34],[74.7529,34.3395],[74.914,34.2844],[75.0248,34.2605],[75.1545,34.2152],[75.1937,34.1901]]]},"properties":{"DISTRICT":"Ganderbal","ST_NM":"Jammu & Kashmir","ST_CEN_CD":1,"DT_CEN_CD":11,"censuscode":11}},
{"type":"Feature","geometry":{"type":"Polygon","coordinates":[[[72.8017,23.5022],[72.7776,23.5363],[72.7341,23.524],[72.6887,23.5305],[72.6851,23.5554],[72.6307,23.556],[72.6288,23.5107],[72.5918,23.5188],[72.5873,23.4717],[72.5358,23.4592],[72.5419,23.4307],[72.5048,23.3852],[72.5211,23.3505],[72.4874,23.3388],[72.4666,23.2997],[72.4148,23.2811],[72.44,23.2055],[72.3854,23.1688],[72.4047,23.1305],[72.3743,23.1039],[72.3361,23.1073],[72.3391,23.1056],[72.4058,23.0672],[72.4679,23.0598],[72.4856,23.1341],[72.5267,23.1472],[72.568,23.1266],[72.5998,23.0891],[72.7646,23.0932],[72.8408,22.993],[72.8507,22.9996],[72.8973,23.021],[72.9282,23.0772],[72.9626,23.0742],[72.9811,23.1286],[73.0152,23.1607],[72.9734,23.1668],[72.9969,23.2582],[72.9586,23.2434],[72.9207,23.2641],[72.9072,23.3215],[72.8613,23.3125],[72.8072,23.3514],[72.7633,23.3528],[72.7415,23.4021],[72.7962,23.4229],[72.8182,23.4612],[72.8017,23.5022]]]},"properties":{"DISTRICT":"Gandhinagar","ST_NM":"Gujarat","ST_CEN_CD":24,"DT_CEN_CD":6,"censuscode":473}},
{"type":"Feature","geometry":{"type":"Polygon","coordinates":[[[74.2885,29.9553],[74.0784,29.9697],[73.9002,29.9714],[73.8902,29.9977],[73.9076,30.0551],[73.9719,30.1288],[73.9759,30.1964],[73.847,30.1104],[73.8032,30.0714],[73.62,30.0246],[73.4076,29.9462],[73.3937,29.9288],[73.3052,29.6363],[73.2707,29.5459],[73.1982,29.4314],[73.0848,29.2364],[72.9988,29.1427],[72.9495,29.0331],[72.9338,29.0232],[72.7466,28.9521],[72.6485,28.9032],[72.7468,28.7827],[72.7653,28.7998],[72.9344,28.7286],[72.9576,28.7398],[73.0111,28.7138],[73.0355,28.743],[73.1163,28.7669],[73.1599,28.7947],[73.1593,28.8178],[73.2053,28.8534],[73.1974,28.8842],[73.2278,28.9297],[73.2803,28.9404],[73.3454,29.0059],[73.3877,29.0102],[73.4272,28.9919],[73.4867,29.012],[73.5208,28.9946],[73.5704,28.9967],[73.624,29.0374],[73.6563,29.0185],[73.7308,29.0264],[73.7724,29.0517],[73.7985,29.0071],[73.877,28.9409],[73.9111,28.9611],[73.9595,28.9459],[73.9751,28.9037],[74.0263,28.9333],[74.0205,28.9602],[74.0425,29.0123],[74.042,29.0097],[74.0421,29.0098],[74.044,29.0112],[74.062,29.019],[74.0646,29.0213],[74.0714,29.0228],[74.1018,29.0448],[74.2029,29.1498],[74.2155,29.2344],[74.2384,29.2714],[74.2137,29.293],[74.1678,29.2691],[74.0966,29.2586],[74.0264,29.2823],[73.9868,29.3421],[73.9245,29.3784],[73.8623,29.3495],[73.8433,29.3968],[73.9202,29.4368],[73.8857,29.4954],[73.8084,29.5381],[73.8034,29.6009],[73.9093,29.6238],[73.927,29.6523],[74.0112,29.6784],[73.9996,29.7161],[74.0803,29.7051],[74.0997,29.7388],[74.1692,29.7703],[74.1755,29.8019],[74.2127,29.8189],[74.2171,29.8514],[74.2745,29.8492],[74.2846,29.882],[74.2626,29.9076],[74.2829,29.939],[74.3052,29.9419],[74.3056,29.9436],[74.3036,29.9474],[74.3018,29.953],[74.3006,29.9561],[74.3006,29.9564],[74.2994,29.9565],[74.2885,29.9553]]]},"properties":{"DISTRICT":"Ganganagar","ST_NM":"Rajasthan","ST_CEN_CD":8,"DT_CEN_CD":1,"censuscode":99}},
{"type":"Feature","geometry":{"type":"Polygon","coordinates":[[[84.9404,19.897],[84.9063,19.9142],[84.9241,19.9413],[84.9021,19.993],[84.863,20.0003],[84.8569,20.0303],[84.811,20.0695],[84.8289,20.2225],[84.7439,20.245],[84.6967,20.2814],[84.6338,20.1938],[84.5847,20.1909],[84.5872,20.1739],[84.559,20.1611],[84.5645,20.1461],[84.5644,20.1408],[84.5522,20.1433],[84.5301,20.1434],[84.5062,20.1405],[84.4789,20.1464],[84.4533,20.1697],[84.4587,20.1882],[84.4463,20.2068],[84.4375,20.2059],[84.4356,20.2024],[84.4357,20.1955],[84.4292,20.1855],[84.4357,20.1559],[84.4152,20.1199],[84.4019,20.0725],[84.4155,20.0538],[84.3333,20.0106],[84.3772,19.9659],[84.4338,19.9583],[84.47,19.9392],[84.4606,19.853],[84.446,19.8434],[84.451,19.8351],[84.4458,19.8304],[84.4415,19.8302],[84.4334,19.8373],[84.4243,19.835],[84.3832,19.8416],[84.3213,19.8768],[84.3173,19.8867],[84.3079,19.9056],[84.2904,19.8935],[84.2781,19.8782],[84.2532,19.8717],[84.2348,19.8677],[84.214,19.8644],[84.1953,19.8598],[84.1868,19.8607],[84.1853,19.8597],[84.2021,19.8347],[84.1741,19.8196],[84.1686,19.8037],[84.1744,19.7923],[84.1725,19.7899],[84.1668,19.7859],[84.1329,19.7798],[84.1335,19.7762],[84.1499,19.756],[84.162,19.7342],[84.2471,19.6419],[84.2272,19.6258],[84.2359,19.609],[84.2347,19.597],[84.2411,19.5753],[84.2411,19.5752],[84.2568,19.4969],[84.305,19.4955],[84.3328,19.5485],[84.3717,19.5394],[84.3811,19.4943],[84.4073,19.4449],[84.39,19.3911],[84.4162,19.3333],[84.4253,19.2617],[84.3983,19.2003],[84.3636,19.1921],[84.3885,19.1163],[84.3536,19.0174],[84.3825,18.99],[84.4352,18.9916],[84.4789,18.9902],[84.5172,19.0463],[84.5608,19.0563],[84.6042,19.0287],[84.627,19.0854],[84.6165,19.1262],[84.6683,19.1307],[84.6721,19.1655],[84.7135,19.1524],[84.7046,19.1177],[84.7686,19.08],[84.8088,19.1533],[84.8909,19.2441],[84.9671,19.304],[85.0923,19.3797],[85.0997,19.4034],[85.178,19.4638],[85.1389,19.5237],[85.1773,19.5576],[85.1845,19.6755],[85.1286,19.749],[85.0878,19.7667],[85.0442,19.8063],[85.0097,19.8026],[84.9724,19.8528],[84.9363,19.8725],[84.9404,19.897]]]},"properties":{"DISTRICT":"Ganjam","ST_NM":"Odisha","ST_CEN_CD":21,"DT_CEN_CD":19,"censuscode":388}},
{"type":"Feature","geometry":{"type":"Polygon","coordinates":[[[80.5628,20.821],[80.5061,20.8315],[80.4154,20.8236],[80.3808,20.8049],[80.3318,20.8196],[80.3219,20.7528],[80.2735,20.6717],[80.2294,20.653],[80.1616,20.687],[80.0871,20.6887],[80.0584,20.7078],[80.0185,20.6663],[79.9645,20.6899],[79.933,20.6665],[79.9433,20.6379],[79.9276,20.5522],[79.9528,20.5282],[79.9413,20.4468],[79.9621,20.415],[79.9735,20.3607],[79.9454,20.294],[79.9923,20.2375],[79.9895,20.2068],[79.9342,20.1869],[79.9137,20.1407],[79.9654,20.1211],[79.9916,20.0453],[79.9505,19.9848],[79.9125,19.9676],[79.8712,19.984],[79.8487,20.0325],[79.8142,20.0289],[79.7807,20.0004],[79.7769,19.95],[79.8057,19.8999],[79.7441,19.8234],[79.7474,19.7791],[79.7868,19.7174],[79.792,19.596],[79.8348,19.5395],[79.8849,19.5034],[79.9177,19.495],[79.9517,19.4616],[79.9798,19.404],[79.952,19.2872],[79.9269,19.2296],[79.9493,19.1792],[79.8648,19.1074],[79.8679,19.0633],[79.9328,19.046],[79.9479,18.9413],[79.9459,18.8627],[79.9009,18.8346],[79.939,18.7883],[80.0194,18.7708],[80.0535,18.7251],[80.1138,18.6818],[80.1653,18.7003],[80.254,18.7058],[80.2748,18.7224],[80.2481,18.7531],[80.3067,18.7979],[80.3536,18.8155],[80.343,18.8604],[80.2713,18.9446],[80.2749,18.9913],[80.3387,19.105],[80.328,19.1283],[80.3527,19.1667],[80.3883,19.1845],[80.3956,19.247],[80.4526,19.2736],[80.4777,19.3326],[80.521,19.3519],[80.5666,19.4012],[80.5912,19.3809],[80.6112,19.3156],[80.6717,19.3305],[80.6909,19.2909],[80.7566,19.2908],[80.8338,19.3521],[80.7953,19.4306],[80.8749,19.4474],[80.8995,19.4696],[80.8864,19.5229],[80.8596,19.528],[80.8269,19.5691],[80.7925,19.5641],[80.7282,19.6119],[80.6692,19.6122],[80.6726,19.6913],[80.6203,19.7321],[80.5892,19.7412],[80.5468,19.7776],[80.5513,19.8141],[80.5249,19.8317],[80.4673,19.8308],[80.4968,19.8964],[80.4514,19.8962],[80.4096,19.9122],[80.4507,19.9553],[80.4768,19.9363],[80.5274,19.9336],[80.5512,19.9842],[80.5396,20.0065],[80.5532,20.0682],[80.5473,20.1123],[80.4583,20.1471],[80.4007,20.1462],[80.4203,20.1897],[80.3898,20.2438],[80.4634,20.271],[80.5178,20.2717],[80.549,20.309],[80.6237,20.3279],[80.5929,20.3941],[80.6104,20.4352],[80.6198,20.5923],[80.5856,20.6158],[80.5264,20.5863],[80.4884,20.6186],[80.5258,20.6633],[80.5852,20.6803],[80.5671,20.7132],[80.5502,20.7931],[80.5628,20.821]]]},"properties":{"DISTRICT":"Garhchiroli","ST_NM":"Maharashtra","ST_CEN_CD":27,"DT_CEN_CD":12,"censuscode":508}},
{"type":"Feature","geometry":{"type":"Polygon","coordinates":[[[83.8996,24.1935],[83.8185,24.2913],[83.8328,24.322],[83.8211,24.3782],[83.8556,24.4077],[83.8551,24.493],[83.8721,24.5255],[83.875,24.5284],[83.8758,24.532],[83.8661,24.5364],[83.7895,24.5226],[83.7565,24.5096],[83.608,24.5122],[83.5061,24.5259],[83.4009,24.5],[83.3893,24.4545],[83.4068,24.411],[83.4377,24.4027],[83.4421,24.3465],[83.3834,24.3124],[83.4097,24.2651],[83.3847,24.23],[83.3861,24.1999],[83.3567,24.1256],[83.3313,24.1005],[83.391,24.0991],[83.4331,24.0831],[83.4553,24.0419],[83.5173,24.0248],[83.5201,23.9665],[83.5569,23.8925],[83.5887,23.8616],[83.6638,23.8434],[83.7031,23.8075],[83.7369,23.7547],[83.7396,23.7047],[83.7222,23.6826],[83.7595,23.6491],[83.7823,23.5997],[83.9426,23.5634],[83.9465,23.623],[83.9559,23.6247],[84.0082,23.633],[84.0143,23.6327],[84.0525,23.6595],[84.0666,23.6941],[83.9939,23.7091],[84.0233,23.7761],[84.0185,23.7956],[83.956,23.8549],[83.9329,23.8647],[83.9398,23.9195],[83.907,23.9485],[83.8319,23.9485],[83.8272,24.0016],[83.8624,24.042],[83.867,24.0698],[83.9772,24.124],[83.97,24.1518],[83.905,24.1896],[83.8996,24.1935]]]},"properties":{"DISTRICT":"Garhwa","ST_NM":"Jharkhand","ST_CEN_CD":20,"DT_CEN_CD":1,"censuscode":346}},
{"type":"Feature","geometry":{"type":"Polygon","coordinates":[[[79.0799,30.2204],[79.0445,30.2183],[79.0487,30.2602],[79.0908,30.297],[79.0469,30.31],[78.8964,30.2566],[78.8034,30.2227],[78.7567,30.2155],[78.6902,30.242],[78.649,30.2102],[78.5942,30.1397],[78.5939,30.0658],[78.5332,30.0751],[78.5082,30.0571],[78.4395,30.079],[78.4135,30.1356],[78.3719,30.1193],[78.3432,30.134],[78.3121,30.1126],[78.2812,30.0639],[78.2292,30.0171],[78.2345,29.9929],[78.1939,29.9445],[78.252,29.919],[78.3213,29.8525],[78.3443,29.7905],[78.5002,29.7356],[78.524,29.6449],[78.5889,29.5747],[78.7057,29.503],[78.7514,29.499],[78.7781,29.4778],[78.9084,29.4502],[78.939,29.4717],[78.9664,29.5391],[79,29.5489],[79.0367,29.5855],[79.0618,29.5871],[79.0866,29.6569],[79.1217,29.7081],[79.1124,29.7296],[79.1234,29.8083],[79.0831,29.8847],[79.2294,29.9474],[79.2284,29.9776],[79.2031,30.0657],[79.182,30.0957],[79.1365,30.1217],[79.142,30.1657],[79.0799,30.2204]]]},"properties":{"DISTRICT":"Garhwal","ST_NM":"Uttarakhand","ST_CEN_CD":5,"DT_CEN_CD":6,"censuscode":61}},
{"type":"Feature","geometry":{"type":"Polygon","coordinates":[[[77.6752,28.1046],[77.7015,28.1144],[77.75,28.174],[77.708,28.2402],[77.6828,28.2491],[77.6835,28.3188],[77.6971,28.3482],[77.6787,28.3918],[77.6432,28.409],[77.6391,28.4782],[77.6471,28.4834],[77.6487,28.4849],[77.6527,28.4846],[77.6583,28.4866],[77.6607,28.4913],[77.6903,28.5083],[77.6885,28.5519],[77.6555,28.595],[77.5666,28.6164],[77.5219,28.6471],[77.4752,28.6255],[77.4058,28.6287],[77.4111,28.6739],[77.3373,28.6797],[77.3358,28.6774],[77.3281,28.6739],[77.3237,28.6377],[77.3463,28.6034],[77.3048,28.5768],[77.3051,28.5557],[77.3477,28.5035],[77.4459,28.426],[77.504,28.3526],[77.4762,28.3356],[77.5055,28.3014],[77.5024,28.275],[77.5476,28.1852],[77.5212,28.1592],[77.5089,28.1169],[77.4794,28.0781],[77.5725,28.0794],[77.6087,28.1084],[77.6416,28.0937],[77.6739,28.1085],[77.6752,28.1046]]]},"properties":{"DISTRICT":"Gautam Buddha Nagar","ST_NM":"Uttar Pradesh","ST_CEN_CD":9,"DT_CEN_CD":10,"censuscode":141}},
{"type":"Feature","geometry":{"type":"Polygon","coordinates":[[[85.2048,25.0532],[85.2044,25.0533],[85.2026,25.0513],[85.1953,25.0504],[85.179,25.0504],[85.1549,25.0676],[85.1516,25.0517],[85.1264,25.0508],[85.0912,24.9903],[85.0499,25.0015],[85.0443,25.0329],[84.9955,25.0177],[84.9573,24.9863],[84.9321,24.9916],[84.9257,25.0572],[84.8762,25.0639],[84.8746,25.0632],[84.8152,25.0714],[84.7688,25.0466],[84.7557,25.0544],[84.7442,25.0528],[84.7388,25.0546],[84.7386,25.0531],[84.735,25.0454],[84.7455,24.9867],[84.7118,24.957],[84.7051,24.9039],[84.642,24.8667],[84.7332,24.7952],[84.7229,24.7008],[84.6989,24.6809],[84.6459,24.6779],[84.6038,24.6563],[84.5971,24.5972],[84.5467,24.5274],[84.4896,24.514],[84.446,24.5568],[84.3932,24.5607],[84.371,24.5101],[84.3293,24.4893],[84.3008,24.4504],[84.3379,24.4308],[84.3434,24.3955],[84.3897,24.3894],[84.4024,24.3675],[84.462,24.3385],[84.4694,24.3174],[84.486,24.3028],[84.5009,24.2869],[84.5799,24.4122],[84.6656,24.3936],[84.6863,24.4562],[84.7323,24.4728],[84.7494,24.4963],[84.8268,24.5247],[84.8345,24.47],[84.8702,24.4576],[84.9105,24.3724],[84.9758,24.3761],[84.9976,24.4123],[85.0393,24.4255],[85.0817,24.4086],[85.0878,24.381],[85.1222,24.4092],[85.1765,24.4297],[85.16,24.4643],[85.231,24.4714],[85.2864,24.5193],[85.3904,24.5354],[85.3668,24.5563],[85.3184,24.5622],[85.3184,24.6037],[85.296,24.6723],[85.3269,24.6684],[85.3327,24.7124],[85.276,24.7466],[85.2788,24.782],[85.3061,24.8017],[85.3266,24.853],[85.3832,24.8983],[85.3965,24.966],[85.3264,25.0244],[85.2109,25.0345],[85.2023,25.0337],[85.2033,25.0476],[85.2048,25.0532]]]},"properties":{"DISTRICT":"Gaya","ST_NM":"Bihar","ST_CEN_CD":10,"DT_CEN_CD":34,"censuscode":236}},
{"type":"Feature","geometry":{"type":"Polygon","coordinates":[[[78.116,28.8563],[78.0346,28.8632],[77.9688,28.8434],[77.8972,28.8662],[77.8685,28.862],[77.8542,28.8014],[77.7925,28.7859],[77.7878,28.7673],[77.7325,28.7364],[77.6976,28.7433],[77.7172,28.7875],[77.6932,28.875],[77.5972,28.8746],[77.4618,28.9056],[77.4616,28.9204],[77.409,28.875],[77.4128,28.7911],[77.4126,28.7818],[77.3635,28.8016],[77.3076,28.7912],[77.2874,28.8335],[77.2276,28.83],[77.2105,28.7865],[77.2143,28.7835],[77.3164,28.7122],[77.3373,28.6797],[77.4111,28.6739],[77.4058,28.6287],[77.4752,28.6255],[77.5219,28.6471],[77.5666,28.6164],[77.6555,28.595],[77.6885,28.5519],[77.7128,28.5533],[77.7165,28.5524],[77.7572,28.5637],[77.8009,28.615],[77.858,28.651],[77.9016,28.659],[77.9373,28.7018],[77.9675,28.7136],[78.0097,28.6974],[78.0272,28.6707],[78.1283,28.6225],[78.1488,28.6299],[78.1689,28.6174],[78.1815,28.6157],[78.2094,28.6152],[78.1745,28.6918],[78.1525,28.7067],[78.1188,28.7881],[78.116,28.8563]]]},"properties":{"DISTRICT":"Ghaziabad","ST_NM":"Uttar Pradesh","ST_CEN_CD":9,"DT_CEN_CD":9,"censuscode":140}},
{"type":"Feature","geometry":{"type":"Polygon","coordinates":[[[83.7326,25.8563],[83.6598,25.8911],[83.5082,25.8635],[83.402,25.8368],[83.3792,25.7984],[83.3462,25.8141],[83.286,25.7598],[83.2687,25.7762],[83.2215,25.7594],[83.1852,25.6728],[83.1482,25.6532],[83.0672,25.6515],[83.083,25.5698],[83.0723,25.5507],[83.087,25.4937],[83.1797,25.5103],[83.2005,25.5319],[83.2886,25.5036],[83.3403,25.4634],[83.3807,25.4878],[83.4137,25.4869],[83.5046,25.4063],[83.5493,25.3476],[83.543,25.3132],[83.6284,25.3266],[83.7179,25.3933],[83.7703,25.386],[83.9294,25.5598],[83.946,25.5902],[83.9329,25.6404],[83.948,25.6755],[83.955,25.7475],[83.8837,25.763],[83.8631,25.7928],[83.8194,25.7829],[83.7326,25.8563]]]},"properties":{"DISTRICT":"Ghazipur","ST_NM":"Uttar Pradesh","ST_CEN_CD":9,"DT_CEN_CD":64,"censuscode":195}},
{"type":"Feature","geometry":{"type":"Polygon","coordinates":[[[86.4584,24.3696],[86.4218,24.3802],[86.3598,24.4429],[86.3258,24.441],[86.3003,24.4772],[86.3188,24.5093],[86.2991,24.5868],[86.2222,24.5918],[86.1722,24.5843],[86.1322,24.6124],[86.1402,24.676],[86.1122,24.7364],[86.0699,24.7521],[86.0573,24.7799],[86.0129,24.766],[85.9769,24.7339],[85.9114,24.7616],[85.8224,24.7298],[85.8339,24.6857],[85.7902,24.6653],[85.7647,24.626],[85.7967,24.6037],[85.8099,24.5526],[85.8679,24.5269],[85.8534,24.4688],[85.8447,24.3527],[85.8699,24.2948],[85.8332,24.2639],[85.8441,24.2239],[85.7317,24.2062],[85.6787,24.1829],[85.6698,24.1561],[85.7078,24.1301],[85.7079,24.1051],[85.7151,24.1048],[85.7571,24.1032],[85.8249,24.077],[85.8918,24.0317],[85.9197,23.9558],[85.9573,23.9005],[86.0099,23.9111],[86.0948,23.8892],[86.1191,23.894],[86.1372,23.9365],[86.1979,23.9484],[86.2798,23.9331],[86.3052,23.9904],[86.3405,24.0187],[86.3493,24.0555],[86.4709,24.018],[86.4838,24.0441],[86.5329,24.0566],[86.5757,24.1402],[86.5548,24.1541],[86.4893,24.1521],[86.5178,24.2229],[86.5069,24.2822],[86.4789,24.3016],[86.4584,24.3696]]]},"properties":{"DISTRICT":"Giridih","ST_NM":"Jharkhand","ST_CEN_CD":20,"DT_CEN_CD":4,"censuscode":349}},
{"type":"Feature","geometry":{"type":"Polygon","coordinates":[[[90.9391,26.0938],[90.8718,26.0975],[90.7804,26.1342],[90.7253,26.1346],[90.6951,26.153],[90.656,26.2414],[90.523,26.2079],[90.4241,26.1988],[90.3793,26.1815],[90.3317,26.1737],[90.2917,26.1858],[90.2516,26.1774],[90.2485,26.148],[90.1968,26.1264],[90.1658,26.0858],[90.1929,26.025],[90.1804,25.991],[90.1228,25.9612],[90.2168,25.9538],[90.3283,25.9743],[90.369,26.0101],[90.4004,26.014],[90.4325,25.9888],[90.4812,26.015],[90.5382,25.9578],[90.5825,25.9578],[90.6326,25.9371],[90.7166,25.9518],[90.744,25.9148],[90.7815,25.9079],[90.8005,25.9411],[90.8863,25.9513],[90.9612,25.9334],[90.9706,25.8867],[91.0323,25.8875],[91.0511,25.941],[91.1007,26.0092],[91.0692,26.0439],[91.0298,26.0397],[90.9391,26.0938]]]},"properties":{"DISTRICT":"Goalpara","ST_NM":"Assam","ST_CEN_CD":18,"DT_CEN_CD":3,"censuscode":302}},
{"type":"Feature","geometry":{"type":"Polygon","coordinates":[[[87.4781,25.1952],[87.3978,25.228],[87.3745,25.2074],[87.3296,25.2235],[87.2971,25.0898],[87.2648,25.1052],[87.2174,25.0901],[87.1743,25.0493],[87.1597,24.9916],[87.1533,24.8631],[87.112,24.8481],[87.0833,24.8091],[87.0878,24.7254],[87.0503,24.625],[87.071,24.6421],[87.1718,24.6149],[87.2194,24.5877],[87.2811,24.603],[87.3143,24.5966],[87.3882,24.5024],[87.4056,24.506],[87.392,24.5454],[87.4661,24.5697],[87.4492,24.6257],[87.4737,24.6586],[87.4598,24.7324],[87.4387,24.7613],[87.4618,24.7926],[87.511,24.7974],[87.4869,24.8179],[87.4591,24.9329],[87.5192,25.0574],[87.4764,25.1061],[87.5003,25.1372],[87.4781,25.1952]]]},"properties":{"DISTRICT":"Godda","ST_NM":"Jharkhand","ST_CEN_CD":20,"DT_CEN_CD":6,"censuscode":351}},
{"type":"Feature","geometry":{"type":"Polygon","coordinates":[[[93.8226,26.8236],[93.8217,26.8232],[93.7737,26.8437],[93.7551,26.8052],[93.7127,26.8175],[93.6508,26.7776],[93.667,26.714],[93.6515,26.7049],[93.5675,26.7238],[93.5111,26.7603],[93.4336,26.7445],[93.4052,26.7529],[93.3493,26.7315],[93.3093,26.6981],[93.3224,26.657],[93.2884,26.6349],[93.3045,26.5782],[93.4041,26.5806],[93.4137,26.5675],[93.5607,26.6083],[93.6269,26.5905],[93.6868,26.606],[93.7399,26.5854],[93.7373,26.5496],[93.7888,26.4634],[93.8003,26.3897],[93.8289,26.4173],[93.8852,26.3871],[93.8918,26.3421],[93.8772,26.2656],[93.837,26.2067],[93.8356,26.1603],[93.7831,26.039],[93.8021,25.977],[93.7732,25.9619],[93.7984,25.9055],[93.7798,25.8421],[93.7957,25.8101],[93.8516,25.8586],[93.8826,25.8415],[93.9158,25.8832],[93.9681,25.9063],[93.9825,25.9217],[93.956,25.9697],[93.9549,26.0029],[93.9861,26.0791],[94.0132,26.1819],[94.0359,26.1988],[94.1084,26.3219],[94.168,26.3488],[94.1383,26.3499],[94.1186,26.3997],[94.1314,26.4449],[94.0996,26.4915],[94.1179,26.5542],[94.0738,26.5967],[94.0973,26.6452],[94.0518,26.6729],[94.0493,26.7284],[94.0042,26.7464],[93.9807,26.7886],[93.9201,26.7836],[93.8684,26.8144],[93.8314,26.8129],[93.8273,26.8158],[93.8253,26.8187],[93.8226,26.8236]]]},"properties":{"DISTRICT":"Golaghat","ST_NM":"Assam","ST_CEN_CD":18,"DT_CEN_CD":14,"censuscode":313}},
{"type":"Feature","geometry":{"type":"Polygon","coordinates":[[[82.0774,27.4106],[82.0038,27.4114],[81.9801,27.4399],[81.9328,27.4205],[81.9098,27.3664],[81.9215,27.3305],[81.8493,27.3246],[81.8414,27.2913],[81.7966,27.2956],[81.7315,27.33],[81.6847,27.3197],[81.7052,27.2706],[81.6701,27.2387],[81.6325,27.1376],[81.608,27.1414],[81.5164,27.0828],[81.5074,27.059],[81.5598,27.05],[81.6021,27.021],[81.6546,27.0044],[81.6581,26.9622],[81.7261,26.9566],[81.7177,26.9203],[81.7251,26.9191],[81.7555,26.8851],[81.8437,26.8377],[81.8848,26.8327],[81.9197,26.789],[81.9773,26.7785],[82.0397,26.8066],[82.0901,26.8092],[82.1418,26.8317],[82.1857,26.8331],[82.225,26.8073],[82.2327,26.8682],[82.2502,26.8944],[82.2437,26.9345],[82.3292,26.9556],[82.3598,26.9313],[82.3988,26.9467],[82.4872,26.9051],[82.5202,26.9522],[82.5635,26.9651],[82.5907,27.0017],[82.5587,27.0572],[82.5675,27.0754],[82.4758,27.1663],[82.4776,27.1615],[82.4797,27.1561],[82.4427,27.1288],[82.4118,27.0781],[82.3389,27.0538],[82.2584,27.151],[82.2173,27.1789],[82.2389,27.2229],[82.2877,27.199],[82.3148,27.2177],[82.2792,27.2752],[82.1163,27.3699],[82.0774,27.4106]]]},"properties":{"DISTRICT":"Gonda","ST_NM":"Uttar Pradesh","ST_CEN_CD":9,"DT_CEN_CD":52,"censuscode":183}},
{"type":"Feature","geometry":{"type":"Polygon","coordinates":[[[80.6634,21.3314],[80.6,21.3254],[80.5262,21.39],[80.4551,21.4026],[80.4497,21.3741],[80.4061,21.3808],[80.3958,21.4076],[80.4181,21.4384],[80.3821,21.4912],[80.3773,21.521],[80.3021,21.5754],[80.2669,21.6199],[80.1948,21.6339],[80.1505,21.6047],[80.1251,21.6086],[80.0701,21.5543],[80.0327,21.5563],[80,21.5344],[79.9782,21.5547],[79.9336,21.5533],[79.9222,21.5241],[79.9239,21.4819],[79.883,21.4244],[79.8025,21.3794],[79.826,21.2703],[79.8484,21.2451],[79.9056,21.2405],[79.9419,21.2522],[79.9716,21.2281],[80.0498,21.2102],[80.0837,21.1434],[80.0724,21.1189],[80.087,21.0482],[80.0476,21.0031],[79.9972,21.0214],[79.953,21.0131],[79.9478,20.9261],[79.9094,20.8866],[79.8653,20.8761],[79.8704,20.7804],[79.9257,20.7655],[79.9344,20.7119],[79.9645,20.6899],[80.0185,20.6663],[80.0584,20.7078],[80.0871,20.6887],[80.1616,20.687],[80.2294,20.653],[80.2735,20.6717],[80.3219,20.7528],[80.3318,20.8196],[80.3808,20.8049],[80.4154,20.8236],[80.5061,20.8315],[80.5628,20.821],[80.5566,20.8901],[80.5421,20.9324],[80.4659,20.9292],[80.4305,21.0105],[80.4553,21.0504],[80.442,21.0998],[80.4641,21.1735],[80.5681,21.2065],[80.6456,21.2555],[80.6796,21.3119],[80.6634,21.3314]]]},"properties":{"DISTRICT":"Gondiya","ST_NM":"Maharashtra","ST_CEN_CD":27,"DT_CEN_CD":11,"censuscode":507}},
{"type":"Feature","geometry":{"type":"Polygon","coordinates":[[[84.4926,26.6025],[84.4166,26.6356],[84.3062,26.6132],[84.2814,26.5968],[84.1613,26.6359],[84.0897,26.6381],[84.094,26.6079],[84.058,26.5478],[83.9746,26.509],[83.916,26.504],[83.9115,26.4475],[83.9926,26.4323],[84.0253,26.4394],[84.0706,26.3876],[84.1804,26.3716],[84.2449,26.3156],[84.2794,26.306],[84.3228,26.3297],[84.3648,26.3054],[84.3655,26.3677],[84.4363,26.3741],[84.4876,26.3347],[84.5315,26.3372],[84.5912,26.3232],[84.6848,26.2665],[84.7634,26.2109],[84.8987,26.2148],[84.8768,26.2552],[84.8102,26.2873],[84.8113,26.3177],[84.7685,26.3415],[84.7305,26.383],[84.7125,26.4274],[84.6614,26.4627],[84.5938,26.4372],[84.5808,26.4853],[84.5129,26.5333],[84.4926,26.6025]]]},"properties":{"DISTRICT":"Gopalganj","ST_NM":"Bihar","ST_CEN_CD":10,"DT_CEN_CD":15,"censuscode":217}},
{"type":"Feature","geometry":{"type":"Polygon","coordinates":[[[83.5447,26.8804],[83.447,26.9752],[83.3314,26.981],[83.4022,27.0722],[83.3415,27.0913],[83.3228,27.0534],[83.1777,27.0875],[83.1633,27.1287],[83.1302,27.1414],[83.1275,27.1017],[83.1745,27.0019],[83.2069,27.017],[83.2266,26.9868],[83.2173,26.8842],[83.1351,26.8644],[83.1148,26.8119],[83.1128,26.7665],[83.1339,26.7279],[83.0901,26.7149],[83.116,26.621],[83.1549,26.5422],[83.1973,26.5167],[83.0968,26.4838],[83.0961,26.4251],[83.0708,26.4078],[83.135,26.3848],[83.1634,26.3966],[83.2312,26.3931],[83.2883,26.3583],[83.3373,26.35],[83.4408,26.2707],[83.508,26.2771],[83.5344,26.2771],[83.6347,26.223],[83.6583,26.319],[83.6254,26.3224],[83.5665,26.3926],[83.5244,26.4002],[83.4817,26.4571],[83.5005,26.4942],[83.602,26.5146],[83.6317,26.657],[83.6203,26.7531],[83.5604,26.8359],[83.5447,26.8804]]]},"properties":{"DISTRICT":"Gorakhpur","ST_NM":"Uttar Pradesh","ST_CEN_CD":9,"DT_CEN_CD":57,"censuscode":188}},
{"type":"Feature","geometry":{"type":"Polygon","coordinates":[[[76.6922,17.6818],[76.6055,17.7575],[76.5249,17.7605],[76.5248,17.7168],[76.4874,17.7151],[76.4857,17.6713],[76.4296,17.646],[76.4166,17.6059],[76.3323,17.5965],[76.3508,17.4739],[76.374,17.4362],[76.3628,17.377],[76.409,17.3712],[76.3826,17.3138],[76.2765,17.3324],[76.2708,17.3584],[76.2294,17.365],[76.1634,17.3427],[76.1213,17.368],[76.0734,17.334],[76.0665,17.3092],[76.1249,17.2447],[76.1955,17.1827],[76.2199,17.1841],[76.2444,17.1489],[76.2826,17.1652],[76.3663,17.1757],[76.3641,17.1167],[76.3985,17.0716],[76.4298,17.0993],[76.4353,16.9802],[76.4007,16.9758],[76.4012,16.9346],[76.4367,16.9414],[76.4381,16.8673],[76.3748,16.8586],[76.3548,16.8187],[76.3788,16.8009],[76.372,16.7674],[76.4354,16.7628],[76.4602,16.7115],[76.501,16.7173],[76.5094,16.7411],[76.6052,16.7656],[76.6342,16.7366],[76.6947,16.7863],[76.7437,16.7824],[76.7554,16.831],[76.8188,16.8696],[76.8955,16.896],[76.9042,16.8516],[76.9343,16.8287],[76.9925,16.8187],[76.9827,16.8507],[77.0413,16.8792],[77.0255,16.8975],[77.0617,16.9465],[77.1039,16.9003],[77.1792,16.934],[77.2395,16.9426],[77.2734,16.9246],[77.3351,16.9307],[77.4081,16.8812],[77.4565,16.8851],[77.4681,16.9562],[77.5035,17.0108],[77.4666,17.1074],[77.38,17.1411],[77.3636,17.1648],[77.384,17.2229],[77.4583,17.279],[77.4378,17.2913],[77.4601,17.348],[77.5247,17.3651],[77.514,17.4302],[77.5374,17.4439],[77.5765,17.4325],[77.6147,17.4473],[77.615,17.473],[77.6898,17.5087],[77.6607,17.5243],[77.5523,17.5523],[77.5312,17.576],[77.4937,17.569],[77.4435,17.5841],[77.3789,17.5834],[77.3011,17.5977],[77.2773,17.6269],[77.2307,17.6322],[77.1908,17.6156],[77.1547,17.6288],[77.1166,17.6848],[77.0888,17.6598],[77.0383,17.668],[76.9952,17.6954],[76.9807,17.6498],[76.9289,17.6348],[76.8368,17.6514],[76.7713,17.6468],[76.6922,17.6818]]]},"properties":{"DISTRICT":"Gulbarga","ST_NM":"Karnataka","ST_CEN_CD":29,"DT_CEN_CD":25,"censuscode":579}},
{"type":"Feature","geometry":{"type":"Polygon","coordinates":[[[84.399,23.6042],[84.3593,23.6087],[84.3192,23.5786],[84.3286,23.528],[84.3173,23.483],[84.289,23.4906],[84.252,23.4513],[84.2606,23.3782],[84.2438,23.3485],[84.1943,23.3244],[84.119,23.3502],[84.0774,23.3308],[84.0576,23.2419],[84.0633,23.1974],[84.041,23.1689],[84.0408,23.1395],[84.095,23.1107],[84.1379,23.0646],[84.1317,23.0321],[84.1513,22.9896],[84.1861,23.0239],[84.2241,22.9779],[84.2856,22.9628],[84.3388,22.9807],[84.3775,22.9767],[84.396,22.9404],[84.3829,22.8754],[84.3273,22.8512],[84.3169,22.8008],[84.2946,22.7728],[84.34,22.7461],[84.3909,22.7721],[84.4184,22.765],[84.4512,22.8313],[84.5051,22.8214],[84.5035,22.7955],[84.5507,22.7914],[84.5698,22.7272],[84.6655,22.7285],[84.6963,22.7418],[84.7325,22.8012],[84.7654,22.7901],[84.7948,22.7539],[84.8606,22.7635],[84.8837,22.7418],[84.9332,22.7905],[84.979,22.7851],[85.0074,22.8035],[84.9879,22.869],[84.9913,22.9609],[84.9469,22.9649],[84.9426,23.0115],[84.9041,23.0552],[84.8862,23.14],[84.9208,23.1685],[84.9511,23.2282],[84.9138,23.2438],[84.898,23.3201],[84.8519,23.3159],[84.8129,23.2835],[84.7873,23.3212],[84.7359,23.3317],[84.7114,23.3119],[84.6748,23.3201],[84.6288,23.309],[84.5385,23.3485],[84.5133,23.384],[84.4795,23.3601],[84.4635,23.4079],[84.424,23.4264],[84.4754,23.4876],[84.4626,23.539],[84.471,23.576],[84.399,23.6042]]]},"properties":{"DISTRICT":"Gumla","ST_NM":"Jharkhand","ST_CEN_CD":20,"DT_CEN_CD":21,"censuscode":366}},
{"type":"Feature","geometry":{"type":"Polygon","coordinates":[[[77.3084,25.0789],[77.2678,25.1142],[77.175,25.1087],[77.1631,25.0833],[77.0825,25.0531],[76.9888,25.0726],[76.9737,25.051],[76.906,25.0292],[76.8742,25.0063],[76.8769,24.9498],[76.9295,24.9055],[76.9538,24.8681],[76.8998,24.8347],[76.8422,24.8363],[76.8069,24.8218],[76.8514,24.7653],[76.8496,24.7474],[76.9264,24.7441],[76.9681,24.7548],[76.9767,24.7269],[77.0241,24.7102],[77.0643,24.6377],[77.069,24.5594],[77.055,24.5219],[76.9971,24.4688],[76.9646,24.4556],[76.9191,24.483],[76.9229,24.531],[76.8504,24.5464],[76.8189,24.5298],[76.8557,24.4645],[76.8455,24.4382],[76.8533,24.3637],[76.8412,24.3562],[76.8784,24.2666],[76.9481,24.1944],[76.9203,24.1843],[76.904,24.1267],[76.8816,24.1305],[76.9577,24.0732],[77.0019,24.0571],[77.0291,24.0825],[77.1018,24.0873],[77.1826,24.0825],[77.1885,24.0048],[77.164,23.9487],[77.1863,23.8981],[77.2276,23.8959],[77.3186,23.8938],[77.3081,23.9215],[77.3107,24.0098],[77.2644,24.0701],[77.2982,24.0884],[77.2888,24.1247],[77.3422,24.1805],[77.3518,24.2148],[77.3229,24.285],[77.3582,24.347],[77.4091,24.3274],[77.4013,24.2752],[77.4515,24.24],[77.5041,24.2537],[77.5536,24.2486],[77.5941,24.269],[77.5985,24.2976],[77.649,24.3151],[77.6251,24.3525],[77.6889,24.3892],[77.638,24.4271],[77.5914,24.3793],[77.5076,24.406],[77.4764,24.4327],[77.49,24.4965],[77.4916,24.5577],[77.4754,24.5934],[77.4894,24.6496],[77.553,24.7221],[77.52,24.8265],[77.5629,24.871],[77.4771,24.8766],[77.4498,24.9278],[77.4043,24.9469],[77.358,24.9438],[77.3084,25.0789]]]},"properties":{"DISTRICT":"Guna","ST_NM":"Madhya Pradesh","ST_CEN_CD":23,"DT_CEN_CD":41,"censuscode":458}},
{"type":"Feature","geometry":{"type":"Polygon","coordinates":[[[80.8193,15.7427],[80.8517,15.819],[80.9062,15.9234],[80.9054,16.0002],[80.8692,16.1425],[80.8096,16.2848],[80.7385,16.382],[80.6454,16.4992],[80.4836,16.5969],[80.3189,16.6258],[80.2278,16.6236],[80.1462,16.6634],[80.1482,16.7556],[80.1109,16.834],[80.0781,16.8212],[80.0564,16.7528],[80,16.7002],[79.9511,16.6403],[79.8993,16.6571],[79.8702,16.7056],[79.8186,16.6978],[79.7831,16.7367],[79.7309,16.6998],[79.6912,16.6975],[79.6562,16.6691],[79.608,16.6703],[79.5717,16.6451],[79.5052,16.6375],[79.4585,16.6161],[79.4345,16.5894],[79.3534,16.5864],[79.2738,16.5682],[79.2382,16.526],[79.244,16.4654],[79.2268,16.445],[79.2193,16.3697],[79.2357,16.3438],[79.233,16.2572],[79.2,16.2298],[79.2255,16.1812],[79.3037,16.2298],[79.3685,16.2429],[79.4638,16.3107],[79.4983,16.3014],[79.5327,16.3181],[79.5558,16.3048],[79.5751,16.1966],[79.5574,16.1415],[79.5832,16.0214],[79.5607,16.0061],[79.5693,15.9469],[79.6172,15.9378],[79.7046,15.8987],[79.76,15.8243],[79.7679,15.8965],[79.8024,15.939],[79.8873,15.9199],[79.9248,15.9647],[79.9052,16.0066],[79.8718,16.0251],[79.9215,16.0782],[79.8662,16.1397],[79.8753,16.1618],[79.9999,16.1388],[80.0139,16.1149],[80.0711,16.0688],[80.1019,16.009],[80.1515,16.0443],[80.2334,16.0314],[80.3061,16.0536],[80.4017,16.0114],[80.3787,15.986],[80.4062,15.8932],[80.4452,15.9127],[80.4525,15.8787],[80.4325,15.8486],[80.4392,15.8063],[80.5212,15.8459],[80.6407,15.8784],[80.7305,15.8862],[80.7817,15.8632],[80.8159,15.8094],[80.8193,15.7427]]]},"properties":{"DISTRICT":"Guntur","ST_NM":"Andhra Pradesh","ST_CEN_CD":28,"DT_CEN_CD":17,"censuscode":548}},
{"type":"Feature","geometry":{"type":"Polygon","coordinates":[[[75.9269,32.4087],[75.9505,32.4243],[75.8712,32.4993],[75.8886,32.576],[75.8202,32.4869],[75.7617,32.4763],[75.7272,32.4181],[75.6636,32.3889],[75.6082,32.3819],[75.5396,32.3403],[75.5311,32.2982],[75.483,32.3179],[75.3396,32.3424],[75.328,32.296],[75.3714,32.279],[75.3787,32.2387],[75.3327,32.2187],[75.3217,32.1747],[75.283,32.1428],[75.2829,32.1195],[75.2397,32.0909],[75.1346,32.084],[75.1003,32.0638],[75.0075,32.0439],[74.9403,32.0669],[74.9123,32.051],[74.9366,32.0132],[74.9016,31.9339],[74.9178,31.8823],[74.9688,31.8343],[75.0457,31.8029],[75.0768,31.8061],[75.2029,31.7278],[75.2268,31.6855],[75.2864,31.695],[75.3009,31.6518],[75.3378,31.6408],[75.4049,31.5944],[75.4213,31.6231],[75.4757,31.6514],[75.4963,31.7],[75.5689,31.7756],[75.5728,31.8555],[75.5524,31.9203],[75.5305,31.9436],[75.5582,31.9961],[75.5619,32.0361],[75.5936,32.0814],[75.6706,32.1457],[75.6353,32.185],[75.6378,32.2346],[75.6912,32.2638],[75.7518,32.2734],[75.8596,32.3789],[75.9269,32.4087]]]},"properties":{"DISTRICT":"Gurdaspur","ST_NM":"Punjab","ST_CEN_CD":3,"DT_CEN_CD":1,"censuscode":35}},
{"type":"Feature","geometry":{"type":"Polygon","coordinates":[[[76.6666,28.3781],[76.6651,28.3715],[76.6616,28.3177],[76.6863,28.315],[76.6821,28.2628],[76.7222,28.2624],[76.7702,28.2408],[76.8549,28.2346],[76.9014,28.2577],[76.9307,28.3206],[76.9778,28.3342],[77.0137,28.3053],[77.0194,28.2495],[77.1128,28.2155],[77.1787,28.1995],[77.2144,28.2601],[77.2392,28.2687],[77.1541,28.3166],[77.152,28.3864],[77.1754,28.4031],[77.1279,28.4371],[77.1151,28.4828],[77.0822,28.515],[77.0253,28.5281],[76.9542,28.5084],[76.8889,28.5039],[76.8293,28.5034],[76.8133,28.476],[76.7443,28.465],[76.7081,28.4082],[76.7258,28.3599],[76.6976,28.3609],[76.6971,28.3702],[76.6741,28.38],[76.6666,28.3781]]]},"properties":{"DISTRICT":"Gurgaon","ST_NM":"Haryana","ST_CEN_CD":6,"DT_CEN_CD":18,"censuscode":86}},
{"type":"Feature","geometry":{"type":"MultiPolygon","coordinates":[[[[78.6292,26.1568],[78.6127,26.1994],[78.5657,26.192],[78.5193,26.2277],[78.4944,26.2643],[78.462,26.2568],[78.4158,26.2967],[78.4204,26.3299],[78.332,26.347],[78.2643,26.3377],[78.2291,26.3048],[78.1219,26.339],[78.0273,26.3118],[77.9851,26.2518],[77.9116,26.2532],[77.9013,26.2328],[77.8369,26.2302],[77.815,26.2553],[77.7812,26.2213],[77.7709,26.1838],[77.7441,26.1634],[77.7419,26.1285],[77.7743,26.051],[77.7297,26.0497],[77.6722,25.9795],[77.6769,25.9161],[77.6855,25.9134],[77.6891,25.9108],[77.6928,25.908],[77.6976,25.8883],[77.7127,25.8787],[77.7455,25.8822],[77.7827,25.8557],[77.7906,25.8433],[77.7938,25.8404],[77.7978,25.8243],[77.8676,25.8036],[77.8757,25.7401],[77.9181,25.7534],[77.9958,25.7404],[78.0584,25.7109],[78.2141,25.7386],[78.2671,25.7808],[78.2809,25.781],[78.318,25.8174],[78.3881,25.85],[78.4669,25.9044],[78.4878,25.9629],[78.5413,25.9747],[78.5829,26.0052],[78.6415,26.0837],[78.6081,26.0991],[78.6292,26.1568]]],[[[78.7748,26.0155],[78.7429,26.006],[78.7271,25.9445],[78.6917,25.9165],[78.67,25.9284],[78.6276,25.8997],[78.6265,25.828],[78.6587,25.8239],[78.688,25.7827],[78.679,25.7618],[78.7161,25.7333],[78.712,25.6816],[78.6287,25.5769],[78.656,25.5604],[78.6844,25.5888],[78.8021,25.6123],[78.8189,25.6692],[78.7989,25.7052],[78.7684,25.7155],[78.8236,25.8258],[78.8711,25.7967],[78.8657,25.8666],[78.8843,25.9102],[78.8406,25.9424],[78.7832,25.9647],[78.7748,26.0155]]]]},"properties":{"DISTRICT":"Gwalior","ST_NM":"Madhya Pradesh","ST_CEN_CD":23,"DT_CEN_CD":4,"censuscode":421}},
{"type":"Feature","geometry":{"type":"Polygon","coordinates":[[[92.7647,24.5182],[92.7641,24.5666],[92.7387,24.5867],[92.7049,24.564],[92.6699,24.5911],[92.6965,24.6164],[92.6666,24.6388],[92.6561,24.7357],[92.6803,24.8132],[92.6398,24.8191],[92.6314,24.8531],[92.5891,24.8619],[92.5451,24.7986],[92.5449,24.7599],[92.523,24.7403],[92.4973,24.674],[92.5191,24.567],[92.5084,24.5324],[92.5065,24.4375],[92.4767,24.3228],[92.4221,24.2511],[92.4186,24.1923],[92.4362,24.1504],[92.4626,24.1343],[92.5324,24.1783],[92.5502,24.2436],[92.6111,24.251],[92.6257,24.3321],[92.6912,24.3539],[92.7647,24.5182]]]},"properties":{"DISTRICT":"Hailakandi","ST_NM":"Assam","ST_CEN_CD":18,"DT_CEN_CD":19,"censuscode":318}},
{"type":"Feature","geometry":{"type":"Polygon","coordinates":[[[76.6407,31.8747],[76.606,31.894],[76.5684,31.8898],[76.5199,31.844],[76.4678,31.827],[76.4615,31.8053],[76.3526,31.7934],[76.3028,31.7762],[76.3139,31.7217],[76.3677,31.6406],[76.3944,31.6201],[76.459,31.486],[76.5177,31.4679],[76.5723,31.4318],[76.6142,31.4187],[76.6102,31.4698],[76.6221,31.5735],[76.7054,31.599],[76.7298,31.5854],[76.7156,31.6307],[76.7277,31.6649],[76.6937,31.6822],[76.6739,31.7321],[76.6367,31.7498],[76.6212,31.7901],[76.6407,31.8747]]]},"properties":{"DISTRICT":"Hamirpur","ST_NM":"Himachal Pradesh","ST_CEN_CD":2,"DT_CEN_CD":6,"censuscode":28}},
{"type":"Feature","geometry":{"type":"Polygon","coordinates":[[[80.2368,25.9225],[80.1417,25.9671],[80.0837,26.0051],[80.1085,26.0246],[80.0953,26.0779],[80.0127,26.0675],[79.9581,26.0781],[79.968,26.1535],[79.9663,26.1552],[79.9653,26.1577],[79.9216,26.0908],[79.9465,26.0573],[79.9544,26.0069],[79.8668,25.9356],[79.8703,25.8817],[79.8058,25.8642],[79.7676,25.8729],[79.7518,25.9066],[79.6168,25.9028],[79.5753,25.8853],[79.5744,25.8504],[79.5416,25.8196],[79.508,25.8564],[79.4598,25.8239],[79.4502,25.7868],[79.398,25.7962],[79.3746,25.7765],[79.3741,25.7155],[79.3872,25.6829],[79.3747,25.6027],[79.4105,25.5454],[79.389,25.5218],[79.4669,25.5064],[79.5351,25.4832],[79.5933,25.4953],[79.6448,25.4858],[79.66,25.5417],[79.7422,25.5482],[79.7392,25.5256],[79.8143,25.499],[79.831,25.5492],[79.9138,25.5966],[79.9426,25.5924],[79.9802,25.6308],[80.026,25.5883],[80.0002,25.532],[80.0002,25.4889],[80.0373,25.4785],[80.0243,25.4443],[80.1071,25.4009],[80.1211,25.4074],[80.1394,25.4563],[80.1907,25.442],[80.2232,25.5005],[80.2145,25.5542],[80.2763,25.62],[80.3173,25.645],[80.3041,25.6932],[80.3475,25.7166],[80.3051,25.7611],[80.2762,25.7678],[80.2623,25.8056],[80.3016,25.8433],[80.3526,25.8697],[80.3502,25.8987],[80.3013,25.8934],[80.2716,25.9307],[80.2368,25.9225]]]},"properties":{"DISTRICT":"Hamirpur","ST_NM":"Uttar Pradesh","ST_CEN_CD":9,"DT_CEN_CD":37,"censuscode":168}},
{"type":"Feature","geometry":{"type":"Polygon","coordinates":[[[74.042,29.0097],[74.0411,29.0043],[74.0729,28.964],[74.1121,28.9402],[74.1203,28.8471],[74.068,28.7918],[74.1359,28.7956],[74.1609,28.7772],[74.1956,28.8089],[74.278,28.8003],[74.4195,28.885],[74.439,28.8318],[74.49,28.8202],[74.5788,28.8289],[74.6015,28.813],[74.6375,28.8368],[74.6945,28.8379],[74.7417,28.8549],[74.7708,28.8245],[74.8007,28.8536],[74.7727,28.8988],[74.8114,28.9323],[74.8623,28.9449],[74.8993,28.9354],[74.9194,28.8978],[74.9989,28.9153],[75.0374,28.9371],[75.046,28.8934],[75.0278,28.8503],[75.1014,28.8727],[75.2198,28.8574],[75.2485,28.8838],[75.2419,28.9276],[75.291,28.9234],[75.3204,28.9856],[75.3589,28.9644],[75.3337,28.9166],[75.3731,28.9142],[75.4039,28.967],[75.4505,28.9624],[75.4777,28.9348],[75.5064,28.9383],[75.5249,28.979],[75.5201,29.0077],[75.4437,29.0135],[75.4393,29.0617],[75.3896,29.0674],[75.3898,29.1078],[75.3702,29.1398],[75.4098,29.186],[75.3889,29.2612],[75.3241,29.2333],[75.3286,29.2908],[75.2862,29.2712],[75.2444,29.2494],[75.1565,29.2435],[75.087,29.2302],[75.0328,29.2894],[74.9999,29.2697],[74.962,29.28],[74.9362,29.3628],[74.8585,29.4012],[74.8185,29.3969],[74.7847,29.3586],[74.6589,29.3712],[74.6504,29.33],[74.6086,29.3532],[74.5787,29.4052],[74.54,29.4241],[74.5434,29.4642],[74.5877,29.4576],[74.6204,29.5305],[74.5807,29.5547],[74.5877,29.654],[74.6148,29.7521],[74.4812,29.7436],[74.4746,29.7872],[74.5011,29.8261],[74.5631,29.8651],[74.5287,29.943],[74.4516,29.9469],[74.331,29.9541],[74.3006,29.9564],[74.3006,29.9561],[74.3018,29.953],[74.3036,29.9474],[74.3056,29.9436],[74.3052,29.9419],[74.2829,29.939],[74.2626,29.9076],[74.2846,29.882],[74.2745,29.8492],[74.2171,29.8514],[74.2127,29.8189],[74.1755,29.8019],[74.1692,29.7703],[74.0997,29.7388],[74.0803,29.7051],[73.9996,29.7161],[74.0112,29.6784],[73.927,29.6523],[73.9093,29.6238],[73.8034,29.6009],[73.8084,29.5381],[73.8857,29.4954],[73.9202,29.4368],[73.8433,29.3968],[73.8623,29.3495],[73.9245,29.3784],[73.9868,29.3421],[74.0264,29.2823],[74.0966,29.2586],[74.1678,29.2691],[74.2137,29.293],[74.2384,29.2714],[74.2155,29.2344],[74.2029,29.1498],[74.1018,29.0448],[74.0714,29.0228],[74.0646,29.0213],[74.062,29.019],[74.044,29.0112],[74.0421,29.0098],[74.042,29.0097]]]},"properties":{"DISTRICT":"Hanumangarh","ST_NM":"Rajasthan","ST_CEN_CD":8,"DT_CEN_CD":2,"censuscode":100}},
{"type":"Feature","geometry":{"type":"Polygon","coordinates":[[[88.3557,22.6503],[88.3443,22.6646],[88.2759,22.664],[88.1792,22.6823],[88.0147,22.6836],[87.9889,22.7796],[87.9507,22.763],[87.9303,22.6329],[87.8552,22.5975],[87.8458,22.5612],[87.8862,22.5093],[87.8987,22.4791],[87.8834,22.441],[87.8841,22.4404],[87.8855,22.4391],[87.9269,22.4215],[87.9451,22.4067],[87.9583,22.3479],[87.9587,22.2847],[87.9714,22.2638],[88.0118,22.2302],[88.0492,22.22],[88.0983,22.3023],[88.0989,22.3755],[88.1424,22.4081],[88.1195,22.4638],[88.1665,22.4797],[88.2743,22.5553],[88.3324,22.5557],[88.3632,22.6332],[88.3557,22.6503]]]},"properties":{"DISTRICT":"Haora","ST_NM":"West Bengal","ST_CEN_CD":19,"DT_CEN_CD":15,"censuscode":341}},
{"type":"Feature","geometry":{"type":"Polygon","coordinates":[[[77.2071,22.5687],[77.1648,22.5847],[77.1236,22.5595],[77.0877,22.5222],[77.0287,22.4997],[76.8969,22.4851],[76.7896,22.4287],[76.7822,22.3474],[76.8476,22.3324],[76.8947,22.2994],[76.8474,22.244],[76.8281,22.1615],[76.8546,22.1078],[76.8454,22.0629],[76.858,22.032],[76.9093,22.0112],[76.9765,22.0074],[77.0003,21.9814],[77.0678,21.9816],[77.1368,21.9928],[77.2066,21.934],[77.219,21.9052],[77.2496,21.9162],[77.2758,21.9641],[77.323,21.9686],[77.3949,21.9966],[77.4017,22.0262],[77.4983,22.0335],[77.5028,22.0765],[77.4546,22.0854],[77.4665,22.1672],[77.4162,22.1748],[77.3626,22.2182],[77.3564,22.249],[77.3538,22.3144],[77.3086,22.3583],[77.2757,22.4743],[77.2775,22.5012],[77.2459,22.529],[77.2489,22.5567],[77.2071,22.5687]]]},"properties":{"DISTRICT":"Harda","ST_NM":"Madhya Pradesh","ST_CEN_CD":23,"DT_CEN_CD":31,"censuscode":448}},
{"type":"Feature","geometry":{"type":"Polygon","coordinates":[[[80.3122,27.6786],[80.2509,27.7563],[80.2017,27.7752],[80.1446,27.7538],[80.0897,27.7832],[80.063,27.7702],[80.059,27.7411],[79.9615,27.7279],[79.9183,27.7031],[79.8817,27.7],[79.866,27.6525],[79.8145,27.6566],[79.7666,27.7127],[79.7378,27.7191],[79.7289,27.6722],[79.6964,27.6529],[79.7279,27.5374],[79.7164,27.4732],[79.747,27.4519],[79.6902,27.3679],[79.722,27.3274],[79.7325,27.2798],[79.7002,27.2292],[79.7259,27.2164],[79.8051,27.1682],[79.8595,27.1728],[79.9056,27.1465],[79.9226,27.0976],[79.9759,27.0647],[79.9749,27.035],[80.0208,26.9526],[80.0517,26.9191],[80.1004,26.9796],[80.1619,26.9851],[80.1742,26.9587],[80.2298,26.9704],[80.2522,27.0266],[80.3048,27.025],[80.3391,26.9484],[80.3843,26.9303],[80.4277,26.9415],[80.4462,26.9665],[80.5605,27.0108],[80.621,27.0453],[80.6468,27.0786],[80.6861,27.0632],[80.7424,27.1016],[80.8273,27.1014],[80.8157,27.1659],[80.728,27.2354],[80.6988,27.2188],[80.657,27.2271],[80.6413,27.2652],[80.5178,27.267],[80.4479,27.4027],[80.4194,27.4186],[80.3917,27.4734],[80.3541,27.484],[80.3061,27.5813],[80.3122,27.6786]]]},"properties":{"DISTRICT":"Hardoi","ST_NM":"Uttar Pradesh","ST_CEN_CD":9,"DT_CEN_CD":24,"censuscode":155}},
{"type":"Feature","geometry":{"type":"Polygon","coordinates":[[[78.1939,29.9445],[78.1527,29.9606],[78.1343,30.0004],[78.0952,30.0171],[78.0719,30.0748],[78.0364,30.1099],[78.0073,30.1721],[77.9446,30.2417],[77.909,30.181],[77.8327,30.0884],[77.7992,30.0947],[77.7709,30.0413],[77.7314,29.9276],[77.7455,29.9082],[77.7156,29.8624],[77.7424,29.8478],[77.7769,29.7801],[77.7698,29.7105],[77.8231,29.667],[77.886,29.6965],[77.9576,29.6817],[77.9892,29.6365],[78,29.5402],[78.0446,29.5461],[78.056,29.5874],[78.1782,29.6739],[78.2059,29.7044],[78.2438,29.6984],[78.3154,29.7519],[78.3443,29.7905],[78.3213,29.8525],[78.252,29.919],[78.1939,29.9445]]]},"properties":{"DISTRICT":"Hardwar","ST_NM":"Uttarakhand","ST_CEN_CD":5,"DT_CEN_CD":13,"censuscode":68}},
{"type":"Feature","geometry":{"type":"Polygon","coordinates":[[[76.6319,13.0056],[76.6085,13.0086],[76.6173,13.0633],[76.4686,13.0954],[76.4763,13.1408],[76.4274,13.1843],[76.3723,13.1986],[76.3803,13.2311],[76.3565,13.2503],[76.3464,13.3598],[76.382,13.3636],[76.4184,13.4473],[76.3978,13.491],[76.4017,13.524],[76.3641,13.5461],[76.3399,13.5128],[76.3166,13.5336],[76.2911,13.504],[76.2373,13.5071],[76.231,13.4672],[76.1623,13.4698],[76.1408,13.4073],[76.0557,13.3795],[76.0332,13.3465],[76.0435,13.2719],[76.0146,13.2594],[75.9358,13.255],[75.8962,13.264],[75.8356,13.2504],[75.8093,13.2177],[75.7544,13.2134],[75.7304,13.1812],[75.7299,13.0914],[75.7403,13.0308],[75.646,13.0319],[75.6037,12.9693],[75.5982,12.944],[75.557,12.9149],[75.5648,12.8739],[75.6232,12.8572],[75.6145,12.7982],[75.6597,12.7505],[75.6379,12.6961],[75.6728,12.7005],[75.7071,12.7083],[75.7624,12.675],[75.812,12.7],[75.8394,12.6686],[75.8875,12.6765],[75.8875,12.705],[75.857,12.7228],[75.8741,12.78],[75.8653,12.8202],[75.9284,12.8187],[75.9707,12.7961],[75.9392,12.7611],[75.9445,12.7164],[75.9668,12.7002],[75.9396,12.6443],[75.9429,12.6021],[75.9667,12.5586],[75.9979,12.5834],[76.0208,12.5665],[76.0484,12.5726],[76.1009,12.5287],[76.1322,12.5259],[76.1685,12.5787],[76.1933,12.574],[76.2096,12.6291],[76.2287,12.6431],[76.2695,12.6188],[76.3117,12.6209],[76.3451,12.656],[76.365,12.7102],[76.3578,12.7523],[76.3326,12.7978],[76.4117,12.8458],[76.4699,12.7949],[76.5226,12.8412],[76.5769,12.8479],[76.6054,12.9369],[76.6323,12.9719],[76.6319,13.0056]]]},"properties":{"DISTRICT":"Hassan","ST_NM":"Karnataka","ST_CEN_CD":29,"DT_CEN_CD":20,"censuscode":574}},
{"type":"Feature","geometry":{"type":"Polygon","coordinates":[[[78.4788,27.8076],[78.466,27.8275],[78.2597,27.6765],[78.2042,27.7302],[78.2188,27.7547],[78.1622,27.7742],[78.0772,27.7713],[78.0617,27.7868],[78.0153,27.7524],[78.0057,27.6957],[78.0181,27.677],[77.9941,27.621],[77.8976,27.5838],[77.9085,27.5637],[77.8786,27.5268],[77.9422,27.4845],[77.9028,27.4408],[77.9191,27.3737],[77.9037,27.323],[77.9505,27.2827],[77.9904,27.2838],[78.0429,27.3462],[78.0725,27.3351],[78.0821,27.392],[78.1367,27.3648],[78.198,27.4028],[78.1801,27.4326],[78.2201,27.5128],[78.2732,27.5256],[78.3339,27.5826],[78.3869,27.5664],[78.4711,27.6186],[78.5057,27.6244],[78.5077,27.7048],[78.519,27.7337],[78.5146,27.7399],[78.4946,27.7454],[78.4874,27.7492],[78.4788,27.8076]]]},"properties":{"DISTRICT":"Mahamaya Nagar","ST_NM":"Uttar Pradesh","ST_CEN_CD":9,"DT_CEN_CD":13,"censuscode":144}},
{"type":"Feature","geometry":{"type":"Polygon","coordinates":[[[75.4195,15.0617],[75.3688,15.0473],[75.3427,15.0653],[75.3384,15.1595],[75.2541,15.1057],[75.1424,15.0998],[75.1557,15.1451],[75.1081,15.1383],[75.0802,15.1097],[75.0813,15.0726],[75.0696,15.0158],[75.1038,14.926],[75.0707,14.9181],[75.0713,14.7798],[75.0323,14.7068],[75.0512,14.6486],[75.1014,14.6485],[75.1447,14.6194],[75.1672,14.633],[75.2076,14.6147],[75.2095,14.5739],[75.2654,14.5792],[75.3473,14.4829],[75.344,14.4344],[75.3783,14.4101],[75.3707,14.37],[75.4282,14.3489],[75.5027,14.3067],[75.5362,14.2774],[75.5795,14.2765],[75.6226,14.3368],[75.6416,14.4305],[75.688,14.4897],[75.7217,14.4766],[75.7546,14.5136],[75.7959,14.5086],[75.8189,14.5619],[75.8053,14.5992],[75.8123,14.6512],[75.7941,14.6819],[75.7401,14.6848],[75.7571,14.7383],[75.6659,14.8083],[75.6972,14.892],[75.6846,14.9299],[75.702,14.948],[75.6708,14.9863],[75.6339,14.9854],[75.6004,14.9548],[75.5442,14.9782],[75.5389,15.0267],[75.4989,15.0467],[75.463,15.0432],[75.4195,15.0617]]]},"properties":{"DISTRICT":"Haveri","ST_NM":"Karnataka","ST_CEN_CD":29,"DT_CEN_CD":10,"censuscode":564}},
{"type":"Feature","geometry":{"type":"Polygon","coordinates":[[[85.7079,24.1051],[85.701,24.0986],[85.6804,24.0964],[85.653,24.1231],[85.5735,24.1403],[85.5512,24.1637],[85.5051,24.1687],[85.5262,24.2284],[85.5959,24.2631],[85.639,24.3344],[85.5464,24.355],[85.5011,24.3319],[85.4309,24.3561],[85.3864,24.3492],[85.3738,24.315],[85.343,24.3128],[85.2931,24.2108],[85.2905,24.2103],[85.2692,24.2256],[85.1602,24.2407],[85.1401,24.2101],[85.1746,24.109],[85.2409,24.0776],[85.2508,24.0305],[85.1878,23.9494],[85.1462,23.9547],[85.1241,23.9767],[85.0374,23.9867],[85.0445,23.9184],[85.0181,23.9028],[85.0524,23.8449],[85.0451,23.8001],[85.0538,23.7135],[85.0555,23.7102],[85.1075,23.664],[85.1656,23.6664],[85.1888,23.7098],[85.2265,23.6989],[85.2516,23.697],[85.2926,23.6886],[85.3395,23.7008],[85.4086,23.6742],[85.4493,23.6877],[85.4496,23.7185],[85.4785,23.7555],[85.4549,23.7857],[85.4927,23.8022],[85.526,23.8565],[85.579,23.9116],[85.6472,23.9331],[85.6885,23.944],[85.7179,23.9164],[85.7531,23.9286],[85.8021,23.8814],[85.8077,23.8463],[85.8385,23.8296],[85.8885,23.896],[85.8845,23.9415],[85.9197,23.9558],[85.8918,24.0317],[85.8249,24.077],[85.7571,24.1032],[85.7151,24.1048],[85.7079,24.1051]]]},"properties":{"DISTRICT":"Hazaribagh","ST_NM":"Jharkhand","ST_CEN_CD":20,"DT_CEN_CD":15,"censuscode":360}},
{"type":"Feature","geometry":{"type":"Polygon","coordinates":[[[77.2858,19.9105],[77.244,19.8912],[77.2393,19.9381],[77.2089,19.947],[77.204,19.9913],[77.102,19.9327],[77.0611,19.996],[77.0363,20.0103],[76.9726,19.9941],[76.9009,19.9626],[76.8371,19.9608],[76.8235,19.9267],[76.7733,19.9327],[76.7464,19.9066],[76.7394,19.872],[76.6914,19.8724],[76.6786,19.8461],[76.7061,19.8358],[76.6875,19.7811],[76.7143,19.7706],[76.7338,19.7165],[76.76,19.6844],[76.7845,19.7007],[76.8509,19.7043],[76.8572,19.6451],[76.9034,19.6438],[76.9428,19.6221],[76.9692,19.5452],[76.9199,19.4132],[76.8958,19.3783],[76.893,19.3114],[76.9322,19.2967],[76.9214,19.2559],[77.0133,19.2516],[77.0514,19.2303],[77.0381,19.2013],[77.0884,19.1722],[77.1041,19.1037],[77.1414,19.0701],[77.1663,19.1162],[77.1915,19.1304],[77.1783,19.2108],[77.2221,19.27],[77.2443,19.3209],[77.2801,19.3148],[77.3138,19.354],[77.3644,19.3387],[77.4516,19.389],[77.4373,19.407],[77.4936,19.4663],[77.4702,19.4986],[77.4596,19.6819],[77.4359,19.7294],[77.3793,19.7429],[77.39,19.8209],[77.3653,19.8581],[77.2858,19.9105]]]},"properties":{"DISTRICT":"Hingoli","ST_NM":"Maharashtra","ST_CEN_CD":27,"DT_CEN_CD":16,"censuscode":512}},
{"type":"Feature","geometry":{"type":"Polygon","coordinates":[[[75.9599,29.5655],[75.9458,29.5717],[75.8932,29.5365],[75.8293,29.5122],[75.783,29.5245],[75.7319,29.4498],[75.7039,29.4259],[75.6328,29.4198],[75.5986,29.342],[75.5315,29.3622],[75.5103,29.4023],[75.4169,29.4134],[75.3866,29.3783],[75.3978,29.3196],[75.348,29.3056],[75.3053,29.3204],[75.264,29.2929],[75.2862,29.2712],[75.3286,29.2908],[75.3241,29.2333],[75.3889,29.2612],[75.4098,29.186],[75.3702,29.1398],[75.3898,29.1078],[75.3896,29.0674],[75.4393,29.0617],[75.4437,29.0135],[75.5201,29.0077],[75.5249,28.979],[75.6253,28.977],[75.6804,28.9129],[75.7684,28.9009],[75.7965,28.927],[75.8318,28.913],[75.8583,28.9619],[75.8931,28.9769],[75.9228,29.026],[75.9635,29.0403],[75.9869,29.0777],[76.0441,29.0502],[76.2199,28.9809],[76.2398,28.9968],[76.2346,29.0524],[76.3015,29.0868],[76.314,29.1076],[76.2845,29.1945],[76.2346,29.2084],[76.1883,29.284],[76.2073,29.355],[76.2307,29.3875],[76.1612,29.4086],[76.1322,29.3887],[76.094,29.4012],[76.0791,29.4346],[76.0347,29.4158],[75.9935,29.4521],[75.9967,29.4824],[75.9408,29.4984],[75.9599,29.5655]]]},"properties":{"DISTRICT":"Hisar","ST_NM":"Haryana","ST_CEN_CD":6,"DT_CEN_CD":12,"censuscode":80}},
{"type":"Feature","geometry":{"type":"Polygon","coordinates":[[[78.6798,22.6994],[78.6755,22.7769],[78.6315,22.7906],[78.5889,22.8235],[78.5993,22.8506],[78.5717,22.9556],[78.4686,22.9584],[78.4423,22.9851],[78.3965,22.9624],[78.362,22.9253],[78.3253,22.9179],[78.2806,22.8685],[78.239,22.8671],[78.2139,22.8918],[78.1369,22.8449],[78.1034,22.7901],[78.0724,22.8111],[78.0291,22.8028],[77.9984,22.8183],[77.9385,22.8001],[77.8809,22.8199],[77.8414,22.8608],[77.7939,22.8314],[77.7756,22.7871],[77.7343,22.7548],[77.6893,22.7596],[77.6561,22.7297],[77.6192,22.742],[77.5802,22.676],[77.5283,22.6672],[77.5055,22.648],[77.454,22.6457],[77.4336,22.6258],[77.3496,22.5987],[77.3185,22.562],[77.2827,22.5734],[77.2676,22.6078],[77.2071,22.5687],[77.2489,22.5567],[77.2459,22.529],[77.2775,22.5012],[77.2757,22.4743],[77.3086,22.3583],[77.3538,22.3144],[77.3564,22.249],[77.3855,22.2264],[77.4433,22.219],[77.4537,22.2494],[77.5006,22.2801],[77.5004,22.3075],[77.5442,22.3549],[77.6148,22.3314],[77.638,22.3099],[77.6802,22.322],[77.7428,22.3183],[77.7951,22.3287],[77.8377,22.3568],[77.8616,22.3458],[77.8566,22.2953],[77.8793,22.2805],[77.9361,22.327],[77.9883,22.3174],[78.0361,22.3298],[78.1856,22.3969],[78.2732,22.4021],[78.3211,22.4243],[78.3921,22.4144],[78.4252,22.3833],[78.4827,22.3844],[78.554,22.4536],[78.517,22.4764],[78.5484,22.5321],[78.5009,22.5927],[78.4997,22.6343],[78.5228,22.6642],[78.6176,22.6555],[78.6373,22.6835],[78.6798,22.6994]]]},"properties":{"DISTRICT":"Hoshangabad","ST_NM":"Madhya Pradesh","ST_CEN_CD":23,"DT_CEN_CD":32,"censuscode":449}},
{"type":"Feature","geometry":{"type":"Polygon","coordinates":[[[75.959,31.8562],[75.9094,31.9487],[75.8513,31.9807],[75.81,31.9878],[75.7489,32.0367],[75.6643,32.0768],[75.6134,32.0657],[75.5936,32.0814],[75.5619,32.0361],[75.5582,31.9961],[75.5305,31.9436],[75.5524,31.9203],[75.5728,31.8555],[75.5689,31.7756],[75.4963,31.7],[75.4757,31.6514],[75.5707,31.6382],[75.595,31.6048],[75.671,31.6075],[75.6842,31.5733],[75.7364,31.4976],[75.7787,31.4729],[75.823,31.4057],[75.7884,31.37],[75.8965,31.3403],[75.8542,31.2957],[75.892,31.2758],[75.9449,31.2731],[76.0534,31.2274],[76.0893,31.2246],[76.1031,31.1783],[76.1731,31.1357],[76.2068,31.1378],[76.1976,31.1879],[76.2388,31.2383],[76.2741,31.2387],[76.3087,31.212],[76.3387,31.2258],[76.3517,31.2383],[76.2913,31.3074],[76.1867,31.3044],[76.1802,31.3392],[76.148,31.3805],[76.1708,31.4023],[76.1423,31.4416],[76.0982,31.5352],[76.0171,31.6449],[75.9596,31.7799],[75.959,31.8562]]]},"properties":{"DISTRICT":"Hoshiarpur","ST_NM":"Punjab","ST_CEN_CD":3,"DT_CEN_CD":4,"censuscode":38}},
{"type":"Feature","geometry":{"type":"Polygon","coordinates":[[[88.4117,22.9453],[88.4191,23.0157],[88.4939,23.0788],[88.5026,23.124],[88.4531,23.1476],[88.476,23.2097],[88.4198,23.2121],[88.3957,23.1967],[88.3483,23.1321],[88.2736,23.1304],[88.2562,23.1512],[88.1904,23.1621],[88.1708,23.1503],[88.1505,23.0773],[88.1203,23.0532],[88.0517,23.0389],[88.0524,22.9877],[88.0129,22.9627],[87.8931,22.9379],[87.7941,22.9411],[87.7521,22.96],[87.7141,23.0106],[87.6457,22.9875],[87.6469,22.9222],[87.618,22.8915],[87.5248,22.9302],[87.51,22.9037],[87.5922,22.8434],[87.6189,22.8509],[87.6363,22.8124],[87.6852,22.8026],[87.7458,22.7731],[87.7449,22.7389],[87.8165,22.6169],[87.8552,22.5975],[87.9303,22.6329],[87.9507,22.763],[87.9889,22.7796],[88.0147,22.6836],[88.1792,22.6823],[88.2759,22.664],[88.3443,22.6646],[88.3557,22.6503],[88.3678,22.6834],[88.3563,22.7946],[88.3749,22.8538],[88.4109,22.8838],[88.4117,22.9453]]]},"properties":{"DISTRICT":"Hugli","ST_NM":"West Bengal","ST_CEN_CD":19,"DT_CEN_CD":12,"censuscode":338}},
{"type":"Feature","geometry":{"type":"Polygon","coordinates":[[[78.5116,17.4543],[78.4788,17.4731],[78.4488,17.4276],[78.4115,17.4333],[78.3925,17.4122],[78.4012,17.3566],[78.4405,17.3446],[78.4824,17.3035],[78.5153,17.3297],[78.5402,17.4627],[78.5116,17.4543]]]},"properties":{"DISTRICT":"Hyderabad","ST_NM":"Andhra Pradesh","ST_CEN_CD":28,"DT_CEN_CD":5,"censuscode":536}},
{"type":"Feature","geometry":{"type":"Polygon","coordinates":[[[77.289,10.2297],[77.2282,10.3148],[77.2358,10.3493],[77.1764,10.3552],[77.0952,10.3084],[77.0594,10.2829],[77.0519,10.2567],[76.9947,10.2284],[76.9047,10.2513],[76.8396,10.2841],[76.8066,10.2856],[76.6892,10.2672],[76.6738,10.2139],[76.6434,10.1615],[76.7946,10.0418],[76.7487,9.99],[76.7269,9.9814],[76.6911,9.9221],[76.6384,9.918],[76.6331,9.8557],[76.7469,9.8036],[76.7577,9.8146],[76.8142,9.7834],[76.8548,9.7336],[76.8881,9.7166],[76.9296,9.6508],[76.8898,9.6168],[76.8901,9.5368],[76.9557,9.4904],[76.9856,9.4848],[76.9405,9.4297],[77.068,9.4164],[77.0487,9.451],[77.142,9.4893],[77.2053,9.4509],[77.2484,9.3851],[77.2275,9.2959],[77.2844,9.2713],[77.2835,9.2998],[77.3373,9.3602],[77.3406,9.4173],[77.3681,9.4589],[77.3987,9.4705],[77.4031,9.5261],[77.3668,9.5355],[77.357,9.5869],[77.3202,9.6022],[77.277,9.5757],[77.2385,9.5817],[77.2015,9.6148],[77.181,9.657],[77.2235,9.7306],[77.2249,9.7889],[77.2387,9.852],[77.214,9.8749],[77.2367,9.9318],[77.2762,9.9728],[77.2635,10.0249],[77.2023,10.1046],[77.2394,10.1275],[77.2676,10.1205],[77.289,10.2297]]]},"properties":{"DISTRICT":"Idukki","ST_NM":"Kerala","ST_CEN_CD":32,"DT_CEN_CD":9,"censuscode":596}},
{"type":"Feature","geometry":{"type":"Polygon","coordinates":[[[94.0872,24.6926],[94.0614,24.7026],[94.0878,24.8063],[94.1275,24.8998],[94.0622,24.887],[94.0684,24.9404],[94.047,24.9573],[94.0001,24.9556],[93.9546,24.938],[93.9262,24.9542],[93.915,25.0003],[93.9846,25.055],[93.9754,25.075],[93.9218,25.0553],[93.866,24.956],[93.8479,24.9508],[93.8111,24.8361],[93.7838,24.8047],[93.7952,24.7744],[93.7738,24.7372],[93.8911,24.7061],[93.8766,24.6796],[93.8006,24.6685],[93.806,24.6219],[93.8561,24.6091],[93.8889,24.5854],[93.876,24.5521],[93.9118,24.5693],[93.9207,24.6365],[93.9095,24.6719],[93.9297,24.7127],[93.9682,24.7046],[94,24.7274],[94.0178,24.6705],[94.0872,24.6926]]]},"properties":{"DISTRICT":"Imphal East","ST_NM":"Manipur","ST_CEN_CD":14,"DT_CEN_CD":7,"censuscode":278}},
{"type":"Feature","geometry":{"type":"Polygon","coordinates":[[[93.191,24.5504],[93.211,24.5668],[93.2238,24.6372],[93.2066,24.7025],[93.145,24.7113],[93.1793,24.783],[93.2237,24.7943],[93.2438,24.8534],[93.2137,24.8584],[93.1924,24.8027],[93.1566,24.7889],[93.1121,24.7989],[93.0881,24.7059],[93.0983,24.6632],[93.086,24.608],[93.1062,24.5802],[93.1292,24.5616],[93.191,24.5504]]]},"properties":{"DISTRICT":"Imphal West","ST_NM":"Manipur","ST_CEN_CD":14,"DT_CEN_CD":6,"censuscode":277}},
{"type":"Feature","geometry":{"type":"Polygon","coordinates":[[[75.9005,23.0003],[75.8738,23.0382],[75.8128,23.0409],[75.7119,23.0212],[75.6346,23.0206],[75.6289,23.0838],[75.5675,23.0861],[75.5667,23.065],[75.4795,23.002],[75.4403,22.9075],[75.4378,22.8695],[75.4233,22.8276],[75.4373,22.7733],[75.4887,22.7618],[75.509,22.731],[75.5272,22.6319],[75.661,22.6358],[75.7145,22.6192],[75.6787,22.5807],[75.5929,22.5559],[75.5717,22.5123],[75.5719,22.4532],[75.5453,22.4104],[75.5591,22.3749],[75.621,22.3399],[75.6775,22.3459],[75.7209,22.3691],[75.7728,22.3669],[75.8383,22.4026],[75.856,22.3806],[75.9116,22.3908],[75.9172,22.4213],[76.0163,22.4398],[76.0587,22.4615],[76.0284,22.4959],[76.0312,22.5288],[76.087,22.5474],[76.0897,22.5873],[76.1627,22.6225],[76.2306,22.6171],[76.2456,22.6435],[76.1908,22.6898],[76.1035,22.7012],[76.0329,22.8441],[75.9854,22.8865],[75.9795,22.9218],[75.9005,23.0003]]]},"properties":{"DISTRICT":"Indore","ST_NM":"Madhya Pradesh","ST_CEN_CD":23,"DT_CEN_CD":22,"censuscode":439}},
{"type":"Feature","geometry":{"type":"Polygon","coordinates":[[[80.5443,23.393],[80.4861,23.3776],[80.4666,23.3527],[80.4036,23.3423],[80.358,23.3066],[80.3241,23.321],[80.3037,23.3667],[80.3092,23.4158],[80.2676,23.4512],[80.2434,23.493],[80.2097,23.4804],[80.1998,23.5238],[80.2345,23.5356],[80.2066,23.5829],[80.1784,23.5667],[80.136,23.5885],[80.0963,23.5882],[80.0474,23.5656],[79.9742,23.5682],[79.9306,23.6045],[79.8788,23.5493],[79.8507,23.5052],[79.8285,23.5122],[79.8018,23.465],[79.7377,23.424],[79.6951,23.3559],[79.5397,23.261],[79.5117,23.2649],[79.4255,23.1922],[79.372,23.1642],[79.3514,23.1052],[79.4604,23.096],[79.5113,23.1394],[79.577,23.1275],[79.6077,23.0638],[79.5937,23.019],[79.6393,22.9775],[79.623,22.9547],[79.6517,22.9255],[79.7228,22.9204],[79.8378,22.8311],[79.9001,22.8628],[79.964,22.8526],[79.9725,22.9198],[79.9592,22.9529],[80.0088,22.9826],[79.9956,23.0258],[80.0344,23.0359],[80.0854,23.0757],[80.1112,23.0531],[80.165,23.0469],[80.2031,23.0683],[80.1803,23.1155],[80.2464,23.1476],[80.3098,23.0966],[80.3569,23.1368],[80.4307,23.1397],[80.5113,23.1071],[80.5278,23.0795],[80.5292,23.0823],[80.5805,23.1311],[80.5523,23.1675],[80.5229,23.1567],[80.4998,23.2036],[80.5236,23.257],[80.5687,23.2711],[80.5741,23.3517],[80.5443,23.393]]]},"properties":{"DISTRICT":"Jabalpur","ST_NM":"Madhya Pradesh","ST_CEN_CD":23,"DT_CEN_CD":34,"censuscode":451}},
{"type":"Feature","geometry":{"type":"Polygon","coordinates":[[[86.255,20.3665],[86.2021,20.3632],[86.1686,20.3765],[86.1372,20.357],[86.0873,20.3673],[86.0277,20.4013],[86.0151,20.3812],[86.0346,20.3116],[86.0794,20.2456],[86.1558,20.2111],[86.1575,20.094],[86.1895,20.0535],[86.2257,20.0381],[86.2823,20.0553],[86.3682,19.9749],[86.3997,19.9986],[86.429,20.0528],[86.4798,20.0917],[86.5271,20.1675],[86.6082,20.2272],[86.7839,20.3259],[86.7778,20.3438],[86.7118,20.3008],[86.6595,20.3344],[86.5979,20.3446],[86.562,20.3275],[86.4361,20.3393],[86.3444,20.3702],[86.3033,20.356],[86.255,20.3665]]]},"properties":{"DISTRICT":"Jagatsinghapur","ST_NM":"Odisha","ST_CEN_CD":21,"DT_CEN_CD":11,"censuscode":380}},
{"type":"Feature","geometry":{"type":"Polygon","coordinates":[[[92.6616,25.5794],[92.5884,25.5507],[92.562,25.572],[92.5587,25.6098],[92.499,25.6248],[92.4667,25.6804],[92.4356,25.6855],[92.4178,25.7385],[92.3729,25.7445],[92.3405,25.725],[92.2384,25.7066],[92.1621,25.6716],[92.1361,25.6407],[92.1097,25.5611],[92.0992,25.4923],[92.1157,25.4103],[92.1162,25.307],[92.0509,25.3193],[91.9889,25.2748],[91.9879,25.2451],[92.0198,25.1868],[92.0776,25.1856],[92.1255,25.1653],[92.1386,25.1427],[92.2027,25.1248],[92.2324,25.0965],[92.4048,25.033],[92.4384,25.0316],[92.4637,25.035],[92.4848,25.1059],[92.5434,25.0973],[92.5821,25.1295],[92.622,25.1153],[92.6774,25.1797],[92.7475,25.2051],[92.7799,25.2004],[92.7701,25.2663],[92.7926,25.2841],[92.7848,25.3299],[92.761,25.3327],[92.6513,25.4293],[92.6078,25.4162],[92.5819,25.4929],[92.6455,25.5351],[92.6616,25.5794]]]},"properties":{"DISTRICT":"Jaintia Hills","ST_NM":"Meghalaya","ST_CEN_CD":17,"DT_CEN_CD":7,"censuscode":299}},
{"type":"Feature","geometry":{"type":"Polygon","coordinates":[[[76.2311,27.8363],[76.1806,27.8028],[76.0878,27.8466],[76.0975,27.8303],[76.0348,27.7315],[75.9913,27.7032],[75.9795,27.6556],[75.9421,27.6217],[75.96,27.5918],[75.9392,27.4969],[75.9543,27.4761],[75.8955,27.4566],[75.8707,27.4165],[75.794,27.3808],[75.7397,27.4042],[75.725,27.3692],[75.6654,27.3658],[75.6139,27.3147],[75.5728,27.3418],[75.5309,27.3439],[75.4767,27.2892],[75.4322,27.301],[75.3951,27.2825],[75.3919,27.2304],[75.3288,27.2139],[75.3162,27.1591],[75.3414,27.1399],[75.3401,27.0935],[75.2211,27.0828],[75.2231,27.0553],[75.2593,27.0341],[75.2044,27.007],[75.204,26.9736],[75.1658,26.9616],[75.1656,26.9328],[75.0136,26.9452],[75.0144,26.8949],[74.9768,26.8903],[74.9565,26.8468],[74.9167,26.8369],[74.9407,26.7497],[74.9647,26.7221],[74.9655,26.6834],[75,26.6864],[75.0677,26.6505],[75.0818,26.6098],[75.0622,26.5558],[75.1043,26.5559],[75.1159,26.5235],[75.1529,26.5001],[75.17,26.462],[75.2056,26.5156],[75.2372,26.5211],[75.2868,26.5639],[75.331,26.5581],[75.3522,26.5015],[75.3903,26.4819],[75.4527,26.4931],[75.574,26.4461],[75.6435,26.4424],[75.6528,26.4637],[75.7124,26.4448],[75.7709,26.4669],[75.761,26.5121],[75.7842,26.5257],[75.9742,26.5022],[76.0088,26.4919],[76.0724,26.5074],[76.113,26.5353],[76.1606,26.5147],[76.1534,26.5674],[76.183,26.6504],[76.1707,26.6785],[76.1737,26.7549],[76.1923,26.8007],[76.2493,26.8422],[76.254,26.8878],[76.2335,26.9097],[76.2514,26.9577],[76.2548,27.0087],[76.2884,27.0871],[76.2931,27.1293],[76.2809,27.1798],[76.1945,27.1213],[76.1851,27.1846],[76.1247,27.2381],[76.1598,27.3133],[76.1816,27.3297],[76.234,27.4176],[76.2471,27.4884],[76.2173,27.5528],[76.2026,27.622],[76.2468,27.6267],[76.2597,27.7],[76.2462,27.7613],[76.2776,27.8027],[76.2679,27.8348],[76.2311,27.8363]]]},"properties":{"DISTRICT":"Jaipur","ST_NM":"Rajasthan","ST_CEN_CD":8,"DT_CEN_CD":12,"censuscode":110}},
{"type":"Feature","geometry":{"type":"Polygon","coordinates":[[[71.8976,27.9626],[71.6589,27.8756],[71.4098,27.8735],[71.2726,27.8502],[71.2081,27.8329],[71.0329,27.7665],[70.9053,27.7104],[70.7679,27.7249],[70.7376,27.7515],[70.6874,27.8282],[70.677,27.9239],[70.5925,28.0096],[70.4967,28.0366],[70.3743,28.012],[70.3103,27.9489],[70.2249,27.8984],[70.1347,27.807],[70.0751,27.6642],[70.0246,27.5613],[69.9408,27.5025],[69.8717,27.4092],[69.7051,27.2852],[69.5897,27.1829],[69.5154,27.0144],[69.4989,26.872],[69.4844,26.808],[69.5147,26.742],[69.7109,26.662],[69.8008,26.599],[69.8794,26.5806],[70.0485,26.601],[70.0986,26.595],[70.1733,26.5511],[70.1833,26.4843],[70.1835,26.3614],[70.1657,26.3009],[70.1721,26.2311],[70.1361,26.1533],[70.192,26.1531],[70.2243,26.1228],[70.2541,26.1612],[70.3666,26.1482],[70.4103,26.2005],[70.4312,26.1812],[70.5025,26.1767],[70.5668,26.2026],[70.6484,26.1986],[70.7162,26.2122],[70.7133,26.1678],[70.7517,26.1493],[70.8771,26.1282],[70.9442,26.0793],[71.0513,26.1424],[70.9937,26.2215],[70.9539,26.2491],[71.02,26.2835],[71.0477,26.2844],[71.0773,26.3252],[71.1421,26.3121],[71.19,26.3889],[71.1888,26.4142],[71.2216,26.4465],[71.2887,26.4666],[71.3252,26.4255],[71.4169,26.4865],[71.4644,26.4979],[71.4905,26.4569],[71.5196,26.4883],[71.5777,26.5081],[71.6142,26.4823],[71.6284,26.42],[71.6757,26.3848],[71.7375,26.3756],[71.7572,26.3474],[71.8113,26.3323],[71.8424,26.3738],[71.8846,26.3408],[71.8948,26.3002],[71.9833,26.3224],[72.0244,26.3464],[72.0727,26.3494],[72.082,26.443],[72.0271,26.4987],[72.0985,26.6004],[72.0397,26.6753],[72.0872,26.7302],[72.0622,26.7601],[72.0542,26.8031],[72.0992,26.8301],[72.1036,26.8869],[72.0399,26.9358],[72.0442,27.0209],[72.0788,27.0769],[72.0768,27.1166],[71.9677,27.1395],[71.9554,27.1824],[71.9156,27.2112],[71.7887,27.2558],[71.7935,27.288],[71.8289,27.329],[71.8274,27.4],[71.8145,27.4417],[71.8382,27.4785],[71.8823,27.4845],[71.9308,27.5591],[71.9665,27.5497],[72.0499,27.6145],[72.1454,27.5324],[72.1577,27.4758],[72.1755,27.4618],[72.2455,27.4976],[72.2515,27.5333],[72.2841,27.5487],[72.2822,27.5678],[72.3231,27.634],[72.3431,27.6918],[72.2999,27.7076],[72.2517,27.6729],[72.2204,27.6744],[72.0937,27.7361],[72.1556,27.7797],[72.1456,27.8727],[72.0992,27.8974],[72.0323,27.9493],[71.9934,27.9431],[71.947,27.9131],[71.8976,27.9626]]]},"properties":{"DISTRICT":"Jaisalmer","ST_NM":"Rajasthan","ST_CEN_CD":8,"DT_CEN_CD":16,"censuscode":114}},
{"type":"Feature","geometry":{"type":"Polygon","coordinates":[[[86.29,21.0185],[86.262,21.0391],[86.1416,21.0738],[86.0958,21.0507],[86.0897,21.0182],[86.0483,21.024],[86.0287,21.073],[86.0736,21.1279],[86.0328,21.1414],[85.9373,21.1361],[85.9189,21.094],[85.8764,21.0857],[85.7841,21.1006],[85.7659,21.143],[85.7286,21.1433],[85.6883,21.1306],[85.7014,21.08],[85.7276,21.0668],[85.7581,20.9907],[85.8249,20.9398],[85.9201,20.9273],[85.8998,20.8563],[86.0208,20.8087],[86.026,20.7261],[85.9857,20.7352],[85.9087,20.7123],[85.912,20.6982],[85.9583,20.6838],[86.0114,20.6244],[86.0475,20.5993],[86.1199,20.6174],[86.1838,20.6584],[86.1893,20.6238],[86.255,20.6073],[86.2839,20.5839],[86.3754,20.5946],[86.4587,20.6699],[86.5443,20.6935],[86.5446,20.754],[86.6255,20.7967],[86.5969,20.8571],[86.5175,20.8713],[86.4578,20.8451],[86.3936,20.8652],[86.3586,20.8531],[86.313,20.8959],[86.2824,20.9064],[86.29,21.0185]]]},"properties":{"DISTRICT":"Jajapur","ST_NM":"Odisha","ST_CEN_CD":21,"DT_CEN_CD":13,"censuscode":382}},
{"type":"Feature","geometry":{"type":"Polygon","coordinates":[[[75.7884,31.37],[75.823,31.4057],[75.7787,31.4729],[75.7364,31.4976],[75.6842,31.5733],[75.671,31.6075],[75.595,31.6048],[75.6,31.5668],[75.522,31.5313],[75.527,31.4796],[75.4613,31.5048],[75.4707,31.4561],[75.4415,31.4178],[75.4522,31.3887],[75.5141,31.3902],[75.4896,31.3231],[75.4556,31.285],[75.4913,31.2712],[75.4622,31.2381],[75.3922,31.2459],[75.3464,31.2324],[75.2293,31.1554],[75.1304,31.1693],[75.0741,31.1444],[75.1132,31.0921],[75.1171,31.0927],[75.1717,31.0872],[75.2295,31.0657],[75.2411,31.0461],[75.2951,31.0341],[75.3069,31.0007],[75.3554,30.9889],[75.4212,30.9866],[75.4944,30.9706],[75.5745,30.9778],[75.5962,30.9692],[75.6741,30.9857],[75.7599,31.015],[75.8066,30.9946],[75.8458,31.0104],[75.9536,31.0119],[75.9277,31.0936],[75.853,31.1817],[75.7879,31.1986],[75.779,31.1656],[75.7068,31.1663],[75.6714,31.2406],[75.6863,31.3194],[75.7595,31.3304],[75.7884,31.37]]]},"properties":{"DISTRICT":"Jalandhar","ST_NM":"Punjab","ST_CEN_CD":3,"DT_CEN_CD":3,"censuscode":37}},
{"type":"Feature","geometry":{"type":"Polygon","coordinates":[[[79.5037,26.3638],[79.4863,26.4197],[79.4363,26.4315],[79.3417,26.4014],[79.2927,26.4424],[79.2329,26.4276],[79.1353,26.4392],[79.1258,26.4115],[79.0892,26.3999],[79.1251,26.348],[79.1064,26.3091],[79.0663,26.2782],[79.0489,26.2237],[79.0106,26.1912],[79.0089,26.1495],[78.9525,26.132],[79.0113,26.0763],[78.9524,26.0315],[78.9354,25.9501],[78.9654,25.9361],[79.0423,25.9273],[79.0407,25.8676],[79.1272,25.8462],[79.1338,25.8136],[79.2136,25.7899],[79.2384,25.8077],[79.2918,25.7921],[79.32,25.7695],[79.398,25.7962],[79.4502,25.7868],[79.4598,25.8239],[79.508,25.8564],[79.5416,25.8196],[79.5744,25.8504],[79.5753,25.8853],[79.6168,25.9028],[79.7518,25.9066],[79.7676,25.8729],[79.8058,25.8642],[79.8703,25.8817],[79.8668,25.9356],[79.9544,26.0069],[79.9465,26.0573],[79.9216,26.0908],[79.8681,26.1145],[79.839,26.101],[79.7869,26.1084],[79.7457,26.1444],[79.7302,26.1842],[79.6505,26.2107],[79.6522,26.2423],[79.5835,26.2563],[79.5491,26.2752],[79.5263,26.3426],[79.5037,26.3638]]]},"properties":{"DISTRICT":"Jalaun","ST_NM":"Uttar Pradesh","ST_CEN_CD":9,"DT_CEN_CD":34,"censuscode":165}},
{"type":"Feature","geometry":{"type":"Polygon","coordinates":[[[75.6189,21.3909],[75.5473,21.3702],[75.4674,21.392],[75.3832,21.3834],[75.3017,21.393],[75.2057,21.4137],[75.1611,21.4028],[75.1256,21.3393],[75.1396,21.2938],[75.1044,21.236],[75.0419,21.2112],[75.0329,21.1921],[74.9634,21.1918],[74.893,21.1514],[74.8867,21.1133],[74.8581,21.0631],[74.8911,21.0524],[74.9212,21.0106],[74.9142,20.9268],[74.9351,20.9259],[74.9703,20.8773],[74.9865,20.8223],[74.9619,20.8049],[74.9885,20.7731],[74.9912,20.7364],[74.9535,20.7118],[74.9295,20.6574],[74.8565,20.6352],[74.8149,20.6337],[74.7958,20.5395],[74.7619,20.5386],[74.7735,20.4706],[74.8379,20.4174],[74.8667,20.3162],[74.8702,20.277],[74.9349,20.2697],[75,20.3369],[75.0483,20.3077],[75.1264,20.3573],[75.1081,20.407],[75.1615,20.4366],[75.1627,20.4751],[75.2396,20.5216],[75.2548,20.5701],[75.2855,20.5684],[75.3288,20.5922],[75.3913,20.5796],[75.3973,20.5241],[75.451,20.5403],[75.4897,20.531],[75.5262,20.5607],[75.5225,20.5904],[75.5589,20.6134],[75.5903,20.6027],[75.6623,20.6286],[75.6667,20.6699],[75.7059,20.6615],[75.7065,20.6153],[75.7587,20.6142],[75.8206,20.5617],[75.8434,20.6185],[75.8692,20.6236],[75.8895,20.5634],[75.9337,20.5548],[75.9353,20.5937],[75.9571,20.625],[76.0111,20.643],[75.9981,20.6674],[76.0122,20.7387],[75.998,20.7779],[76.0499,20.7882],[76.0497,20.8125],[76.1154,20.8933],[76.0807,20.908],[76.0921,20.9435],[76.1594,21.0003],[76.1705,21.0351],[76.2258,21.0119],[76.2806,20.9582],[76.3469,20.9498],[76.3833,20.9775],[76.3982,21.0303],[76.3838,21.0775],[76.2826,21.0733],[76.27,21.0909],[76.1844,21.0879],[76.1361,21.1241],[76.1144,21.1625],[76.1674,21.1686],[76.1598,21.2569],[76.1298,21.2953],[76.0992,21.3716],[76.0528,21.3504],[75.9919,21.3738],[75.969,21.3916],[75.8881,21.3973],[75.8325,21.381],[75.7063,21.389],[75.6729,21.3781],[75.6189,21.3909]]]},"properties":{"DISTRICT":"Jalgaon","ST_NM":"Maharashtra","ST_CEN_CD":27,"DT_CEN_CD":3,"censuscode":499}},
{"type":"Feature","geometry":{"type":"Polygon","coordinates":[[[76.533,19.8504],[76.4921,19.8983],[76.4933,19.9169],[76.3682,19.9257],[76.3531,19.8937],[76.2982,19.8696],[76.2566,19.8733],[76.1746,19.8493],[76.1002,19.8559],[76.0426,19.9505],[75.9667,19.9945],[76.0247,20.0231],[76.0197,20.059],[76.0573,20.0638],[76.0565,20.0968],[76.0974,20.0973],[76.1408,20.211],[76.1664,20.2367],[76.1949,20.3003],[76.1607,20.2978],[76.1289,20.3411],[76.0831,20.3647],[76.0496,20.3357],[76.0311,20.2884],[75.9753,20.3165],[75.9266,20.3233],[75.9537,20.3899],[75.9422,20.4256],[75.9582,20.4657],[75.9443,20.5039],[76.0403,20.555],[76.0328,20.6385],[76.0111,20.643],[75.9571,20.625],[75.9353,20.5937],[75.9337,20.5548],[75.8895,20.5634],[75.831,20.4727],[75.7655,20.4507],[75.7517,20.3734],[75.7558,20.3278],[75.7189,20.3318],[75.6761,20.2401],[75.6841,20.2043],[75.6487,20.1913],[75.6272,20.1054],[75.5894,20.102],[75.5935,20.0281],[75.63,20.0006],[75.6537,19.9105],[75.6526,19.8151],[75.6279,19.7759],[75.6363,19.7344],[75.6335,19.6554],[75.5909,19.6376],[75.6008,19.6022],[75.6519,19.5948],[75.6557,19.5545],[75.6099,19.3814],[75.6416,19.381],[75.688,19.3553],[75.7544,19.3587],[75.7581,19.3893],[75.7965,19.3966],[75.836,19.3717],[75.9222,19.3736],[75.9071,19.3191],[75.9382,19.2924],[75.9709,19.2993],[76.0127,19.3363],[76.0393,19.2859],[76.0835,19.2796],[76.0983,19.3069],[76.1635,19.2831],[76.2093,19.2775],[76.2133,19.3182],[76.2651,19.3337],[76.2853,19.3663],[76.2909,19.4321],[76.3152,19.464],[76.3655,19.4684],[76.3958,19.5308],[76.4426,19.5407],[76.4536,19.6666],[76.4879,19.6769],[76.4939,19.7602],[76.533,19.8504]]]},"properties":{"DISTRICT":"Jalna","ST_NM":"Maharashtra","ST_CEN_CD":27,"DT_CEN_CD":18,"censuscode":514}},
{"type":"Feature","geometry":{"type":"Polygon","coordinates":[[[72.7777,25.8015],[72.7566,25.8088],[72.7242,25.7555],[72.7552,25.7414],[72.7217,25.6893],[72.6864,25.6698],[72.7204,25.609],[72.5859,25.602],[72.5488,25.5609],[72.5619,25.5313],[72.5116,25.506],[72.463,25.4544],[72.4114,25.4361],[72.3562,25.4536],[72.3327,25.4337],[72.3169,25.3873],[72.2706,25.4112],[72.2163,25.406],[72.1604,25.4342],[72.1041,25.4244],[72.0889,25.4653],[72.0334,25.4761],[72.0003,25.4452],[71.9207,25.3449],[71.95,25.3213],[71.9346,25.2843],[71.8887,25.262],[71.8808,25.2249],[71.8495,25.2071],[71.8379,25.1483],[71.7926,25.0843],[71.7368,25.0692],[71.7271,25.0319],[71.6795,24.9872],[71.6284,25.0344],[71.5843,25.0229],[71.5563,24.9846],[71.5166,25.0075],[71.4744,24.9988],[71.3409,24.9342],[71.3303,24.8507],[71.3045,24.8218],[71.2544,24.7955],[71.2629,24.7483],[71.2095,24.699],[71.188,24.6485],[71.2889,24.6128],[71.3482,24.659],[71.3722,24.6263],[71.4803,24.6784],[71.5291,24.6833],[71.609,24.6748],[71.654,24.6372],[71.7774,24.6724],[71.8059,24.6643],[71.8046,24.6252],[71.8617,24.6267],[71.8643,24.6755],[71.9193,24.6651],[71.9278,24.6299],[71.9869,24.6596],[71.9877,24.6804],[72.0463,24.7085],[72.0792,24.6996],[72.0787,24.6553],[72.1447,24.6365],[72.1799,24.6117],[72.2242,24.635],[72.2685,24.6241],[72.2941,24.6181],[72.3347,24.6248],[72.3117,24.649],[72.3264,24.7015],[72.3729,24.7612],[72.4817,24.7503],[72.5002,24.8182],[72.4839,24.8701],[72.506,24.9229],[72.5811,24.9413],[72.6582,25.0407],[72.6885,25.0479],[72.709,25.1071],[72.738,25.1278],[72.7791,25.216],[72.8275,25.2871],[72.8912,25.2463],[72.9401,25.2437],[72.9933,25.2575],[72.9978,25.2888],[72.9724,25.3715],[73.007,25.3685],[73.0497,25.4005],[73.0968,25.4681],[73.0582,25.5079],[73.0563,25.5603],[72.935,25.6388],[72.916,25.6826],[72.8893,25.6949],[72.8889,25.7346],[72.8119,25.7736],[72.7777,25.8015]]]},"properties":{"DISTRICT":"Jalor","ST_NM":"Rajasthan","ST_CEN_CD":8,"DT_CEN_CD":18,"censuscode":116}},
{"type":"Feature","geometry":{"type":"Polygon","coordinates":[[[89.8623,26.7037],[89.7606,26.7205],[89.6475,26.7469],[89.6592,26.7718],[89.5342,26.8189],[89.4652,26.8062],[89.4539,26.8347],[89.3955,26.8418],[89.3905,26.8617],[89.326,26.8532],[89.2582,26.8163],[89.1353,26.8091],[89.1083,26.8362],[89.0922,26.8972],[89.0559,26.9024],[89.0339,26.9379],[88.9911,26.9206],[88.948,26.9384],[88.9531,26.9772],[88.918,26.9942],[88.8788,26.9645],[88.8183,26.9901],[88.7635,26.9639],[88.7676,26.9243],[88.6691,26.9261],[88.6109,26.879],[88.5774,26.8884],[88.4483,26.835],[88.4475,26.7891],[88.4051,26.673],[88.4173,26.6299],[88.4295,26.5673],[88.4538,26.5381],[88.4837,26.5418],[88.5327,26.4862],[88.5727,26.458],[88.6333,26.4555],[88.6329,26.4354],[88.6872,26.4094],[88.7063,26.3367],[88.68,26.3198],[88.6999,26.2789],[88.7608,26.3103],[88.7502,26.3556],[88.7784,26.3953],[88.8036,26.3732],[88.8539,26.3824],[88.9501,26.477],[88.9471,26.4982],[88.9882,26.534],[89.0301,26.5168],[89.078,26.5375],[89.0979,26.5207],[89.1516,26.5193],[89.2458,26.4916],[89.3103,26.483],[89.3615,26.4951],[89.3945,26.4649],[89.4593,26.49],[89.5331,26.4769],[89.5552,26.4255],[89.6262,26.4164],[89.6673,26.4349],[89.7003,26.4209],[89.7671,26.464],[89.8339,26.4582],[89.8383,26.4122],[89.8745,26.4483],[89.8578,26.4877],[89.8702,26.5702],[89.8828,26.5841],[89.8768,26.6834],[89.8623,26.7037]]]},"properties":{"DISTRICT":"Jalpaiguri","ST_NM":"West Bengal","ST_CEN_CD":19,"DT_CEN_CD":2,"censuscode":328}},
{"type":"Feature","geometry":{"type":"Polygon","coordinates":[[[74.9467,32.8771],[74.8857,32.8705],[74.8353,32.8799],[74.8124,32.9186],[74.8457,32.9632],[74.782,33.0318],[74.7298,33.0242],[74.6688,32.9572],[74.5913,32.9962],[74.5654,32.9929],[74.4941,32.9459],[74.5216,32.8887],[74.4512,32.7836],[74.5073,32.7439],[74.6166,32.7553],[74.6324,32.8016],[74.7014,32.8351],[74.6504,32.6983],[74.6927,32.6548],[74.6511,32.6276],[74.6521,32.5593],[74.6882,32.5257],[74.681,32.4865],[74.716,32.4706],[74.7843,32.4697],[74.8301,32.486],[74.9468,32.5956],[74.9758,32.6619],[75.0108,32.6722],[75.0505,32.7234],[75.1324,32.7465],[75.1609,32.77],[75.148,32.7991],[75.0502,32.8844],[74.9966,32.8465],[74.9467,32.8771]]]},"properties":{"DISTRICT":"Jammu","ST_NM":"Jammu & Kashmir","ST_CEN_CD":1,"DT_CEN_CD":21,"censuscode":21}},
{"type":"Feature","geometry":{"type":"MultiPolygon","coordinates":[[[[70.4365,22.9642],[70.4235,22.9326],[70.3851,22.9099],[70.341,22.8479],[70.3012,22.7576],[70.2546,22.7263],[70.241,22.6626],[70.1993,22.6174],[70.1712,22.5571],[70.1376,22.5482],[70.0471,22.5549],[69.946,22.5285],[69.8776,22.4493],[69.841,22.456],[69.7926,22.4035],[69.741,22.4574],[69.6943,22.4532],[69.699,22.3957],[69.6601,22.3879],[69.6546,22.359],[69.5929,22.3515],[69.5199,22.3788],[69.4193,22.3157],[69.3401,22.3304],[69.334,22.3043],[69.291,22.2757],[69.2235,22.2579],[69.1707,22.2932],[69.1676,22.3265],[69.1913,22.4221],[69.1485,22.4026],[69.1099,22.4099],[69.0693,22.3957],[69.044,22.4312],[69.0057,22.4376],[68.9568,22.3665],[68.936,22.3121],[68.9526,22.2485],[69.0579,22.1257],[69.209,21.9665],[69.2699,21.9071],[69.374,21.8276],[69.4074,21.8905],[69.449,21.8508],[69.4895,21.8548],[69.488,21.8937],[69.5356,21.8912],[69.5437,21.9227],[69.581,21.9448],[69.6209,21.94],[69.7166,21.9743],[69.7193,21.9349],[69.6728,21.9046],[69.6575,21.8691],[69.6112,21.8633],[69.714,21.7929],[69.7399,21.8314],[69.8152,21.8225],[69.8176,21.7403],[69.8671,21.7354],[69.8812,21.7673],[69.9333,21.7802],[69.9905,21.808],[70.0098,21.8009],[70.0211,21.7078],[70.0558,21.7016],[70.0751,21.7324],[70.0301,21.7912],[70.0898,21.8],[70.0974,21.8476],[70.1273,21.865],[70.1446,21.9408],[70.1779,21.8943],[70.2153,21.9076],[70.2157,21.9649],[70.2588,21.9941],[70.3263,22.0175],[70.3288,22.0486],[70.4149,22.0286],[70.4537,22.0506],[70.5476,22.048],[70.5614,22.1433],[70.5847,22.1678],[70.5749,22.2382],[70.5216,22.2454],[70.492,22.2967],[70.5278,22.3403],[70.474,22.3757],[70.5036,22.4267],[70.4598,22.4392],[70.4955,22.4745],[70.5858,22.486],[70.5367,22.5289],[70.574,22.6313],[70.6147,22.653],[70.6235,22.7271],[70.6148,22.7646],[70.648,22.7867],[70.6458,22.8592],[70.6045,22.8804],[70.5794,22.9151],[70.4873,22.9328],[70.4365,22.9642]]],[[[70.0037,22.5932],[69.9665,22.5785],[69.9638,22.5454],[70.0271,22.5679],[70.0037,22.5932]]],[[[69.6276,22.4595],[69.5921,22.4282],[69.6365,22.4065],[69.6565,22.4251],[69.6276,22.4595]]]]},"properties":{"DISTRICT":"Jamnagar","ST_NM":"Gujarat","ST_CEN_CD":24,"DT_CEN_CD":10,"censuscode":477}},
{"type":"Feature","geometry":{"type":"Polygon","coordinates":[[[86.9795,24.1094],[86.9731,24.0626],[86.9435,24.0446],[86.882,24.0748],[86.8333,24.0565],[86.798,24.0884],[86.768,24.0715],[86.7439,24.0995],[86.6576,24.1336],[86.5757,24.1402],[86.5329,24.0566],[86.4838,24.0441],[86.4709,24.018],[86.5245,23.9991],[86.5798,23.9991],[86.6582,23.94],[86.7068,23.923],[86.7248,23.8841],[86.7658,23.8785],[86.7985,23.8331],[86.85,23.8236],[86.9006,23.8817],[86.9487,23.8447],[86.9685,23.8666],[87.0398,23.8387],[87.0898,23.8071],[87.154,23.7963],[87.1717,23.8215],[87.1411,23.87],[87.2277,23.8595],[87.2978,23.892],[87.2971,23.9574],[87.2648,23.9716],[87.238,24.0262],[87.1704,24.0321],[87.12,24.0607],[87.1051,24.095],[87.0299,24.1433],[86.9795,24.1094]]]},"properties":{"DISTRICT":"Jamtara","ST_NM":"Jharkhand","ST_CEN_CD":20,"DT_CEN_CD":18,"censuscode":363}},
{"type":"Feature","geometry":{"type":"Polygon","coordinates":[[[86.5033,24.9795],[86.4458,24.9985],[86.4406,25.0248],[86.3895,25.0504],[86.4212,25.1025],[86.4147,25.1297],[86.3692,25.1435],[86.3322,25.1194],[86.3184,25.0833],[86.2503,25.0507],[86.2289,24.9997],[86.1757,25.0496],[86.1397,25.0185],[86.1307,24.9723],[86.0188,24.9785],[85.912,25.0132],[85.8381,24.9829],[85.8282,24.9178],[85.8664,24.9182],[85.8981,24.8684],[85.9784,24.8641],[86.0314,24.8214],[86.0573,24.7799],[86.0699,24.7521],[86.1122,24.7364],[86.1402,24.676],[86.1322,24.6124],[86.1722,24.5843],[86.2222,24.5918],[86.2991,24.5868],[86.3188,24.5093],[86.3003,24.4772],[86.3258,24.441],[86.3598,24.4429],[86.4218,24.3802],[86.4584,24.3696],[86.4948,24.426],[86.4965,24.4853],[86.5298,24.5366],[86.5894,24.5736],[86.6155,24.6082],[86.6136,24.6635],[86.5516,24.7134],[86.5575,24.7416],[86.5272,24.788],[86.5358,24.8634],[86.488,24.9077],[86.5033,24.9795]]]},"properties":{"DISTRICT":"Jamui","ST_NM":"Bihar","ST_CEN_CD":10,"DT_CEN_CD":36,"censuscode":238}},
{"type":"Feature","geometry":{"type":"Polygon","coordinates":[[[82.5298,22.2399],[82.5286,22.242],[82.4967,22.2467],[82.4629,22.2137],[82.4629,22.2138],[82.4623,22.2133],[82.46,22.1992],[82.4604,22.1957],[82.467,22.1807],[82.4556,22.1759],[82.4277,22.1376],[82.3598,22.1338],[82.3368,22.1027],[82.3328,21.9608],[82.3089,21.904],[82.3253,21.8722],[82.3287,21.8684],[82.3604,21.8387],[82.3644,21.8236],[82.3667,21.8179],[82.3703,21.8101],[82.382,21.7675],[82.3835,21.7631],[82.4409,21.7393],[82.4455,21.743],[82.4813,21.7262],[82.5416,21.7375],[82.6001,21.7128],[82.6292,21.7294],[82.6579,21.7103],[82.7038,21.727],[82.7954,21.7227],[82.8666,21.6886],[82.9513,21.7218],[83.028,21.7373],[83.0891,21.7139],[83.27,21.7123],[83.2401,21.7899],[83.1841,21.8452],[83.2194,21.8832],[83.2021,21.9175],[83.1552,21.9145],[83.1171,21.9314],[83.0936,21.9726],[83.0079,21.9635],[83.0244,22.0078],[83.008,22.0281],[83.015,22.0738],[82.9409,22.122],[82.8716,22.1715],[82.8233,22.1557],[82.762,22.1192],[82.7126,22.0498],[82.6365,22.1237],[82.6601,22.1884],[82.6443,22.2378],[82.5941,22.2587],[82.5786,22.2223],[82.5388,22.2114],[82.5298,22.2399]]]},"properties":{"DISTRICT":"Janjgir-champa","ST_NM":"Chhattisgarh","ST_CEN_CD":22,"DT_CEN_CD":6,"censuscode":405}},
{"type":"Feature","geometry":{"type":"Polygon","coordinates":[[[84.041,23.1689],[84.0208,23.1876],[83.9489,23.163],[83.8954,23.1827],[83.8318,23.2334],[83.7912,23.2453],[83.7503,23.2376],[83.7228,23.2073],[83.6715,23.2265],[83.6261,23.2166],[83.604,23.1811],[83.5546,23.1664],[83.5605,23.1329],[83.511,23.0885],[83.5512,23.0303],[83.5097,22.956],[83.5795,22.8728],[83.6485,22.8226],[83.6528,22.7392],[83.6388,22.7027],[83.6837,22.6818],[83.6517,22.655],[83.5608,22.6998],[83.5353,22.681],[83.4377,22.672],[83.4042,22.6157],[83.4067,22.5537],[83.4704,22.5063],[83.5962,22.5328],[83.5854,22.4555],[83.6394,22.4187],[83.6509,22.3949],[83.6941,22.3781],[83.7411,22.3784],[83.768,22.3245],[83.8047,22.2918],[83.8681,22.3459],[83.9226,22.3618],[84.0082,22.3719],[84.047,22.4351],[84.0486,22.4662],[83.9831,22.5042],[84.0095,22.5229],[84.0121,22.5715],[84.0552,22.5961],[84.0874,22.6384],[84.1569,22.6364],[84.2392,22.6905],[84.2323,22.737],[84.2946,22.7728],[84.3169,22.8008],[84.3273,22.8512],[84.3829,22.8754],[84.396,22.9404],[84.3775,22.9767],[84.3388,22.9807],[84.2856,22.9628],[84.2241,22.9779],[84.1861,23.0239],[84.1513,22.9896],[84.1317,23.0321],[84.1379,23.0646],[84.095,23.1107],[84.0408,23.1395],[84.041,23.1689]]]},"properties":{"DISTRICT":"Jashpur","ST_NM":"Chhattisgarh","ST_CEN_CD":22,"DT_CEN_CD":3,"censuscode":402}},
{"type":"Feature","geometry":{"type":"Polygon","coordinates":[[[82.6823,26.1512],[82.6274,26.1714],[82.6009,26.1961],[82.5666,26.1415],[82.4778,26.1305],[82.4371,26.1027],[82.4671,26.0742],[82.4667,26.0443],[82.5054,26.0398],[82.4848,26.0009],[82.4323,26.0088],[82.4263,25.9813],[82.3686,25.979],[82.3495,25.9615],[82.376,25.9133],[82.2964,25.8917],[82.2893,25.8593],[82.2559,25.8325],[82.2175,25.8378],[82.1769,25.8204],[82.1968,25.7393],[82.1561,25.6791],[82.1426,25.6674],[82.1405,25.652],[82.121,25.6434],[82.1826,25.5813],[82.2287,25.5878],[82.2354,25.5857],[82.2509,25.5794],[82.2661,25.5637],[82.286,25.5523],[82.2881,25.5483],[82.2896,25.5439],[82.3061,25.5496],[82.326,25.5433],[82.3304,25.536],[82.3356,25.5359],[82.3417,25.5336],[82.3493,25.5281],[82.3526,25.5145],[82.3808,25.5178],[82.5057,25.4721],[82.5446,25.4367],[82.6065,25.4504],[82.6171,25.4168],[82.6937,25.3945],[82.6886,25.4299],[82.7425,25.5462],[82.7797,25.5289],[82.8382,25.566],[82.929,25.5704],[82.965,25.5268],[82.9826,25.5538],[83.0294,25.5706],[83.0723,25.5507],[83.083,25.5698],[83.0672,25.6515],[83.0748,25.6828],[83.0044,25.7082],[82.9858,25.6793],[82.9459,25.7042],[82.8992,25.7727],[82.825,25.7714],[82.7867,25.8251],[82.7581,25.8369],[82.7755,25.8811],[82.7611,25.9313],[82.7278,25.9893],[82.7216,26.042],[82.6808,26.1066],[82.6823,26.1512]]]},"properties":{"DISTRICT":"Jaunpur","ST_NM":"Uttar Pradesh","ST_CEN_CD":9,"DT_CEN_CD":63,"censuscode":194}},
{"type":"Feature","geometry":{"type":"Polygon","coordinates":[[[75.0092,23.1109],[74.9903,23.1392],[74.9171,23.1587],[74.8854,23.1347],[74.8194,23.1325],[74.7804,23.1472],[74.7833,23.2374],[74.7398,23.2266],[74.7143,23.192],[74.6678,23.1988],[74.6065,23.1422],[74.5439,23.1296],[74.5336,23.099],[74.4652,23.0829],[74.389,23.1097],[74.3203,23.0605],[74.3684,22.9778],[74.3391,22.9625],[74.3791,22.9077],[74.4606,22.9111],[74.4766,22.8563],[74.4626,22.8128],[74.4004,22.7285],[74.3779,22.6364],[74.4221,22.6014],[74.447,22.5394],[74.5044,22.5775],[74.594,22.541],[74.6509,22.5723],[74.6596,22.5999],[74.7273,22.5816],[74.7429,22.558],[74.7825,22.5789],[74.7963,22.6573],[74.7648,22.7473],[74.9033,22.7569],[74.9531,22.807],[74.9862,22.8656],[75.0079,22.9406],[75.0092,23.1109]]]},"properties":{"DISTRICT":"Jhabua","ST_NM":"Madhya Pradesh","ST_CEN_CD":23,"DT_CEN_CD":47,"censuscode":464}},
{"type":"Feature","geometry":{"type":"Polygon","coordinates":[[[76.9524,28.8156],[76.9189,28.8226],[76.9029,28.8621],[76.7854,28.7429],[76.7108,28.7669],[76.7116,28.7859],[76.6478,28.8065],[76.5971,28.7754],[76.5759,28.7356],[76.4531,28.7372],[76.4185,28.7224],[76.407,28.6822],[76.4072,28.6821],[76.4091,28.6662],[76.4524,28.6539],[76.4663,28.6042],[76.4012,28.5886],[76.3437,28.602],[76.3303,28.5014],[76.2903,28.4949],[76.2916,28.449],[76.2918,28.4407],[76.2908,28.4348],[76.2907,28.4253],[76.2997,28.4251],[76.3002,28.4318],[76.3498,28.436],[76.3756,28.4281],[76.432,28.4617],[76.4496,28.4273],[76.5153,28.4263],[76.5187,28.4031],[76.6045,28.4039],[76.6218,28.4281],[76.6672,28.3808],[76.6666,28.3781],[76.6741,28.38],[76.6971,28.3702],[76.6976,28.3609],[76.7258,28.3599],[76.7081,28.4082],[76.7443,28.465],[76.8133,28.476],[76.8293,28.5034],[76.8889,28.5039],[76.8472,28.5519],[76.8425,28.5774],[76.8877,28.6325],[76.9201,28.6327],[76.9521,28.6699],[76.9637,28.6948],[76.9475,28.7984],[76.9524,28.8156]]]},"properties":{"DISTRICT":"Jhajjar","ST_NM":"Haryana","ST_CEN_CD":6,"DT_CEN_CD":15,"censuscode":83}},
{"type":"Feature","geometry":{"type":"Polygon","coordinates":[[[76.4431,24.783],[76.4447,24.8306],[76.3999,24.838],[76.3654,24.8711],[76.3137,24.84],[76.2274,24.832],[76.2263,24.7959],[76.2044,24.7596],[76.2008,24.683],[76.1831,24.6643],[76.1146,24.6931],[76.0687,24.6755],[76.065,24.6232],[76.0817,24.5766],[76.032,24.559],[75.9618,24.5609],[75.9234,24.5396],[75.9083,24.5012],[75.9061,24.442],[75.8316,24.4184],[75.7887,24.4544],[75.7382,24.3994],[75.7403,24.344],[75.7674,24.3067],[75.8154,24.2967],[75.8077,24.2257],[75.7758,24.2169],[75.7456,24.1357],[75.7918,24.1059],[75.8329,24.104],[75.8317,24.068],[75.7817,24.0582],[75.764,23.9941],[75.7022,23.9652],[75.6711,24.0297],[75.6365,23.996],[75.5734,24.0137],[75.5159,24.045],[75.4661,23.9771],[75.4578,23.9171],[75.5639,23.8545],[75.5674,23.812],[75.6776,23.7784],[75.6861,23.7569],[75.6919,23.8159],[75.7239,23.8231],[75.73,23.8983],[75.7818,23.8509],[75.8555,23.8903],[75.8807,23.8807],[75.9781,23.929],[75.9826,23.9704],[75.9626,24.0214],[76.0293,24.0464],[76.046,24.0699],[76.1375,24.0912],[76.1262,24.2012],[76.1574,24.2396],[76.1452,24.2769],[76.1978,24.2806],[76.2186,24.2126],[76.2796,24.2123],[76.3211,24.2468],[76.3563,24.2446],[76.4152,24.2052],[76.4669,24.2246],[76.5119,24.1959],[76.5267,24.1589],[76.5833,24.1763],[76.5751,24.2091],[76.6201,24.2584],[76.6826,24.2662],[76.7064,24.2444],[76.678,24.189],[76.7245,24.1573],[76.7728,24.1603],[76.7949,24.1214],[76.8816,24.1305],[76.904,24.1267],[76.9203,24.1843],[76.9481,24.1944],[76.8784,24.2666],[76.8412,24.3562],[76.8533,24.3637],[76.8455,24.4382],[76.8005,24.4328],[76.7569,24.4484],[76.7056,24.408],[76.6756,24.439],[76.6359,24.4141],[76.5802,24.4643],[76.5786,24.4922],[76.537,24.514],[76.5382,24.5686],[76.5216,24.5899],[76.5313,24.6624],[76.4768,24.6693],[76.4431,24.783]]]},"properties":{"DISTRICT":"Jhalawar","ST_NM":"Rajasthan","ST_CEN_CD":8,"DT_CEN_CD":31,"censuscode":129}},
{"type":"Feature","geometry":{"type":"Polygon","coordinates":[[[79.398,25.7962],[79.32,25.7695],[79.2918,25.7921],[79.2384,25.8077],[79.2136,25.7899],[79.1338,25.8136],[79.1272,25.8462],[79.0407,25.8676],[79.0423,25.9273],[78.9654,25.9361],[78.9354,25.9501],[78.8843,25.9102],[78.8657,25.8666],[78.8711,25.7967],[78.8236,25.8258],[78.7684,25.7155],[78.7989,25.7052],[78.8189,25.6692],[78.8021,25.6123],[78.6844,25.5888],[78.656,25.5604],[78.6287,25.5769],[78.5885,25.559],[78.4884,25.5751],[78.4673,25.5593],[78.4443,25.5591],[78.4158,25.5276],[78.4287,25.4745],[78.3422,25.4258],[78.3394,25.3993],[78.3011,25.3624],[78.3382,25.3316],[78.3621,25.2449],[78.3922,25.1901],[78.4241,25.1677],[78.4508,25.1675],[78.4532,25.1617],[78.4497,25.1528],[78.4488,25.1523],[78.4497,25.1237],[78.5337,25.183],[78.5696,25.221],[78.5756,25.2535],[78.5279,25.2829],[78.5407,25.3258],[78.5833,25.3468],[78.6107,25.4119],[78.6966,25.4402],[78.7076,25.421],[78.6651,25.3828],[78.717,25.3711],[78.7429,25.3441],[78.7717,25.3533],[78.7727,25.4249],[78.732,25.4581],[78.7969,25.4783],[78.8611,25.4472],[78.8414,25.5108],[78.8835,25.5191],[78.8931,25.5556],[78.9333,25.5548],[78.9495,25.526],[78.9366,25.4232],[78.9676,25.4338],[78.9819,25.3675],[78.8822,25.3826],[78.8005,25.288],[78.8423,25.2282],[78.8696,25.2781],[78.8638,25.3119],[78.8926,25.3416],[78.9386,25.3274],[78.9777,25.2861],[78.9159,25.2693],[78.8746,25.185],[78.9602,25.2157],[78.9942,25.27],[79.0198,25.2691],[79.0339,25.2297],[79.0319,25.1816],[79.098,25.1713],[79.1407,25.1062],[79.2054,25.1234],[79.284,25.1155],[79.3214,25.1462],[79.2856,25.2058],[79.3487,25.2257],[79.2941,25.2762],[79.2842,25.3221],[79.2771,25.337],[79.3246,25.399],[79.3325,25.4282],[79.3697,25.4649],[79.389,25.5218],[79.4105,25.5454],[79.3747,25.6027],[79.3872,25.6829],[79.3741,25.7155],[79.3746,25.7765],[79.398,25.7962]]]},"properties":{"DISTRICT":"Jhansi","ST_NM":"Uttar Pradesh","ST_CEN_CD":9,"DT_CEN_CD":35,"censuscode":166}},
{"type":"Feature","geometry":{"type":"Polygon","coordinates":[[[83.7999,21.5662],[83.8146,21.5911],[83.8859,21.575],[83.9641,21.5711],[83.9813,21.5953],[83.9685,21.6911],[83.9489,21.7203],[83.9689,21.7554],[84.0387,21.7591],[84.1152,21.789],[84.1902,21.7542],[84.2474,21.7688],[84.2865,21.762],[84.2968,21.7958],[84.3933,21.9923],[84.3892,22.0241],[84.3576,22.0365],[84.2963,22.0316],[84.2696,22.0141],[84.2469,21.9827],[84.2074,21.9775],[84.1718,21.999],[84.1162,22.0091],[84.0936,21.999],[84.0787,21.9372],[84.0293,21.9528],[83.981,21.9063],[83.9613,21.9413],[83.8968,21.9463],[83.8807,21.9239],[83.8166,21.8831],[83.7609,21.8361],[83.7219,21.7864],[83.6432,21.8166],[83.6296,21.8483],[83.5806,21.8324],[83.5384,21.8346],[83.4985,21.8114],[83.4831,21.7765],[83.4913,21.7444],[83.4635,21.6972],[83.4269,21.6779],[83.4902,21.6426],[83.5272,21.6727],[83.5599,21.7431],[83.6564,21.72],[83.7054,21.6886],[83.7272,21.6307],[83.7999,21.5662]]]},"properties":{"DISTRICT":"Jharsuguda","ST_NM":"Odisha","ST_CEN_CD":21,"DT_CEN_CD":2,"censuscode":371}},
{"type":"Feature","geometry":{"type":"Polygon","coordinates":[[[76.027,28.2767],[75.9949,28.2917],[75.9646,28.3342],[75.8976,28.3896],[75.8975,28.3896],[75.8109,28.4103],[75.7866,28.4537],[75.6723,28.5172],[75.616,28.5055],[75.6048,28.446],[75.5737,28.4082],[75.5718,28.3778],[75.5188,28.3696],[75.5018,28.3369],[75.3831,28.3379],[75.3351,28.3669],[75.3304,28.3957],[75.2795,28.4496],[75.2347,28.4554],[75.2185,28.3904],[75.1516,28.3794],[75.1646,28.338],[75.1489,28.2916],[75.0502,28.2531],[75.0296,28.1982],[75.0811,28.1905],[75.0896,28.1594],[75.1287,28.1348],[75.1027,28.0643],[75.1485,28.0257],[75.1953,27.9105],[75.2301,27.8777],[75.2419,27.8104],[75.2875,27.8161],[75.2893,27.716],[75.3499,27.7002],[75.418,27.644],[75.5365,27.7091],[75.6198,27.7028],[75.689,27.6735],[75.7116,27.756],[75.7699,27.8334],[75.9312,27.9288],[75.9708,27.9326],[75.9632,27.9843],[75.9822,28.0326],[75.985,28.0799],[75.944,28.0893],[76.0359,28.1684],[76.083,28.168],[76.0613,28.2199],[76.0156,28.2489],[76.027,28.2767]]]},"properties":{"DISTRICT":"Jhunjhunun","ST_NM":"Rajasthan","ST_CEN_CD":8,"DT_CEN_CD":5,"censuscode":103}},
{"type":"Feature","geometry":{"type":"Polygon","coordinates":[[[72.2841,27.5487],[72.2515,27.5333],[72.2455,27.4976],[72.1755,27.4618],[72.1577,27.4758],[72.1454,27.5324],[72.0499,27.6145],[71.9665,27.5497],[71.9308,27.5591],[71.8823,27.4845],[71.8382,27.4785],[71.8145,27.4417],[71.8274,27.4],[71.8289,27.329],[71.7935,27.288],[71.7887,27.2558],[71.9156,27.2112],[71.9554,27.1824],[71.9677,27.1395],[72.0768,27.1166],[72.0788,27.0769],[72.0442,27.0209],[72.0399,26.9358],[72.1036,26.8869],[72.0992,26.8301],[72.0542,26.8031],[72.0622,26.7601],[72.0872,26.7302],[72.0397,26.6753],[72.0985,26.6004],[72.0271,26.4987],[72.082,26.443],[72.0727,26.3494],[72.0976,26.319],[72.1531,26.3082],[72.1595,26.281],[72.255,26.2104],[72.3084,26.2167],[72.3404,26.2444],[72.3743,26.2254],[72.4094,26.239],[72.427,26.2864],[72.4916,26.2993],[72.5519,26.2644],[72.5961,26.2799],[72.6336,26.2282],[72.6882,26.1862],[72.6942,26.1059],[72.6787,26.0718],[72.6845,26.0295],[72.6177,26.0066],[72.6187,25.978],[72.7007,25.9337],[72.8061,25.8529],[72.8343,25.863],[72.842,25.8907],[72.9581,25.9017],[72.9745,25.9351],[73.05,25.9677],[73.0588,26.0122],[73.1779,26.0543],[73.2074,26.0767],[73.2751,26.0432],[73.3163,26.0341],[73.3589,26.0752],[73.3409,26.1172],[73.3768,26.1563],[73.4306,26.1298],[73.4664,26.0853],[73.5294,26.0636],[73.5226,26.1029],[73.5767,26.1156],[73.6287,26.147],[73.6531,26.1262],[73.6501,26.0781],[73.6957,26.0636],[73.7239,26.1086],[73.8058,26.0998],[73.8103,26.1265],[73.786,26.1636],[73.8046,26.2068],[73.7901,26.2361],[73.8136,26.287],[73.8141,26.3495],[73.8731,26.4305],[73.8566,26.4672],[73.7939,26.5044],[73.7551,26.5407],[73.7208,26.552],[73.6498,26.71],[73.6718,26.7517],[73.655,26.8078],[73.631,26.8393],[73.5876,26.8633],[73.5303,26.8585],[73.4917,26.8869],[73.4381,26.8863],[73.3271,26.8566],[73.2131,26.8685],[73.191,26.882],[73.1773,26.9294],[73.1228,26.944],[73.1147,26.9657],[73.1526,26.9924],[73.1578,27.0249],[73.1919,27.0564],[73.152,27.1208],[73.167,27.1445],[73.1563,27.199],[73.132,27.2352],[73.1631,27.2948],[73.1453,27.3901],[73.1206,27.4081],[73.0425,27.4104],[72.9876,27.3838],[72.9021,27.4152],[72.8826,27.4769],[72.8308,27.4661],[72.8255,27.5215],[72.8476,27.5337],[72.8355,27.5797],[72.728,27.5536],[72.696,27.6044],[72.6713,27.5426],[72.6243,27.5711],[72.6039,27.6066],[72.5602,27.6185],[72.5016,27.5836],[72.4494,27.5858],[72.4375,27.5616],[72.3268,27.5137],[72.2785,27.4656],[72.2518,27.5073],[72.2841,27.5487]]]},"properties":{"DISTRICT":"Jodhpur","ST_NM":"Rajasthan","ST_CEN_CD":8,"DT_CEN_CD":15,"censuscode":113}},
{"type":"Feature","geometry":{"type":"Polygon","coordinates":[[[94.5956,26.7249],[94.5161,26.7748],[94.5242,26.8074],[94.4899,26.8338],[94.4983,26.8694],[94.4822,26.9339],[94.4084,26.9434],[94.4035,26.9599],[94.4706,27.0008],[94.511,27.0411],[94.5958,27.1451],[94.5706,27.1785],[94.5259,27.1585],[94.5098,27.1203],[94.4396,27.1191],[94.4191,27.0907],[94.3686,27.0975],[94.3089,27.0722],[94.2826,27.0951],[94.2395,27.0732],[94.2259,27.0318],[94.1882,27.028],[94.1823,26.9971],[94.1353,26.9692],[94.0791,26.9602],[94.0542,26.9791],[93.9766,26.9234],[93.9366,26.9294],[93.894,26.8905],[93.8808,26.8553],[93.8434,26.8521],[93.8266,26.8252],[93.8226,26.8236],[93.8253,26.8187],[93.8273,26.8158],[93.8314,26.8129],[93.8684,26.8144],[93.9201,26.7836],[93.9807,26.7886],[94.0042,26.7464],[94.0493,26.7284],[94.0518,26.6729],[94.0973,26.6452],[94.0738,26.5967],[94.1179,26.5542],[94.0996,26.4915],[94.1314,26.4449],[94.1186,26.3997],[94.1383,26.3499],[94.168,26.3488],[94.187,26.456],[94.2828,26.559],[94.2943,26.4761],[94.3168,26.4582],[94.3242,26.4747],[94.3969,26.5249],[94.4152,26.5785],[94.4103,26.6117],[94.455,26.6342],[94.5455,26.706],[94.5956,26.7249]]]},"properties":{"DISTRICT":"Jorhat","ST_NM":"Assam","ST_CEN_CD":18,"DT_CEN_CD":13,"censuscode":312}},
{"type":"Feature","geometry":{"type":"Polygon","coordinates":[[[70.1479,21.6617],[70.1219,21.679],[70.0901,21.6457],[70.0328,21.6351],[70.046,21.5944],[69.9926,21.5781],[69.981,21.5303],[70,21.4726],[69.9427,21.3688],[69.979,21.3323],[69.9772,21.2932],[70.0147,21.2784],[69.9818,21.2268],[70.0996,21.1046],[70.2515,20.979],[70.3649,20.9007],[70.3935,20.8943],[70.4388,20.8532],[70.5854,20.7815],[70.6403,20.7665],[70.664,20.7976],[70.6584,20.8498],[70.6973,20.9178],[70.7265,20.9946],[70.7531,20.9667],[70.8132,20.9738],[70.8608,20.9605],[70.8822,20.9084],[70.8648,20.8784],[70.8208,20.8631],[70.8305,20.8367],[70.871,20.838],[70.8742,20.7998],[70.8431,20.7869],[70.8582,20.7539],[70.8629,20.7551],[70.8632,20.7519],[70.8639,20.7504],[70.8638,20.7468],[70.8637,20.7466],[70.8635,20.7463],[70.8635,20.7461],[70.8633,20.7457],[70.8632,20.7456],[70.8631,20.7454],[70.8629,20.745],[70.8628,20.7449],[70.8626,20.7445],[70.8738,20.7271],[70.9112,20.7374],[70.9243,20.7444],[70.9268,20.7374],[70.9322,20.7368],[70.9375,20.7334],[70.9913,20.746],[70.9913,20.7315],[71.013,20.7399],[71.0132,20.7396],[71.081,20.7393],[71.0943,20.7582],[71.1456,20.7571],[71.1507,20.7722],[71.2078,20.8001],[71.2232,20.8239],[71.1949,20.9002],[71.2239,20.9571],[71.1981,20.9772],[71.1424,20.951],[71.1265,20.9637],[71.1477,21.0318],[71.1257,21.0767],[71.0042,21.1684],[70.9736,21.1651],[70.8921,21.1865],[70.8726,21.1712],[70.824,21.1965],[70.8037,21.2317],[70.8256,21.262],[70.8913,21.2689],[70.9071,21.2984],[70.9416,21.3115],[70.9291,21.3413],[70.8824,21.3174],[70.8693,21.3744],[70.9479,21.397],[70.9236,21.462],[70.8864,21.4414],[70.8315,21.4921],[70.8504,21.5314],[70.8936,21.5348],[70.8618,21.6007],[70.7932,21.6652],[70.7769,21.6617],[70.7395,21.6443],[70.7206,21.6106],[70.6411,21.6506],[70.6111,21.6246],[70.5439,21.6443],[70.4368,21.6585],[70.3672,21.6369],[70.3662,21.5978],[70.3015,21.5871],[70.2941,21.5461],[70.2586,21.5261],[70.245,21.5657],[70.2621,21.613],[70.2174,21.6356],[70.1626,21.6118],[70.1271,21.6373],[70.1479,21.6617]]]},"properties":{"DISTRICT":"Junagadh","ST_NM":"Gujarat","ST_CEN_CD":24,"DT_CEN_CD":12,"censuscode":479}},
{"type":"Feature","geometry":{"type":"Polygon","coordinates":[[[78.5252,29.0698],[78.4672,29.0643],[78.4154,29.0385],[78.2894,29.04],[78.2067,29.0504],[78.143,29.0789],[78.1059,29.0834],[78.0847,29.0681],[78.1012,29.0257],[78.0937,28.9767],[78.0656,28.9556],[78.0637,28.8926],[78.116,28.8563],[78.1188,28.7881],[78.1525,28.7067],[78.1745,28.6918],[78.2094,28.6152],[78.2159,28.5997],[78.2199,28.4999],[78.272,28.4901],[78.305,28.4587],[78.291,28.4031],[78.3102,28.4343],[78.3471,28.4346],[78.3796,28.468],[78.4146,28.4628],[78.4383,28.6062],[78.4157,28.6585],[78.4195,28.7399],[78.4402,28.7963],[78.5143,28.7737],[78.5826,28.7965],[78.6536,28.8609],[78.6302,28.9227],[78.581,28.944],[78.5283,28.9455],[78.572,29.0171],[78.5252,29.0698]]]},"properties":{"DISTRICT":"Jyotiba Phule Nagar","ST_NM":"Uttar Pradesh","ST_CEN_CD":9,"DT_CEN_CD":6,"censuscode":137}},
{"type":"Feature","geometry":{"type":"MultiPolygon","coordinates":[[[[71.3161,23.9816],[71.2862,23.9984],[71.3163,24.0392],[71.3391,24.1303],[71.279,24.1376],[71.3359,24.1888],[71.3124,24.2297],[71.3059,24.3038],[71.3948,24.3516],[71.3824,24.3933],[71.3304,24.3953],[71.3436,24.4331],[71.3493,24.5177],[71.2941,24.5179],[71.3105,24.5906],[71.2889,24.6128],[71.188,24.6485],[71.0978,24.6866],[71.0107,24.6367],[70.9907,24.6055],[70.9882,24.5476],[71.0053,24.5289],[71,24.4459],[71.0284,24.4362],[71.109,24.4368],[71.1121,24.3965],[71.0781,24.3873],[71.0368,24.3533],[70.9879,24.3667],[70.949,24.3525],[70.874,24.2973],[70.879,24.2464],[70.8339,24.2288],[70.722,24.2165],[70.6447,24.2246],[70.5743,24.2551],[70.5775,24.3038],[70.5599,24.3524],[70.5997,24.4092],[70.5736,24.4217],[70.43,24.3816],[70.3724,24.3537],[70.304,24.3481],[70.246,24.3246],[70.1081,24.2936],[70.0638,24.1967],[70.0165,24.1699],[69.7301,24.1718],[69.5879,24.2913],[69.4844,24.2678],[69.4374,24.2795],[69.3751,24.2704],[69.3086,24.2807],[69.1928,24.2379],[69.098,24.2721],[69.0052,24.2232],[68.9821,24.2334],[68.9432,24.3021],[68.8948,24.2612],[68.8784,24.2149],[68.851,24.2211],[68.8275,24.3168],[68.7631,24.2944],[68.7696,24.2726],[68.7534,23.9696],[68.5511,23.9677],[68.5379,23.9454],[68.5482,23.9332],[68.5576,23.9329],[68.5599,23.9304],[68.5596,23.9238],[68.5796,23.9243],[68.5885,23.9224],[68.6135,23.9032],[68.5718,23.8801],[68.5229,23.8171],[68.5254,23.8004],[68.5163,23.7832],[68.5268,23.7712],[68.5251,23.759],[68.5346,23.7565],[68.5971,23.8396],[68.6451,23.8379],[68.6718,23.8615],[68.729,23.8549],[68.7271,23.8293],[68.6551,23.7987],[68.6307,23.759],[68.5585,23.7193],[68.4893,23.6351],[68.4957,23.5249],[68.5074,23.4626],[68.5343,23.4235],[68.6057,23.3799],[68.649,23.3057],[68.6296,23.291],[68.6432,23.2463],[68.5851,23.2218],[68.6524,23.1551],[68.7624,23.0788],[68.8121,23.0607],[68.9876,22.956],[69.0446,22.9296],[69.1268,22.8754],[69.1974,22.8385],[69.2668,22.824],[69.3188,22.8324],[69.4015,22.809],[69.446,22.7776],[69.5328,22.7859],[69.5801,22.7623],[69.6413,22.7665],[69.7113,22.7382],[69.7526,22.8199],[69.8016,22.8506],[69.8657,22.8727],[69.9015,22.8654],[69.9513,22.8929],[70.106,22.909],[70.1346,22.9435],[70.2087,22.9518],[70.2354,22.9796],[70.2874,22.9454],[70.3451,22.9304],[70.3935,22.9632],[70.3971,23.026],[70.4432,23.0646],[70.4935,23.0751],[70.4715,23.0124],[70.4385,22.9674],[70.4763,22.9732],[70.5407,22.9593],[70.554,23.0182],[70.5947,23.0562],[70.7,23.1225],[70.7782,23.159],[70.831,23.1258],[70.9834,23.173],[71.0449,23.171],[71.1384,23.209],[71.1591,23.1815],[71.1932,23.1908],[71.2145,23.1493],[71.3048,23.1717],[71.4687,23.1463],[71.5338,23.1659],[71.5938,23.1374],[71.6249,23.145],[71.6458,23.1836],[71.6181,23.2295],[71.6485,23.2911],[71.6448,23.3323],[71.6176,23.3622],[71.5881,23.3588],[71.5969,23.4315],[71.583,23.4558],[71.5326,23.4815],[71.5203,23.5098],[71.446,23.4804],[71.4562,23.5624],[71.4219,23.5673],[71.3766,23.6447],[71.3034,23.6466],[71.2227,23.6609],[71.2241,23.713],[71.1782,23.7106],[71.1367,23.6606],[71.1393,23.6289],[71.0738,23.6023],[71.0484,23.6228],[71.0372,23.6658],[71.069,23.6897],[71.0545,23.7786],[71.062,23.8356],[71.1001,23.9008],[71.2118,23.9305],[71.2645,23.9215],[71.3161,23.9816]]],[[[68.3585,23.8051],[68.3349,23.7588],[68.3379,23.7296],[68.2693,23.6499],[68.196,23.6385],[68.1954,23.6038],[68.2307,23.589],[68.264,23.6024],[68.2949,23.5788],[68.3468,23.5982],[68.3907,23.6549],[68.4185,23.7243],[68.3979,23.7849],[68.3585,23.8051]]],[[[68.3585,23.975],[68.3424,23.9246],[68.279,23.916],[68.254,23.8588],[68.2093,23.811],[68.226,23.7626],[68.1926,23.731],[68.2385,23.681],[68.2554,23.7118],[68.2621,23.7601],[68.2743,23.7974],[68.2957,23.8043],[68.296,23.8104],[68.2888,23.8149],[68.2888,23.8174],[68.294,23.8207],[68.3063,23.8251],[68.3146,23.824],[68.3376,23.8193],[68.3504,23.9085],[68.4026,23.9207],[68.434,23.9673],[68.3585,23.975]]],[[[68.4437,23.9683],[68.4804,23.8904],[68.5185,23.9243],[68.4976,23.9675],[68.4437,23.9683]]],[[[68.3957,23.8782],[68.3426,23.8365],[68.3493,23.8093],[68.4001,23.7896],[68.4385,23.8393],[68.3957,23.8782]]],[[[68.4965,23.831],[68.4476,23.806],[68.4563,23.774],[68.4371,23.7432],[68.4876,23.7371],[68.5171,23.7551],[68.5221,23.7751],[68.5157,23.7793],[68.5124,23.7887],[68.5229,23.8038],[68.4965,23.831]]],[[[68.4493,23.9385],[68.3863,23.9063],[68.4271,23.8646],[68.4521,23.8818],[68.4493,23.9385]]],[[[68.3079,23.8237],[68.2901,23.8168],[68.2971,23.8121],[68.2982,23.8038],[68.2779,23.7968],[68.2643,23.7599],[68.2676,23.7049],[68.324,23.734],[68.3224,23.8049],[68.3126,23.8215],[68.3079,23.8237]]],[[[68.5354,23.946],[68.5338,23.924],[68.4868,23.891],[68.5207,23.8568],[68.5821,23.9151],[68.5796,23.9235],[68.5615,23.9226],[68.5585,23.9232],[68.559,23.9285],[68.5571,23.9318],[68.5424,23.9338],[68.5354,23.946]]],[[[68.5582,23.3138],[68.5587,23.2535],[68.6149,23.2715],[68.6046,23.2993],[68.5582,23.3138]]]]},"properties":{"DISTRICT":"Kachchh","ST_NM":"Gujarat","ST_CEN_CD":24,"DT_CEN_CD":1,"censuscode":468}},
{"type":"Feature","geometry":{"type":"Polygon","coordinates":[[[83.7703,25.386],[83.7179,25.3933],[83.6284,25.3266],[83.543,25.3132],[83.4886,25.2804],[83.4686,25.25],[83.4176,25.2472],[83.3966,25.205],[83.358,25.1969],[83.3484,25.1105],[83.3279,25.0137],[83.3521,25.0086],[83.3652,24.9536],[83.3595,24.9013],[83.3985,24.8315],[83.3949,24.7827],[83.4705,24.7337],[83.475,24.7331],[83.5212,24.6776],[83.5055,24.6503],[83.5425,24.6144],[83.5259,24.5537],[83.5251,24.548],[83.5302,24.5433],[83.5342,24.5417],[83.5568,24.5435],[83.6082,24.5406],[83.6641,24.5545],[83.709,24.5423],[83.7491,24.5769],[83.7528,24.6315],[83.7329,24.6467],[83.7658,24.7276],[83.7828,24.7385],[83.777,24.794],[83.7323,24.8066],[83.7196,24.8323],[83.7628,24.8727],[83.7654,24.9124],[83.812,24.9601],[83.8003,25.0103],[83.8235,25.0365],[83.8092,25.1137],[83.8257,25.152],[83.8168,25.1997],[83.8352,25.2433],[83.8986,25.2622],[83.8969,25.2895],[83.8998,25.2932],[83.8316,25.3462],[83.8148,25.3604],[83.7703,25.386]]]},"properties":{"DISTRICT":"Kaimur (bhabua)","ST_NM":"Bihar","ST_CEN_CD":10,"DT_CEN_CD":31,"censuscode":233}},
{"type":"Feature","geometry":{"type":"Polygon","coordinates":[[[76.4665,30.0964],[76.4343,30.1598],[76.4018,30.1238],[76.3401,30.1058],[76.2628,30.1154],[76.2099,30.0344],[76.2008,30.0006],[76.2152,29.9405],[76.1939,29.8903],[76.2533,29.8653],[76.2208,29.839],[76.2192,29.8396],[76.2197,29.8247],[76.2215,29.8038],[76.2062,29.753],[76.1818,29.724],[76.2012,29.619],[76.2416,29.6056],[76.2449,29.5761],[76.2851,29.5462],[76.3358,29.581],[76.3449,29.5811],[76.3704,29.5758],[76.3912,29.5351],[76.4876,29.536],[76.4937,29.516],[76.5009,29.5266],[76.5246,29.5399],[76.5656,29.6292],[76.6028,29.6283],[76.6522,29.6697],[76.7007,29.6699],[76.6876,29.758],[76.7132,29.8191],[76.6891,29.8257],[76.6942,29.8927],[76.7297,29.8842],[76.7556,29.9249],[76.6905,29.9167],[76.6674,29.9566],[76.6177,29.9187],[76.5965,29.877],[76.5543,29.8577],[76.5222,29.8969],[76.4705,29.9119],[76.4826,29.9557],[76.4624,30.001],[76.4242,30.0441],[76.4665,30.0964]]]},"properties":{"DISTRICT":"Kaithal","ST_NM":"Haryana","ST_CEN_CD":6,"DT_CEN_CD":5,"censuscode":73}},
{"type":"Feature","geometry":{"type":"Polygon","coordinates":[[[83.6526,20.3894],[83.6501,20.3883],[83.6489,20.3861],[83.6565,20.3702],[83.6301,20.3686],[83.6252,20.3507],[83.5753,20.3675],[83.5712,20.3882],[83.4909,20.4157],[83.4878,20.454],[83.4236,20.4033],[83.4123,20.3725],[83.3439,20.3168],[83.3004,20.3035],[83.2431,20.2604],[83.2264,20.205],[83.1837,20.1728],[83.1456,20.1702],[83.091,20.1987],[83.0134,20.1704],[82.9324,20.1793],[82.9113,20.1485],[82.825,20.1655],[82.8115,20.0993],[82.7904,20.1016],[82.7387,20.0243],[82.7048,19.9978],[82.7185,19.9884],[82.708,19.9119],[82.7186,19.854],[82.7061,19.8323],[82.6534,19.8308],[82.6265,19.7916],[82.5927,19.7765],[82.6032,19.7464],[82.5688,19.7343],[82.5722,19.6727],[82.5499,19.6098],[82.5691,19.543],[82.6454,19.5072],[82.6341,19.4823],[82.6936,19.417],[82.715,19.3584],[82.7573,19.328],[82.7873,19.3421],[82.8378,19.3249],[82.8257,19.2557],[82.8056,19.2368],[82.839,19.2349],[82.8483,19.2087],[82.8566,19.2035],[82.8635,19.2061],[82.8725,19.1996],[82.8788,19.1841],[82.8824,19.1881],[82.8862,19.1899],[82.9023,19.2294],[82.8908,19.2543],[82.9188,19.3046],[82.9575,19.3249],[82.9369,19.4077],[82.9394,19.4497],[82.9918,19.4473],[83,19.4982],[83.027,19.5124],[83.0468,19.5572],[83.0735,19.5618],[83.1215,19.5009],[83.1355,19.5092],[83.1682,19.4321],[83.2453,19.5059],[83.2637,19.5519],[83.2669,19.5987],[83.3332,19.5962],[83.3734,19.6202],[83.3862,19.667],[83.4151,19.6837],[83.4558,19.74],[83.4543,19.7882],[83.4275,19.8444],[83.4086,19.9234],[83.4429,19.9332],[83.4489,19.9688],[83.4523,19.9725],[83.4745,19.9638],[83.4814,19.9635],[83.4852,19.9611],[83.4937,19.9594],[83.4962,19.9596],[83.5003,19.966],[83.5036,19.9736],[83.5032,19.9919],[83.5444,20.022],[83.5747,20.0877],[83.5844,20.0931],[83.5893,20.1002],[83.5849,20.1092],[83.5841,20.1147],[83.5894,20.1136],[83.5924,20.1119],[83.6019,20.1039],[83.6136,20.1042],[83.618,20.0987],[83.6291,20.0946],[83.6333,20.0913],[83.6357,20.0899],[83.6398,20.0918],[83.6485,20.0976],[83.6644,20.1089],[83.6781,20.1126],[83.6965,20.1015],[83.7047,20.1025],[83.711,20.1024],[83.7149,20.107],[83.719,20.1158],[83.7177,20.13],[83.7195,20.1325],[83.7239,20.1311],[83.7276,20.128],[83.7303,20.1329],[83.7315,20.1376],[83.7295,20.1433],[83.7341,20.1493],[83.7908,20.1807],[83.7712,20.2083],[83.7205,20.2389],[83.7057,20.3703],[83.6914,20.3731],[83.6868,20.3754],[83.6642,20.3835],[83.6579,20.3848],[83.6541,20.3872],[83.6526,20.3894]]]},"properties":{"DISTRICT":"Kalahandi","ST_NM":"Odisha","ST_CEN_CD":21,"DT_CEN_CD":26,"censuscode":395}},
{"type":"Feature","geometry":{"type":"Polygon","coordinates":[[[91.7831,26.4937],[91.7478,26.4991],[91.7114,26.4608],[91.663,26.47],[91.6415,26.513],[91.5977,26.5365],[91.5708,26.5723],[91.57,26.5726],[91.5695,26.5706],[91.5686,26.5659],[91.568,26.564],[91.562,26.5535],[91.5547,26.546],[91.558,26.54],[91.5669,26.4332],[91.5279,26.3779],[91.528,26.3298],[91.4592,26.318],[91.4536,26.2726],[91.4205,26.265],[91.4159,26.1362],[91.3587,26.1644],[91.2576,26.1632],[91.2368,26.1822],[91.1192,26.1534],[91.0939,26.1638],[91.0517,26.1283],[91.0052,26.1294],[90.9391,26.0938],[91.0298,26.0397],[91.0692,26.0439],[91.1007,26.0092],[91.0511,25.941],[91.0323,25.8875],[91.0038,25.8217],[91.0521,25.8482],[91.0695,25.8252],[91.1237,25.8307],[91.1558,25.8494],[91.2055,25.8399],[91.1827,25.7757],[91.1914,25.7383],[91.2266,25.7227],[91.2783,25.7462],[91.3452,25.8353],[91.4713,25.8581],[91.4723,25.8578],[91.4666,25.9415],[91.4751,25.9899],[91.4529,26.0321],[91.4802,26.0513],[91.5269,26.0336],[91.543,26.1356],[91.5654,26.1423],[91.6207,26.1067],[91.6907,26.167],[91.7471,26.1944],[91.7616,26.2],[91.7553,26.2047],[91.787,26.244],[91.7871,26.2962],[91.822,26.3248],[91.8206,26.379],[91.7832,26.4112],[91.7669,26.4662],[91.7812,26.4914],[91.7831,26.4937]]]},"properties":{"DISTRICT":"Kamrup","ST_NM":"Assam","ST_CEN_CD":18,"DT_CEN_CD":22,"censuscode":321}},
{"type":"Feature","geometry":{"type":"Polygon","coordinates":[[[92.1804,26.0779],[92.1651,26.1482],[92.132,26.1784],[92.0345,26.2077],[91.9999,26.2044],[91.956,26.2537],[91.8925,26.2189],[91.7617,26.1999],[91.7616,26.2],[91.7471,26.1944],[91.6907,26.167],[91.6207,26.1067],[91.5654,26.1423],[91.543,26.1356],[91.5269,26.0336],[91.4802,26.0513],[91.4529,26.0321],[91.4751,25.9899],[91.4666,25.9415],[91.4723,25.8578],[91.4776,25.8563],[91.486,25.8901],[91.5539,25.9739],[91.5727,26.0265],[91.6348,26.0214],[91.6326,25.9436],[91.6717,25.9043],[91.7226,25.9529],[91.7338,26.0581],[91.7929,26.0858],[91.8219,26.1175],[91.8783,26.0964],[91.8856,26.0287],[91.9362,26.0133],[91.9933,26.0396],[92.055,26.0313],[92.1352,26.0443],[92.1804,26.0779]]]},"properties":{"DISTRICT":"Kamrup Metropolitan","ST_NM":"Assam","ST_CEN_CD":18,"DT_CEN_CD":23,"censuscode":322}},
{"type":"Feature","geometry":{"type":"Polygon","coordinates":[[[80.2044,13.0282],[80.1483,13.0303],[80.1248,13.0602],[80.1266,13.1076],[80.0797,13.1425],[80.0306,13.1301],[79.9883,13.0913],[79.9715,13.0474],[79.8957,12.9464],[79.825,12.9633],[79.8206,13.0002],[79.7855,13.0221],[79.7349,12.985],[79.6609,12.9482],[79.662,12.9296],[79.573,12.8994],[79.5604,12.8496],[79.6399,12.8163],[79.6495,12.7735],[79.7026,12.7757],[79.7465,12.7428],[79.7373,12.6998],[79.6843,12.6676],[79.6485,12.6677],[79.6337,12.631],[79.6706,12.5922],[79.7258,12.5876],[79.7173,12.549],[79.7568,12.5181],[79.7386,12.4537],[79.7056,12.4133],[79.6636,12.3826],[79.6448,12.3452],[79.6853,12.3162],[79.718,12.336],[79.7525,12.3244],[79.7833,12.34],[79.825,12.3105],[79.8707,12.2443],[79.9042,12.2288],[79.9553,12.2311],[80.0048,12.2559],[80.0679,12.3487],[80.1382,12.4325],[80.1638,12.4782],[80.1638,12.5172],[80.2539,12.7669],[80.2472,12.7933],[80.2518,12.8775],[80.2733,12.9947],[80.215,12.9945],[80.2044,13.0282]]]},"properties":{"DISTRICT":"Kancheepuram","ST_NM":"Tamil Nadu","ST_CEN_CD":33,"DT_CEN_CD":3,"censuscode":604}},
{"type":"Feature","geometry":{"type":"Polygon","coordinates":[[[84.5129,20.3981],[84.4606,20.4024],[84.4655,20.4417],[84.3979,20.5273],[84.3857,20.6022],[84.3601,20.6689],[84.3427,20.6746],[84.3342,20.6891],[84.3191,20.6944],[84.3036,20.6928],[84.295,20.6887],[84.2784,20.6744],[84.2561,20.6051],[84.2359,20.5951],[84.2302,20.5901],[84.2215,20.5872],[84.1889,20.5908],[84.1784,20.6046],[84.1686,20.6014],[84.1547,20.5934],[84.1531,20.5893],[84.1476,20.5845],[84.1457,20.584],[84.1345,20.5898],[84.1182,20.5879],[84.104,20.5992],[84.0969,20.5978],[84.0848,20.5918],[84.0745,20.5981],[84.056,20.5955],[84.0446,20.5905],[84.0364,20.5852],[84.0326,20.5796],[84.0162,20.5709],[84.007,20.5696],[83.9961,20.5723],[83.9856,20.5814],[83.9788,20.5848],[83.9725,20.5863],[83.9498,20.581],[83.9432,20.5825],[83.9343,20.5892],[83.938,20.6033],[83.9284,20.6075],[83.9199,20.6167],[83.9171,20.6163],[83.9182,20.6095],[83.9202,20.606],[83.9156,20.5991],[83.9129,20.5872],[83.9148,20.5802],[83.9116,20.5784],[83.8946,20.5801],[83.8806,20.58],[83.8727,20.579],[83.8584,20.5722],[83.8064,20.511],[83.8097,20.4322],[83.7945,20.4352],[83.7877,20.4431],[83.7828,20.4247],[83.7827,20.4134],[83.7789,20.412],[83.7702,20.4144],[83.7606,20.4251],[83.755,20.4279],[83.7506,20.4284],[83.7512,20.4241],[83.7464,20.4222],[83.7359,20.4257],[83.7293,20.4331],[83.7222,20.4347],[83.7155,20.4303],[83.7098,20.4248],[83.6955,20.4161],[83.6899,20.4164],[83.6859,20.4196],[83.6802,20.4291],[83.6753,20.4287],[83.6702,20.4247],[83.666,20.423],[83.6663,20.4229],[83.6656,20.4202],[83.6633,20.4179],[83.6583,20.4131],[83.6605,20.4036],[83.6543,20.3904],[83.6526,20.3894],[83.6541,20.3872],[83.6579,20.3848],[83.6642,20.3835],[83.6868,20.3754],[83.6914,20.3731],[83.7057,20.3703],[83.7205,20.2389],[83.7712,20.2083],[83.7908,20.1807],[83.7341,20.1493],[83.7295,20.1433],[83.7315,20.1376],[83.7303,20.1329],[83.7276,20.128],[83.7239,20.1311],[83.7195,20.1325],[83.7177,20.13],[83.719,20.1158],[83.7149,20.107],[83.711,20.1024],[83.6965,20.1015],[83.6877,20.1053],[83.6781,20.1126],[83.6644,20.1089],[83.6485,20.0976],[83.6398,20.0918],[83.6357,20.0899],[83.6019,20.1039],[83.5924,20.1119],[83.5894,20.1136],[83.5841,20.1147],[83.5849,20.1092],[83.5893,20.1002],[83.5844,20.0931],[83.5747,20.0877],[83.5444,20.022],[83.5032,19.9919],[83.5036,19.9736],[83.5003,19.966],[83.4962,19.9596],[83.5624,19.9247],[83.528,19.8744],[83.5453,19.8428],[83.6195,19.815],[83.6283,19.7425],[83.6449,19.7036],[83.6375,19.6724],[83.701,19.6862],[83.724,19.6684],[83.7289,19.6586],[83.7344,19.6545],[83.7405,19.6545],[83.7443,19.658],[83.7508,19.6663],[83.7612,19.6746],[83.7677,19.7083],[83.7691,19.7129],[83.7728,19.7142],[83.7811,19.7118],[83.7927,19.7116],[83.8088,19.7168],[83.814,19.717],[83.8308,19.7095],[83.8435,19.7096],[83.874,19.6741],[83.9206,19.6792],[83.9432,19.635],[83.9504,19.634],[83.9557,19.6336],[83.9762,19.6205],[83.9847,19.6214],[83.9995,19.6259],[84.0041,19.6267],[84.0112,19.6176],[84.0146,19.6234],[84.0228,19.6249],[84.0289,19.6324],[84.0339,19.632],[84.0391,19.6298],[84.0479,19.6251],[84.0612,19.6302],[84.135,19.6278],[84.151,19.5867],[84.2089,19.5888],[84.2277,19.5734],[84.2349,19.5716],[84.2388,19.5718],[84.2411,19.5752],[84.2411,19.5753],[84.2347,19.597],[84.2359,19.609],[84.2272,19.6258],[84.2471,19.6419],[84.162,19.7342],[84.1499,19.756],[84.1335,19.7762],[84.1329,19.7798],[84.1668,19.7859],[84.1725,19.7899],[84.1744,19.7923],[84.1686,19.8037],[84.1741,19.8196],[84.2021,19.8347],[84.1853,19.8597],[84.1868,19.8607],[84.1953,19.8598],[84.2348,19.8677],[84.2532,19.8717],[84.2781,19.8782],[84.2904,19.8935],[84.3079,19.9056],[84.3173,19.8867],[84.3213,19.8768],[84.3832,19.8416],[84.4243,19.835],[84.4334,19.8373],[84.4415,19.8302],[84.4458,19.8304],[84.451,19.8351],[84.446,19.8434],[84.4606,19.853],[84.47,19.9392],[84.4338,19.9583],[84.3772,19.9659],[84.3333,20.0106],[84.4155,20.0538],[84.4019,20.0725],[84.4152,20.1199],[84.4357,20.1559],[84.4292,20.1855],[84.4357,20.1955],[84.4356,20.2024],[84.4375,20.2059],[84.4463,20.2068],[84.4587,20.1882],[84.4533,20.1697],[84.4789,20.1464],[84.5062,20.1405],[84.5644,20.1408],[84.5645,20.1461],[84.559,20.1611],[84.5872,20.1739],[84.5766,20.2058],[84.5475,20.2445],[84.5465,20.3218],[84.4894,20.3387],[84.5198,20.3725],[84.5129,20.3981]]]},"properties":{"DISTRICT":"Kandhamal","ST_NM":"Odisha","ST_CEN_CD":21,"DT_CEN_CD":21,"censuscode":390}},
{"type":"Feature","geometry":{"type":"Polygon","coordinates":[[[77.0747,32.397],[77.0588,32.4292],[76.9526,32.4032],[76.8653,32.4611],[76.7869,32.4063],[76.7732,32.3595],[76.7732,32.2272],[76.7371,32.1877],[76.6734,32.179],[76.625,32.1925],[76.5901,32.2211],[76.5044,32.2333],[76.4245,32.2645],[76.3558,32.3266],[76.2949,32.3401],[76.2595,32.393],[76.2232,32.3955],[76.1697,32.351],[76.1604,32.3179],[76.1805,32.2454],[76.1437,32.2254],[76.0866,32.2711],[76.0474,32.2644],[76.017,32.2908],[76.0198,32.3379],[75.9746,32.3909],[75.9269,32.4087],[75.8596,32.3789],[75.7518,32.2734],[75.6912,32.2638],[75.6378,32.2346],[75.6353,32.185],[75.6706,32.1457],[75.5936,32.0814],[75.6134,32.0657],[75.6643,32.0768],[75.7489,32.0367],[75.81,31.9878],[75.8513,31.9807],[75.9094,31.9487],[75.959,31.8562],[76.0475,31.8616],[76.1149,31.8055],[76.2038,31.7729],[76.2239,31.7427],[76.2896,31.6866],[76.3139,31.7217],[76.3028,31.7762],[76.3526,31.7934],[76.4615,31.8053],[76.4678,31.827],[76.5199,31.844],[76.5684,31.8898],[76.606,31.894],[76.6407,31.8747],[76.6752,31.8945],[76.6941,31.9326],[76.6628,32.0307],[76.6797,32.0481],[76.7381,32.0301],[76.7871,32.0734],[76.8424,32.0411],[76.9394,32.0628],[76.9462,32.1124],[76.9887,32.1109],[76.987,32.1543],[77.0055,32.2],[77.0524,32.226],[77.0317,32.2474],[77.0307,32.3067],[77.0747,32.397]]]},"properties":{"DISTRICT":"Kangra","ST_NM":"Himachal Pradesh","ST_CEN_CD":2,"DT_CEN_CD":2,"censuscode":24}},
{"type":"Feature","geometry":{"type":"Polygon","coordinates":[[[81.412,20.5522],[81.3889,20.5342],[81.316,20.5505],[81.2229,20.4169],[81.177,20.4041],[81.1535,20.3777],[81.0728,20.42],[81.0504,20.4211],[81.0005,20.4587],[80.946,20.4407],[80.8865,20.3852],[80.8664,20.3851],[80.8315,20.3085],[80.7305,20.2669],[80.7291,20.2024],[80.6911,20.191],[80.6675,20.2218],[80.6247,20.1874],[80.5851,20.1752],[80.5473,20.1123],[80.5532,20.0682],[80.5396,20.0065],[80.5512,19.9842],[80.5274,19.9336],[80.4768,19.9363],[80.4507,19.9553],[80.4096,19.9122],[80.4514,19.8962],[80.4968,19.8964],[80.4673,19.8308],[80.5249,19.8317],[80.5513,19.8141],[80.5468,19.7776],[80.5892,19.7412],[80.6203,19.7321],[80.6726,19.6913],[80.7256,19.6979],[80.7154,19.7744],[80.7668,19.804],[80.7278,19.8335],[80.7602,19.8671],[80.8345,19.9048],[80.8896,19.9706],[80.8981,20.0275],[80.9488,20.0715],[81.0078,20.0946],[81.0464,20.0852],[81.072,20.0479],[81.0372,19.9718],[81.0642,19.9314],[81.0115,19.8994],[80.9985,19.8332],[81.0671,19.7058],[81.0941,19.6902],[81.1009,19.689],[81.1403,19.6904],[81.1548,19.716],[81.1377,19.7853],[81.1787,19.8024],[81.1922,19.7793],[81.2442,19.8053],[81.3017,19.7982],[81.3459,19.8317],[81.356,19.8324],[81.3936,19.8327],[81.3921,19.8343],[81.4009,19.883],[81.3306,19.9352],[81.2933,20.0167],[81.3602,20.0448],[81.3895,20.0459],[81.4019,20.1137],[81.4213,20.1552],[81.4482,20.1456],[81.5893,20.1936],[81.617,20.1584],[81.6798,20.1293],[81.7543,20.1628],[81.8169,20.1691],[81.8056,20.2111],[81.7776,20.2326],[81.7976,20.3294],[81.7653,20.3596],[81.7696,20.3872],[81.737,20.4278],[81.7372,20.4822],[81.6956,20.4823],[81.621,20.5149],[81.431,20.5164],[81.412,20.5522]]]},"properties":{"DISTRICT":"Uttar Bastar Kanker","ST_NM":"Chhattisgarh","ST_CEN_CD":22,"DT_CEN_CD":14,"censuscode":413}},
{"type":"Feature","geometry":{"type":"Polygon","coordinates":[[[79.7259,27.2164],[79.6971,27.2142],[79.6807,27.1714],[79.6331,27.1837],[79.5618,27.1587],[79.522,27.2094],[79.4479,27.2104],[79.3947,27.1962],[79.3909,27.1204],[79.4339,27.0668],[79.4015,27.049],[79.382,26.9861],[79.3271,26.9604],[79.3374,26.9383],[79.3939,26.9264],[79.4387,26.941],[79.4629,26.9028],[79.5605,26.8607],[79.6108,26.8921],[79.6613,26.8884],[79.6653,26.8652],[79.7262,26.8021],[79.7592,26.7833],[79.8417,26.7717],[79.8896,26.8106],[79.8974,26.8497],[79.9383,26.8464],[79.9464,26.845],[79.9447,26.9437],[80.0208,26.9526],[79.9749,27.035],[79.9759,27.0647],[79.9226,27.0976],[79.9056,27.1465],[79.8595,27.1728],[79.8051,27.1682],[79.7259,27.2164]]]},"properties":{"DISTRICT":"Kannauj","ST_NM":"Uttar Pradesh","ST_CEN_CD":9,"DT_CEN_CD":29,"censuscode":160}},
{"type":"Feature","geometry":{"type":"Polygon","coordinates":[[[77.5911,8.1418],[77.5392,8.1759],[77.5461,8.2429],[77.576,8.253],[77.5324,8.3184],[77.5395,8.3876],[77.4928,8.3803],[77.465,8.4282],[77.4722,8.456],[77.4249,8.5131],[77.3744,8.52],[77.3632,8.5415],[77.2704,8.5794],[77.2841,8.5458],[77.2666,8.5097],[77.2098,8.4963],[77.2077,8.4428],[77.1728,8.3853],[77.1691,8.3298],[77.1412,8.3307],[77.1001,8.2914],[77.1871,8.2198],[77.2768,8.164],[77.3175,8.1214],[77.3611,8.1233],[77.3901,8.1074],[77.5046,8.08],[77.5556,8.0788],[77.5631,8.1217],[77.5911,8.1418]]]},"properties":{"DISTRICT":"Kanniyakumari","ST_NM":"Tamil Nadu","ST_CEN_CD":33,"DT_CEN_CD":28,"censuscode":629}},
{"type":"Feature","geometry":{"type":"Polygon","coordinates":[[[75.9306,11.9388],[75.8819,11.9466],[75.8293,11.9901],[75.8047,12.036],[75.7999,12.0799],[75.7674,12.0842],[75.7213,12.0677],[75.6883,12.1078],[75.652,12.111],[75.6389,12.1478],[75.5804,12.1561],[75.4856,12.2913],[75.4217,12.2914],[75.3487,12.2678],[75.3078,12.2706],[75.2935,12.2366],[75.2336,12.2205],[75.187,12.1727],[75.1921,12.1002],[75.183,12.0608],[75.2019,12.0177],[75.2493,12.0161],[75.3317,11.8943],[75.3844,11.8602],[75.4637,11.7644],[75.5291,11.7053],[75.5442,11.7035],[75.5642,11.6799],[75.6033,11.6876],[75.6103,11.7173],[75.686,11.7763],[75.7772,11.7977],[75.8076,11.8545],[75.9286,11.8431],[75.9371,11.8937],[75.9306,11.9388]],[[75.5303,11.7291],[75.5368,11.7474],[75.5331,11.7527],[75.5334,11.7557],[75.5357,11.7583],[75.5436,11.7593],[75.5455,11.7543],[75.5465,11.7414],[75.5588,11.7251],[75.5593,11.7211],[75.5553,11.7175],[75.5491,11.7152],[75.5466,11.7159],[75.5406,11.7141],[75.5331,11.7175],[75.5283,11.7202],[75.5289,11.727],[75.5303,11.7291]]]},"properties":{"DISTRICT":"Kannur","ST_NM":"Kerala","ST_CEN_CD":32,"DT_CEN_CD":2,"censuscode":589}},
{"type":"Feature","geometry":{"type":"Polygon","coordinates":[[[79.9464,26.845],[79.9383,26.8464],[79.8974,26.8497],[79.8896,26.8106],[79.8417,26.7717],[79.7592,26.7833],[79.7167,26.7491],[79.7232,26.6655],[79.6746,26.6144],[79.6424,26.6062],[79.6394,26.508],[79.6008,26.4817],[79.5627,26.4095],[79.5037,26.3638],[79.5263,26.3426],[79.5491,26.2752],[79.5835,26.2563],[79.6522,26.2423],[79.6505,26.2107],[79.7302,26.1842],[79.7457,26.1444],[79.7869,26.1084],[79.839,26.101],[79.8681,26.1145],[79.9216,26.0908],[79.9653,26.1577],[79.9663,26.1552],[79.9675,26.1562],[79.9731,26.157],[79.9838,26.1547],[80.0226,26.1781],[80.0049,26.1935],[80.0171,26.2637],[80.0963,26.2802],[80.1161,26.263],[80.1669,26.3042],[80.1495,26.3472],[80.132,26.4758],[80.166,26.5208],[80.1621,26.5335],[80.1258,26.5741],[80.023,26.6082],[80.0181,26.6979],[79.9612,26.7614],[79.957,26.7951],[79.9464,26.845]]]},"properties":{"DISTRICT":"Kanpur Dehat","ST_NM":"Uttar Pradesh","ST_CEN_CD":9,"DT_CEN_CD":32,"censuscode":163}},
{"type":"Feature","geometry":{"type":"Polygon","coordinates":[[[80.0208,26.9526],[79.9447,26.9437],[79.9464,26.845],[79.957,26.7951],[79.9612,26.7614],[80.0181,26.6979],[80.023,26.6082],[80.1258,26.5741],[80.1621,26.5335],[80.166,26.5208],[80.132,26.4758],[80.1495,26.3472],[80.1669,26.3042],[80.1161,26.263],[80.0963,26.2802],[80.0171,26.2637],[80.0049,26.1935],[80.0226,26.1781],[79.9838,26.1547],[79.9731,26.157],[79.9675,26.1562],[79.9663,26.1552],[79.968,26.1535],[79.9581,26.0781],[80.0127,26.0675],[80.0953,26.0779],[80.1085,26.0246],[80.0837,26.0051],[80.1417,25.9671],[80.2368,25.9225],[80.2172,25.9717],[80.248,25.9903],[80.2631,26.0484],[80.3024,26.0605],[80.3244,26.1135],[80.4502,26.1801],[80.5211,26.1881],[80.5671,26.2267],[80.5333,26.3575],[80.4224,26.4239],[80.4054,26.4566],[80.3479,26.4857],[80.2965,26.5477],[80.304,26.6057],[80.2591,26.6695],[80.2332,26.6873],[80.1865,26.6868],[80.1332,26.7428],[80.105,26.8377],[80.1069,26.8716],[80.0517,26.9191],[80.0208,26.9526]]]},"properties":{"DISTRICT":"Kanpur Nagar","ST_NM":"Uttar Pradesh","ST_CEN_CD":9,"DT_CEN_CD":33,"censuscode":164}},
{"type":"Feature","geometry":{"type":"Polygon","coordinates":[[[79.2093,27.707],[79.2118,27.7393],[79.1694,27.7792],[79.1628,27.819],[79.1232,27.8471],[79.0221,27.8422],[78.9872,27.8731],[78.9651,27.8507],[78.8178,27.9522],[78.7277,27.9611],[78.6802,28.0007],[78.6715,28.035],[78.6206,28.0388],[78.6003,27.9802],[78.5522,27.9091],[78.5306,27.904],[78.4938,27.8546],[78.5172,27.8115],[78.4788,27.8076],[78.4874,27.7492],[78.4946,27.7454],[78.5146,27.7399],[78.5185,27.7431],[78.5235,27.7456],[78.5264,27.7496],[78.536,27.7537],[78.5304,27.7691],[78.6039,27.7658],[78.6059,27.7478],[78.6757,27.7349],[78.6976,27.6858],[78.744,27.6424],[78.8077,27.6079],[78.8914,27.5867],[78.9289,27.5588],[78.9657,27.564],[78.9834,27.5978],[78.9793,27.6485],[79.1025,27.5574],[79.1259,27.555],[79.1491,27.5693],[79.1601,27.5699],[79.169,27.5761],[79.1776,27.5836],[79.175,27.5843],[79.1841,27.6133],[79.1342,27.6318],[79.1357,27.7026],[79.2093,27.707]]]},"properties":{"DISTRICT":"Kansiram Nagar","ST_NM":"Uttar Pradesh","ST_CEN_CD":9,"DT_CEN_CD":71,"censuscode":202}},
{"type":"Feature","geometry":{"type":"MultiPolygon","coordinates":[[[[75.595,31.6048],[75.5707,31.6382],[75.4757,31.6514],[75.4213,31.6231],[75.4049,31.5944],[75.3191,31.5394],[75.2797,31.4831],[75.2725,31.482],[75.2274,31.424],[75.1921,31.4319],[75.1876,31.4179],[75.1461,31.3342],[75.0842,31.2724],[75.0508,31.1919],[74.9492,31.1499],[74.9843,31.1359],[75.0243,31.1565],[75.0741,31.1444],[75.1304,31.1693],[75.2293,31.1554],[75.3464,31.2324],[75.3922,31.2459],[75.4622,31.2381],[75.4913,31.2712],[75.4556,31.285],[75.4896,31.3231],[75.5141,31.3902],[75.4522,31.3887],[75.4415,31.4178],[75.4707,31.4561],[75.4613,31.5048],[75.527,31.4796],[75.522,31.5313],[75.6,31.5668],[75.595,31.6048]]],[[[75.892,31.2758],[75.8542,31.2957],[75.8965,31.3403],[75.7884,31.37],[75.7595,31.3304],[75.6863,31.3194],[75.6714,31.2406],[75.7068,31.1663],[75.779,31.1656],[75.7879,31.1986],[75.8121,31.2221],[75.9021,31.2559],[75.892,31.2758]]]]},"properties":{"DISTRICT":"Kapurthala","ST_NM":"Punjab","ST_CEN_CD":3,"DT_CEN_CD":2,"censuscode":36}},
{"type":"Feature","geometry":{"type":"MultiPolygon","coordinates":[[[[93.7732,25.9619],[93.8021,25.977],[93.7831,26.039],[93.8356,26.1603],[93.837,26.2067],[93.8772,26.2656],[93.8918,26.3421],[93.8852,26.3871],[93.8289,26.4173],[93.8003,26.3897],[93.7888,26.4634],[93.7373,26.5496],[93.7399,26.5854],[93.6868,26.606],[93.6269,26.5905],[93.5607,26.6083],[93.4137,26.5675],[93.4041,26.5806],[93.3045,26.5782],[93.254,26.5681],[93.2103,26.5179],[93.1893,26.5675],[93.1078,26.5309],[93.047,26.5354],[93.0088,26.4937],[93.0721,26.4893],[93.0936,26.4683],[93.0575,26.4212],[93.0063,26.4257],[92.9148,26.3923],[92.915,26.3553],[92.9441,26.3266],[92.8815,26.2856],[92.8502,26.3043],[92.8219,26.2652],[92.8208,26.2151],[92.9443,26.2008],[92.9439,26.1521],[92.9703,26.1285],[93.1083,26.0701],[93.1602,25.9904],[93.188,25.9023],[93.2368,25.8531],[93.2521,25.7867],[93.223,25.7252],[93.185,25.7295],[93.1451,25.7129],[93.1334,25.6838],[93.192,25.6253],[93.1731,25.5953],[93.2007,25.557],[93.307,25.5286],[93.3318,25.5433],[93.3735,25.5656],[93.4184,25.6174],[93.4834,25.642],[93.5439,25.6993],[93.5735,25.7527],[93.6224,25.7759],[93.6486,25.82],[93.7065,25.8492],[93.6878,25.9054],[93.7502,25.9332],[93.7732,25.9619]]],[[[93.0726,25.7746],[92.9872,25.8751],[92.8769,25.8668],[92.8495,25.9047],[92.8052,25.9186],[92.7652,25.964],[92.7771,25.9937],[92.7495,26.0403],[92.7173,26.0214],[92.6709,26.028],[92.6584,25.9986],[92.5937,25.9645],[92.5729,26.0008],[92.5993,26.0761],[92.5306,26.1428],[92.4712,26.1463],[92.4319,26.1103],[92.4023,26.1382],[92.3881,26.1397],[92.3035,26.0747],[92.2577,26.0272],[92.1675,25.9628],[92.1618,25.9136],[92.2268,25.8999],[92.1829,25.8699],[92.1549,25.8111],[92.1665,25.7431],[92.1621,25.6716],[92.2384,25.7066],[92.3405,25.725],[92.3729,25.7445],[92.4178,25.7385],[92.4356,25.6855],[92.4667,25.6804],[92.499,25.6248],[92.5587,25.6098],[92.562,25.572],[92.5884,25.5507],[92.6616,25.5794],[92.7032,25.5997],[92.7508,25.6001],[92.8128,25.702],[92.8223,25.7399],[92.9222,25.7707],[92.9326,25.803],[92.9722,25.7901],[93.0203,25.7958],[93.0726,25.7746]]]]},"properties":{"DISTRICT":"Karbi Anglong","ST_NM":"Assam","ST_CEN_CD":18,"DT_CEN_CD":15,"censuscode":314}},
{"type":"Feature","geometry":{"type":"Polygon","coordinates":[[[77.2383,32.8949],[77.2587,32.9248],[77.2716,33.0213],[77.2618,33.0519],[77.2665,33.1264],[77.3358,33.2057],[77.3346,33.2854],[77.3454,33.3616],[77.4391,33.4287],[77.5252,33.5246],[77.53,33.5806],[77.4898,33.6097],[77.3279,33.6279],[77.2719,33.7131],[77.2235,33.7456],[77.1546,33.7612],[77.0936,33.7582],[76.978,33.7756],[76.9174,33.8233],[76.7976,33.8678],[76.7124,33.9222],[76.6353,34.0207],[76.6333,34.0936],[76.6723,34.1885],[76.7112,34.2461],[76.6806,34.2885],[76.6503,34.4259],[76.6156,34.5311],[76.5993,34.6074],[76.5686,34.643],[76.4824,34.682],[76.4125,34.8007],[76.3751,34.8331],[76.3075,34.8616],[76.2521,34.831],[76.1947,34.7664],[76.121,34.7086],[76.0473,34.6744],[75.9898,34.6725],[75.8853,34.65],[75.8156,34.6428],[75.7051,34.6116],[75.3924,34.5434],[75.3999,34.4227],[75.4336,34.3501],[75.3582,34.352],[75.4073,34.3329],[75.5287,34.2661],[75.625,34.2346],[75.631,34.2227],[75.6863,34.2317],[75.7074,34.2158],[75.7417,34.1981],[75.7935,34.1035],[75.8631,34.0699],[75.9431,33.9872],[76.0163,34.0011],[76.0571,33.986],[76.1105,33.8946],[76.19,33.8203],[76.2105,33.7864],[76.2209,33.6949],[76.2496,33.6085],[76.3124,33.6221],[76.3224,33.6476],[76.367,33.6731],[76.3974,33.668],[76.4705,33.6087],[76.4847,33.585],[76.5818,33.5154],[76.598,33.4764],[76.6647,33.4289],[76.6867,33.339],[76.7533,33.3219],[76.796,33.2549],[76.84,33.2475],[76.816,33.1723],[76.8704,33.1104],[76.8951,33.113],[76.9352,33.0323],[77.0161,32.988],[77.053,32.9981],[77.0926,32.9716],[77.1541,32.9787],[77.1751,32.9113],[77.2383,32.8949]]]},"properties":{"DISTRICT":"Kargil","ST_NM":"Jammu & Kashmir","ST_CEN_CD":1,"DT_CEN_CD":4,"censuscode":4}},
{"type":"Feature","geometry":{"type":"Polygon","coordinates":[[[92.4989,24.874],[92.4511,24.8742],[92.4027,24.8553],[92.3509,24.8877],[92.2505,24.9077],[92.237,24.861],[92.2718,24.8287],[92.2661,24.7124],[92.2262,24.68],[92.2396,24.6482],[92.2225,24.6089],[92.2334,24.581],[92.2334,24.5017],[92.2312,24.4586],[92.2566,24.4345],[92.2731,24.3867],[92.2128,24.2476],[92.2965,24.2499],[92.4221,24.2511],[92.4767,24.3228],[92.5065,24.4375],[92.5084,24.5324],[92.5191,24.567],[92.4973,24.674],[92.523,24.7403],[92.5449,24.7599],[92.5451,24.7986],[92.5891,24.8619],[92.5258,24.8587],[92.4989,24.874]]]},"properties":{"DISTRICT":"Karimganj","ST_NM":"Assam","ST_CEN_CD":18,"DT_CEN_CD":18,"censuscode":317}},
{"type":"Feature","geometry":{"type":"Polygon","coordinates":[[[79.9009,18.8346],[79.8508,18.81],[79.8103,18.726],[79.75,18.6923],[79.683,18.6882],[79.6555,18.7308],[79.5696,18.782],[79.5193,18.793],[79.4499,18.8527],[79.3891,18.8711],[79.3715,18.8409],[79.3196,18.823],[79.2809,18.8373],[79.2447,18.8729],[79.1912,18.8761],[79.1117,18.9539],[79.0781,19.0245],[79.0448,19.0515],[78.9762,19.0733],[78.9339,19.0591],[78.9108,19.0334],[78.8261,19.0556],[78.7593,19.0143],[78.6871,19.0274],[78.6364,18.981],[78.5914,18.9879],[78.5338,18.9436],[78.5224,18.9152],[78.5459,18.8761],[78.5514,18.8242],[78.5849,18.7382],[78.6422,18.7278],[78.6522,18.6598],[78.6792,18.6253],[78.6585,18.5999],[78.604,18.5781],[78.5945,18.5471],[78.5587,18.5366],[78.5264,18.4773],[78.5528,18.4309],[78.5376,18.3908],[78.5511,18.3384],[78.5421,18.3027],[78.5686,18.2298],[78.5939,18.2467],[78.6635,18.249],[78.698,18.2312],[78.7584,18.2286],[78.7797,18.2648],[78.8978,18.2391],[78.9424,18.2574],[78.9655,18.2165],[79.0095,18.2037],[79.0158,18.1427],[79.0428,18.1265],[79.0652,18.0848],[79.1269,18.0824],[79.0962,18.025],[79.2341,17.9802],[79.2916,18.0173],[79.3751,18.0198],[79.4613,18.0782],[79.4786,18.1145],[79.5131,18.1013],[79.5635,18.1056],[79.6236,18.1824],[79.5759,18.2798],[79.5867,18.3515],[79.5797,18.4255],[79.5971,18.4704],[79.6578,18.4727],[79.6854,18.4966],[79.7203,18.4952],[79.7626,18.472],[79.792,18.4309],[79.8273,18.4357],[79.813,18.4762],[79.857,18.485],[79.881,18.4446],[79.9256,18.4593],[79.8858,18.5106],[79.9589,18.5072],[80.025,18.4688],[80.0527,18.482],[80.105,18.4576],[80.0986,18.4316],[80.153,18.4134],[80.1472,18.3733],[80.1747,18.3487],[80.2189,18.3902],[80.2253,18.42],[80.2294,18.5526],[80.2694,18.5883],[80.3441,18.5953],[80.3037,18.6902],[80.2748,18.7224],[80.254,18.7058],[80.1653,18.7003],[80.1138,18.6818],[80.0535,18.7251],[80.0194,18.7708],[79.939,18.7883],[79.9009,18.8346]]]},"properties":{"DISTRICT":"Karimnagar","ST_NM":"Andhra Pradesh","ST_CEN_CD":28,"DT_CEN_CD":3,"censuscode":534}},
{"type":"Feature","geometry":{"type":"Polygon","coordinates":[[[77.2232,29.9359],[77.1312,29.9826],[77.1149,29.9908],[77.0944,29.9493],[77.0229,29.9449],[77.0022,29.9646],[76.9455,29.9225],[76.7948,29.9447],[76.7556,29.9249],[76.7297,29.8842],[76.6942,29.8927],[76.6891,29.8257],[76.7132,29.8191],[76.6876,29.758],[76.7007,29.6699],[76.6522,29.6697],[76.6028,29.6283],[76.5656,29.6292],[76.5246,29.5399],[76.5009,29.5266],[76.4928,29.5147],[76.4541,29.4042],[76.5152,29.4114],[76.5523,29.4578],[76.6422,29.4727],[76.6581,29.493],[76.6612,29.4922],[76.7321,29.4829],[76.7556,29.4664],[76.8061,29.4819],[76.837,29.4691],[76.8687,29.4904],[76.9635,29.4581],[77.0766,29.4407],[77.1346,29.4483],[77.1346,29.4811],[77.0962,29.5286],[77.1211,29.548],[77.0971,29.5959],[77.1438,29.6946],[77.1247,29.7437],[77.1642,29.7884],[77.1944,29.8684],[77.1916,29.8974],[77.2232,29.9359]]]},"properties":{"DISTRICT":"Karnal","ST_NM":"Haryana","ST_CEN_CD":6,"DT_CEN_CD":6,"censuscode":74}},
{"type":"Feature","geometry":{"type":"Polygon","coordinates":[[[78.1685,11.0109],[78.1065,11.0688],[78.0567,11.0741],[78.0273,11.0913],[77.9865,11.0896],[77.9323,11.0674],[77.8992,11.0307],[77.8664,11.0214],[77.8107,11.0676],[77.7784,11.0512],[77.791,11.0302],[77.7603,10.8995],[77.839,10.8324],[77.8671,10.7976],[77.836,10.7844],[77.8009,10.8048],[77.7763,10.789],[77.7841,10.7555],[77.8245,10.7503],[77.8092,10.679],[77.831,10.6315],[77.8969,10.6441],[77.9797,10.6378],[78.0075,10.6738],[78.0132,10.7278],[77.963,10.7601],[78.034,10.7801],[78.0981,10.7646],[78.1064,10.8049],[78.1731,10.8022],[78.1552,10.7439],[78.1463,10.6515],[78.166,10.6137],[78.1337,10.5731],[78.1978,10.5469],[78.246,10.5575],[78.2611,10.5804],[78.2942,10.7023],[78.3406,10.7059],[78.3777,10.7251],[78.4033,10.692],[78.5141,10.6922],[78.5673,10.7367],[78.5457,10.792],[78.5871,10.8292],[78.5491,10.8756],[78.489,10.8923],[78.4267,10.9466],[78.3823,10.9646],[78.3287,10.9585],[78.2798,10.9658],[78.199,10.959],[78.1685,11.0109]]]},"properties":{"DISTRICT":"Karur","ST_NM":"Tamil Nadu","ST_CEN_CD":33,"DT_CEN_CD":12,"censuscode":613}},
{"type":"Feature","geometry":{"type":"Polygon","coordinates":[[[75.4167,12.5017],[75.372,12.4884],[75.306,12.5023],[75.2723,12.5583],[75.303,12.6038],[75.2781,12.6164],[75.2394,12.5688],[75.2152,12.578],[75.2024,12.6297],[75.1557,12.6241],[75.162,12.6686],[75.1131,12.6804],[75.048,12.6645],[75.0498,12.7191],[75.003,12.718],[74.9916,12.7425],[75.0051,12.7898],[74.9538,12.7835],[74.863,12.7583],[74.8964,12.6939],[74.9809,12.488],[75.0411,12.3904],[75.0904,12.2889],[75.183,12.0608],[75.1921,12.1002],[75.187,12.1727],[75.2336,12.2205],[75.2935,12.2366],[75.3078,12.2706],[75.3487,12.2678],[75.4217,12.2914],[75.4125,12.3463],[75.4238,12.3717],[75.3808,12.3916],[75.3686,12.4566],[75.4057,12.4525],[75.4167,12.5017]]]},"properties":{"DISTRICT":"Kasaragod","ST_NM":"Kerala","ST_CEN_CD":32,"DT_CEN_CD":1,"censuscode":588}},
{"type":"Feature","geometry":{"type":"Polygon","coordinates":[[[75.8886,32.576],[75.9399,32.6435],[75.9152,32.6806],[75.929,32.7571],[75.8904,32.8139],[75.8247,32.8538],[75.8245,32.8538],[75.6979,32.8109],[75.6543,32.7546],[75.5902,32.7389],[75.4879,32.7398],[75.4705,32.6888],[75.4206,32.668],[75.3718,32.6304],[75.3099,32.5618],[75.246,32.5408],[75.2474,32.4916],[75.2014,32.4095],[75.2589,32.3648],[75.318,32.3345],[75.3396,32.3424],[75.483,32.3179],[75.5311,32.2982],[75.5396,32.3403],[75.6082,32.3819],[75.6636,32.3889],[75.7272,32.4181],[75.7617,32.4763],[75.8202,32.4869],[75.8886,32.576]]]},"properties":{"DISTRICT":"Kathua","ST_NM":"Jammu & Kashmir","ST_CEN_CD":1,"DT_CEN_CD":7,"censuscode":7}},
{"type":"Feature","geometry":{"type":"Polygon","coordinates":[[[87.4897,25.6732],[87.3398,25.6817],[87.2615,25.7169],[87.2554,25.7083],[87.2436,25.6984],[87.2621,25.669],[87.2544,25.5978],[87.2682,25.5579],[87.2292,25.5367],[87.2128,25.4839],[87.2351,25.4609],[87.2221,25.3902],[87.2776,25.3697],[87.2956,25.3986],[87.3402,25.4154],[87.4103,25.3901],[87.4567,25.3594],[87.4894,25.3669],[87.5436,25.3306],[87.5731,25.3343],[87.6128,25.3118],[87.69,25.3106],[87.7136,25.2569],[87.789,25.2467],[87.7933,25.2211],[87.8549,25.254],[87.8561,25.298],[87.7874,25.3389],[87.7946,25.3727],[87.7689,25.396],[87.7924,25.4491],[87.8145,25.4346],[87.8316,25.4457],[87.8397,25.465],[87.8554,25.4654],[87.8565,25.4687],[87.8693,25.4658],[87.8701,25.4683],[87.8697,25.4707],[87.8664,25.4782],[87.8757,25.5034],[87.93,25.536],[87.9614,25.5384],[88.01,25.4944],[88.0673,25.486],[88.0761,25.4809],[88.0738,25.4972],[88.0745,25.5134],[88.0328,25.5536],[88.0472,25.6058],[88.0417,25.6413],[88.0567,25.6861],[87.9856,25.7187],[87.907,25.7805],[87.9171,25.8519],[87.8291,25.8716],[87.8215,25.8113],[87.8044,25.7654],[87.7389,25.763],[87.6876,25.7452],[87.6691,25.6886],[87.5554,25.6798],[87.4897,25.6732]]]},"properties":{"DISTRICT":"Katihar","ST_NM":"Bihar","ST_CEN_CD":10,"DT_CEN_CD":10,"censuscode":212}},
{"type":"Feature","geometry":{"type":"Polygon","coordinates":[[[80.9582,24.0664],[80.8664,24.075],[80.8404,24.0261],[80.8094,24.0164],[80.8004,23.9734],[80.7612,23.9899],[80.7583,24.0293],[80.8008,24.0672],[80.7145,24.0697],[80.7457,24.1167],[80.7382,24.1352],[80.579,24.0497],[80.5353,24.0686],[80.5331,24.03],[80.4853,23.9954],[80.3576,23.967],[80.3099,23.9135],[80.2281,23.9504],[80.2358,23.9753],[80.1752,24.0005],[80.1569,23.944],[80.0602,23.9929],[80.0152,23.9758],[79.9711,23.8624],[79.9412,23.8286],[79.8662,23.8288],[79.8203,23.7397],[79.8281,23.6971],[79.9525,23.6645],[79.9306,23.6045],[79.9742,23.5682],[80.0474,23.5656],[80.0963,23.5882],[80.136,23.5885],[80.1784,23.5667],[80.2066,23.5829],[80.2345,23.5356],[80.1998,23.5238],[80.2097,23.4804],[80.2434,23.493],[80.2676,23.4512],[80.3092,23.4158],[80.3037,23.3667],[80.3241,23.321],[80.358,23.3066],[80.4036,23.3423],[80.4666,23.3527],[80.4861,23.3776],[80.5443,23.393],[80.5653,23.4676],[80.5459,23.4928],[80.5602,23.562],[80.6035,23.5883],[80.6516,23.6371],[80.6895,23.7344],[80.7305,23.7291],[80.8216,23.6693],[80.9042,23.6821],[80.892,23.7659],[80.9133,23.7866],[80.8946,23.8607],[80.8408,23.9107],[80.8356,23.9532],[80.8789,23.9907],[80.9312,24.058],[80.9582,24.0664]]]},"properties":{"DISTRICT":"Katni","ST_NM":"Madhya Pradesh","ST_CEN_CD":23,"DT_CEN_CD":33,"censuscode":450}},
{"type":"Feature","geometry":{"type":"Polygon","coordinates":[[[81.6144,25.5928],[81.5694,25.5679],[81.5312,25.6191],[81.4666,25.6345],[81.3689,25.7121],[81.405,25.7467],[81.3368,25.8101],[81.3149,25.7814],[81.2374,25.7419],[81.2115,25.642],[81.226,25.5949],[81.263,25.5442],[81.2192,25.4468],[81.1927,25.4524],[81.1515,25.4255],[81.1514,25.397],[81.2024,25.3652],[81.2497,25.3545],[81.265,25.3255],[81.325,25.3473],[81.3866,25.3347],[81.4033,25.3102],[81.3892,25.2719],[81.46,25.2586],[81.5501,25.29],[81.5502,25.2903],[81.5522,25.2928],[81.5986,25.3229],[81.6145,25.3393],[81.6362,25.3506],[81.692,25.3552],[81.7616,25.3423],[81.789,25.3193],[81.8164,25.342],[81.7954,25.3735],[81.7955,25.3769],[81.7999,25.3856],[81.8191,25.409],[81.8016,25.4694],[81.7602,25.4769],[81.7241,25.5114],[81.6669,25.5135],[81.6489,25.5786],[81.6144,25.5928]]]},"properties":{"DISTRICT":"Kaushambi","ST_NM":"Uttar Pradesh","ST_CEN_CD":9,"DT_CEN_CD":43,"censuscode":174}},
{"type":"Feature","geometry":{"type":"Polygon","coordinates":[[[86.798,20.7385],[86.7691,20.7351],[86.7534,20.7727],[86.7124,20.7742],[86.6522,20.7983],[86.6255,20.7967],[86.5446,20.754],[86.5443,20.6935],[86.4587,20.6699],[86.3754,20.5946],[86.2839,20.5839],[86.2531,20.5384],[86.2779,20.5173],[86.2684,20.4509],[86.2796,20.4247],[86.255,20.3665],[86.3033,20.356],[86.3444,20.3702],[86.4361,20.3393],[86.562,20.3275],[86.5979,20.3446],[86.6595,20.3344],[86.7118,20.3008],[86.7778,20.3438],[86.7332,20.4105],[86.7386,20.4603],[86.7872,20.5288],[86.9321,20.6318],[87.0151,20.6833],[86.9993,20.763],[86.8976,20.763],[86.8572,20.7727],[86.798,20.7385]]]},"properties":{"DISTRICT":"Kendrapara","ST_NM":"Odisha","ST_CEN_CD":21,"DT_CEN_CD":10,"censuscode":379}},
{"type":"Feature","geometry":{"type":"Polygon","coordinates":[[[85.6779,22.0554],[85.6506,22.0941],[85.5971,22.0783],[85.4919,22.1202],[85.4165,22.1597],[85.3694,22.1581],[85.2804,22.0837],[85.2372,22.004],[85.2727,21.9618],[85.3475,21.9506],[85.3773,21.9097],[85.3488,21.8339],[85.3175,21.8187],[85.2821,21.8337],[85.2046,21.768],[85.1899,21.7174],[85.1942,21.6631],[85.2512,21.676],[85.2684,21.6235],[85.3051,21.5669],[85.3339,21.4815],[85.2754,21.427],[85.3054,21.4139],[85.3438,21.3588],[85.3294,21.324],[85.2785,21.2928],[85.3133,21.2638],[85.3691,21.2407],[85.395,21.1847],[85.4633,21.1272],[85.5016,21.1137],[85.5487,21.1663],[85.6001,21.1373],[85.6845,21.1853],[85.7286,21.1433],[85.7659,21.143],[85.7841,21.1006],[85.8764,21.0857],[85.9189,21.094],[85.9373,21.1361],[86.0328,21.1414],[86.0736,21.1279],[86.0287,21.073],[86.0483,21.024],[86.0897,21.0182],[86.0958,21.0507],[86.1416,21.0738],[86.262,21.0391],[86.29,21.0185],[86.3155,21.0566],[86.2759,21.1505],[86.2931,21.1757],[86.3404,21.1796],[86.3713,21.2386],[86.3618,21.3002],[86.3586,21.3197],[86.2861,21.3752],[86.1904,21.2732],[86.1513,21.2866],[86.1207,21.2719],[86.0942,21.3114],[86.1598,21.4293],[86.1297,21.471],[86.0102,21.5322],[86.0483,21.5735],[86.0806,21.6289],[86.0539,21.709],[86.0144,21.7457],[85.9719,21.7396],[85.9064,21.7674],[85.8832,21.794],[85.8111,21.812],[85.7958,21.9514],[85.7397,21.9932],[85.6718,22.0131],[85.6779,22.0554]]]},"properties":{"DISTRICT":"Kendujhar","ST_NM":"Odisha","ST_CEN_CD":21,"DT_CEN_CD":6,"censuscode":375}},
{"type":"Feature","geometry":{"type":"Polygon","coordinates":[[[86.8082,25.6382],[86.7801,25.6232],[86.7342,25.6613],[86.6916,25.6431],[86.598,25.6208],[86.5688,25.6014],[86.5122,25.6111],[86.4807,25.6375],[86.4627,25.6891],[86.4172,25.7282],[86.3683,25.7067],[86.328,25.6582],[86.293,25.6397],[86.2809,25.597],[86.2959,25.5266],[86.3646,25.5009],[86.4236,25.4979],[86.451,25.4524],[86.5095,25.4285],[86.5431,25.4932],[86.581,25.4855],[86.6009,25.4257],[86.636,25.4054],[86.6272,25.3601],[86.6525,25.3304],[86.6349,25.3065],[86.6587,25.2712],[86.7075,25.2709],[86.7313,25.254],[86.8601,25.3676],[86.8215,25.4168],[86.8244,25.4439],[86.8198,25.4691],[86.8428,25.5171],[86.8428,25.615],[86.8082,25.6382]]]},"properties":{"DISTRICT":"Khagaria","ST_NM":"Bihar","ST_CEN_CD":10,"DT_CEN_CD":21,"censuscode":223}},
{"type":"Feature","geometry":{"type":"Polygon","coordinates":[[[80.9818,18.1737],[80.9088,18.1411],[80.8701,18.139],[80.8572,18.2064],[80.8059,18.1725],[80.7425,18.1778],[80.7412,18.2248],[80.7922,18.2493],[80.7306,18.367],[80.7309,18.3736],[80.7208,18.4113],[80.6883,18.459],[80.6585,18.4777],[80.6404,18.5242],[80.5396,18.5911],[80.4959,18.6316],[80.4577,18.6312],[80.389,18.5984],[80.4024,18.5718],[80.3763,18.5279],[80.3811,18.4736],[80.4653,18.4474],[80.4579,18.4046],[80.4743,18.3069],[80.5046,18.2664],[80.5382,18.2612],[80.6289,18.2045],[80.6664,18.1711],[80.6565,18.1341],[80.5983,18.0824],[80.5314,18.1041],[80.5003,18.1392],[80.4796,18.1259],[80.4567,18.067],[80.3953,18.0819],[80.349,18.0366],[80.3137,17.9771],[80.2774,17.9681],[80.2837,17.9091],[80.2539,17.8278],[80.2599,17.7495],[80.2388,17.7521],[80.1731,17.712],[80.1364,17.7342],[80.0445,17.6971],[80.0755,17.6817],[80.0542,17.596],[80.0872,17.5756],[80.0842,17.5278],[80.1281,17.4821],[80.1288,17.4466],[80.1695,17.455],[80.1608,17.3943],[80.0807,17.3675],[80.0545,17.3472],[80,17.3629],[79.9867,17.4007],[79.8964,17.3719],[79.8722,17.3334],[79.8194,17.3366],[79.7929,17.3198],[79.826,17.2762],[79.8799,17.2679],[79.8996,17.2184],[79.8756,17.1866],[79.9793,17.1004],[79.9999,17.0694],[80.0622,17.0173],[80.0542,16.9725],[80.0926,16.9705],[80.1422,16.9927],[80.1905,17.0522],[80.204,17.0254],[80.2706,17.0181],[80.3099,16.9635],[80.3279,16.8788],[80.3673,16.8628],[80.3817,16.8191],[80.4274,16.8504],[80.4652,16.7982],[80.5717,16.7712],[80.6065,16.7935],[80.5635,16.8331],[80.5738,16.8773],[80.5956,16.8822],[80.593,16.9347],[80.5405,16.9582],[80.4512,16.9528],[80.369,16.9782],[80.3973,17.0218],[80.3755,17.0641],[80.4036,17.0851],[80.4291,17.0326],[80.4549,17.0248],[80.4933,17.0641],[80.5051,17.109],[80.5688,17.1458],[80.6384,17.1179],[80.6927,17.0768],[80.8321,17.0461],[80.8677,17.0592],[80.8639,17.1196],[80.8791,17.1545],[80.9221,17.1542],[80.9141,17.2094],[80.9394,17.2132],[80.994,17.1877],[81.0527,17.2129],[81.1717,17.2411],[81.1808,17.3138],[81.1991,17.3357],[81.276,17.3285],[81.3313,17.3976],[81.3941,17.3637],[81.4504,17.3903],[81.5023,17.4574],[81.507,17.4985],[81.5102,17.5477],[81.5326,17.581],[81.5117,17.5982],[81.5798,17.6961],[81.5816,17.7268],[81.6317,17.7709],[81.6833,17.7753],[81.7382,17.8275],[81.803,17.8523],[81.7669,17.9014],[81.7118,17.8692],[81.6716,17.8849],[81.6197,17.8234],[81.5834,17.8353],[81.4897,17.8107],[81.4787,17.831],[81.3935,17.8143],[81.2625,17.8196],[81.2004,17.8544],[81.168,17.8599],[81.1061,17.8244],[81.082,17.7936],[81.0408,17.7969],[81.0127,17.8454],[80.9929,17.9298],[80.9575,18.1297],[80.9819,18.1647],[80.9818,18.1737]]]},"properties":{"DISTRICT":"Khammam","ST_NM":"Andhra Pradesh","ST_CEN_CD":28,"DT_CEN_CD":10,"censuscode":541}},
{"type":"Feature","geometry":{"type":"Polygon","coordinates":[[[73.5262,23.2855],[73.4759,23.271],[73.453,23.2827],[73.3753,23.2372],[73.3437,23.2008],[73.3764,23.1727],[73.3738,23.1384],[73.3409,23.1289],[73.3291,23.0824],[73.2738,23.0588],[73.2131,23.1098],[73.2061,23.1446],[73.1738,23.1419],[73.1574,23.1894],[73.1191,23.1857],[73.0687,23.1611],[73.0152,23.1607],[72.9811,23.1286],[72.9626,23.0742],[72.9282,23.0772],[72.8973,23.021],[72.8507,22.9996],[72.8408,22.993],[72.8433,22.9652],[72.7915,22.9078],[72.7329,22.9133],[72.7043,22.8846],[72.6503,22.8971],[72.6008,22.8671],[72.6095,22.8262],[72.5717,22.8247],[72.5236,22.7976],[72.5345,22.768],[72.5239,22.7106],[72.5497,22.6716],[72.5074,22.6193],[72.5083,22.6148],[72.5134,22.6125],[72.5343,22.5853],[72.5338,22.5689],[72.5549,22.5661],[72.5736,22.507],[72.6561,22.4998],[72.6898,22.6255],[72.7961,22.6391],[72.8309,22.6225],[72.874,22.5809],[72.9213,22.5943],[72.9335,22.6251],[72.9701,22.6345],[73.0046,22.7152],[73.1311,22.7214],[73.1617,22.6809],[73.2043,22.6815],[73.2303,22.6338],[73.2689,22.6747],[73.2536,22.7154],[73.2594,22.7623],[73.2813,22.7789],[73.3512,22.7893],[73.3872,22.8514],[73.372,22.8994],[73.4519,22.9682],[73.4148,23.0291],[73.4244,23.0991],[73.3834,23.1329],[73.4302,23.1557],[73.4983,23.1524],[73.5444,23.1918],[73.5442,23.2248],[73.5767,23.2492],[73.5262,23.2855]]]},"properties":{"DISTRICT":"Kheda","ST_NM":"Gujarat","ST_CEN_CD":24,"DT_CEN_CD":16,"censuscode":483}},
{"type":"Feature","geometry":{"type":"Polygon","coordinates":[[[81.0582,28.4038],[81.0156,28.4469],[80.9663,28.4362],[80.9098,28.457],[80.8923,28.5045],[80.842,28.4977],[80.7871,28.5245],[80.7724,28.5632],[80.7027,28.5754],[80.6699,28.6382],[80.6317,28.6367],[80.5844,28.6612],[80.5578,28.6913],[80.5087,28.6658],[80.5228,28.5576],[80.4622,28.6243],[80.433,28.6389],[80.3722,28.6333],[80.3285,28.6744],[80.3037,28.6165],[80.3717,28.5949],[80.4335,28.5026],[80.4186,28.4807],[80.3586,28.4611],[80.324,28.4811],[80.301,28.4533],[80.3586,28.3833],[80.3684,28.332],[80.307,28.2585],[80.3019,28.152],[80.2511,28.1505],[80.2596,28.0842],[80.207,28.0301],[80.1236,27.9963],[80.0693,27.9216],[80.0324,27.923],[80.0375,27.8373],[80.063,27.7702],[80.0897,27.7832],[80.1446,27.7538],[80.2017,27.7752],[80.2509,27.7563],[80.3122,27.6786],[80.3848,27.7133],[80.422,27.7448],[80.4903,27.7726],[80.5198,27.8082],[80.5665,27.7484],[80.6063,27.7498],[80.6384,27.8359],[80.7254,27.8061],[80.7908,27.8173],[80.8287,27.7909],[80.8474,27.8225],[80.9399,27.8547],[80.9627,27.9011],[81.0099,27.8803],[80.9935,27.8253],[81.0932,27.8156],[81.1099,27.7894],[81.1815,27.7854],[81.2157,27.7668],[81.1862,27.7324],[81.2673,27.71],[81.3035,27.6812],[81.2953,27.7835],[81.305,27.8137],[81.2791,27.884],[81.3062,27.9047],[81.28,27.943],[81.167,28.0447],[81.1587,28.0678],[81.1874,28.1091],[81.128,28.1687],[81.102,28.2148],[81.0688,28.2353],[81.0375,28.2944],[81.0615,28.3428],[81.0376,28.3656],[81.0582,28.4038]]]},"properties":{"DISTRICT":"Kheri","ST_NM":"Uttar Pradesh","ST_CEN_CD":9,"DT_CEN_CD":22,"censuscode":153}},
{"type":"Feature","geometry":{"type":"Polygon","coordinates":[[[86.0827,20.1063],[86.0262,20.1757],[86.0078,20.2241],[85.9341,20.2726],[85.9166,20.3457],[85.8718,20.3397],[85.8846,20.287],[85.8023,20.3252],[85.8272,20.3929],[85.802,20.4339],[85.76,20.4043],[85.7158,20.3993],[85.6843,20.3402],[85.6401,20.3192],[85.6267,20.292],[85.5252,20.3037],[85.4615,20.2945],[85.4503,20.2634],[85.3351,20.2803],[85.3242,20.2308],[85.2269,20.2231],[85.2015,20.1902],[85.2144,20.1322],[85.2448,20.1243],[85.2711,20.1464],[85.3584,20.1877],[85.3563,20.1452],[85.4145,20.1275],[85.381,20.0715],[85.4222,20.0241],[85.4541,19.9641],[85.4215,19.9269],[85.3637,19.9582],[85.3213,19.9261],[85.2454,19.9054],[85.1673,19.9045],[85.128,19.9333],[85.0102,19.8997],[84.9404,19.897],[84.9363,19.8725],[84.9724,19.8528],[85.0097,19.8026],[85.0442,19.8063],[85.0878,19.7667],[85.1286,19.749],[85.1845,19.6755],[85.1954,19.7177],[85.244,19.7477],[85.2534,19.7807],[85.3281,19.8009],[85.4285,19.8935],[85.5356,19.8864],[85.5669,19.9168],[85.5098,19.9459],[85.5697,19.9687],[85.5657,20.0118],[85.6114,20.0006],[85.6313,20.0245],[85.6242,20.0659],[85.6803,20.0715],[85.6894,20.149],[85.7253,20.1427],[85.8272,20.1584],[85.8677,20.1903],[85.8894,20.1764],[85.9042,20.1232],[85.9893,20.111],[86.0827,20.1063]]]},"properties":{"DISTRICT":"Khordha","ST_NM":"Odisha","ST_CEN_CD":21,"DT_CEN_CD":17,"censuscode":386}},
{"type":"Feature","geometry":{"type":"Polygon","coordinates":[[[85.6139,22.9333],[85.6156,22.982],[85.5802,23.0525],[85.6027,23.104],[85.5517,23.1289],[85.5417,23.1586],[85.585,23.2722],[85.5535,23.2775],[85.472,23.2134],[85.4629,23.1769],[85.374,23.1841],[85.3372,23.2038],[85.3149,23.1842],[85.2791,23.2182],[85.1895,23.2443],[85.1364,23.2189],[85.0911,23.2204],[85.0541,23.2007],[85.0368,23.1049],[84.9971,23.0727],[84.9842,23.0313],[84.9426,23.0115],[84.9469,22.9649],[84.9913,22.9609],[84.9879,22.869],[85.0074,22.8035],[84.979,22.7851],[85.0078,22.7827],[85.059,22.7348],[85.0455,22.6745],[85.0802,22.5706],[85.0775,22.6141],[85.1159,22.6578],[85.123,22.7086],[85.1428,22.738],[85.1487,22.8062],[85.196,22.8124],[85.31,22.8828],[85.3425,22.885],[85.3903,22.8414],[85.4324,22.8353],[85.458,22.8017],[85.5168,22.8086],[85.5414,22.866],[85.5804,22.866],[85.581,22.9057],[85.6139,22.9333]]]},"properties":{"DISTRICT":"Khunti","ST_NM":"Jharkhand","ST_CEN_CD":20,"DT_CEN_CD":20,"censuscode":365}},
{"type":"Feature","geometry":{"type":"Polygon","coordinates":[[[78.6679,32.089],[78.6056,32.0525],[78.5426,32.0635],[78.4903,32.0469],[78.4442,32.0528],[78.4201,31.9896],[78.4605,31.9592],[78.4477,31.9374],[78.3714,31.9604],[78.3544,31.9408],[78.2025,31.9329],[78.1892,31.8722],[78.124,31.8675],[78.0958,31.8378],[78.0835,31.7875],[78.0333,31.761],[77.9455,31.7848],[77.9367,31.7487],[77.8668,31.7833],[77.8286,31.7605],[77.7526,31.7515],[77.7562,31.7198],[77.7519,31.7169],[77.7508,31.7139],[77.7719,31.7037],[77.8249,31.6381],[77.8143,31.611],[77.8392,31.5796],[77.8452,31.5274],[77.8796,31.4915],[77.9027,31.443],[77.9637,31.4025],[78.0244,31.4008],[78.0888,31.4222],[78.166,31.3782],[78.1715,31.3443],[78.22,31.3258],[78.241,31.3409],[78.2919,31.3238],[78.2954,31.2927],[78.3067,31.2859],[78.3135,31.2834],[78.3215,31.2814],[78.3321,31.2803],[78.3844,31.2831],[78.4346,31.255],[78.4852,31.1988],[78.5522,31.2017],[78.5818,31.2287],[78.6158,31.2308],[78.6658,31.1928],[78.7646,31.1892],[78.8103,31.1999],[78.8339,31.142],[78.8951,31.0986],[79.0119,31.1123],[78.9872,31.1772],[78.9615,31.1884],[78.9505,31.2172],[78.9253,31.2287],[78.9223,31.2541],[78.8445,31.3252],[78.8428,31.3763],[78.7916,31.3974],[78.8112,31.4478],[78.7599,31.4854],[78.7371,31.5361],[78.8132,31.5713],[78.8429,31.6232],[78.8003,31.6565],[78.7958,31.6851],[78.7505,31.6873],[78.7076,31.7887],[78.7369,31.8307],[78.7412,31.8805],[78.7878,31.9953],[78.7538,31.9996],[78.6679,32.089]]]},"properties":{"DISTRICT":"Kinnaur","ST_NM":"Himachal Pradesh","ST_CEN_CD":2,"DT_CEN_CD":12,"censuscode":34}},
{"type":"Feature","geometry":{"type":"Polygon","coordinates":[[[95.0208,25.8806],[94.9817,25.873],[94.9136,25.937],[94.8521,25.9364],[94.8907,26.0042],[94.8513,26.0347],[94.7885,26.0053],[94.7657,26.0196],[94.6715,26.0172],[94.5762,25.8955],[94.6481,25.8159],[94.6988,25.7885],[94.7155,25.7576],[94.7574,25.7802],[94.8337,25.7524],[94.8612,25.7166],[94.8503,25.65],[94.8556,25.6093],[94.8873,25.5861],[94.9193,25.6078],[94.9335,25.6575],[95.0078,25.7314],[95.051,25.7554],[95.0479,25.8029],[95.014,25.865],[95.0208,25.8806]]]},"properties":{"DISTRICT":"Kiphire","ST_NM":"Nagaland","ST_CEN_CD":13,"DT_CEN_CD":9,"censuscode":269}},
{"type":"Feature","geometry":{"type":"Polygon","coordinates":[[[88.2432,26.4492],[88.1859,26.4938],[88.24,26.5322],[88.1924,26.544],[88.1389,26.5124],[88.1122,26.5389],[88.0997,26.5086],[88.0984,26.4345],[88.0102,26.355],[87.9908,26.3928],[87.9198,26.4315],[87.9019,26.4772],[87.8602,26.4629],[87.8505,26.4356],[87.7958,26.4684],[87.7666,26.409],[87.6791,26.4355],[87.6483,26.3929],[87.6057,26.3509],[87.6573,26.3056],[87.656,26.2771],[87.6859,26.1919],[87.6776,26.1109],[87.8239,26.1108],[87.8668,26.0931],[87.8235,26.0011],[87.8115,25.9583],[87.8242,25.9331],[87.8485,26.0445],[87.9193,26.091],[87.9662,26.084],[87.976,26.1544],[88.0055,26.1404],[88.0438,26.1777],[88.0812,26.1813],[88.1508,26.2528],[88.231,26.2894],[88.2675,26.3378],[88.2804,26.3772],[88.2357,26.3898],[88.2744,26.4217],[88.2432,26.4492]]]},"properties":{"DISTRICT":"Kishanganj","ST_NM":"Bihar","ST_CEN_CD":10,"DT_CEN_CD":8,"censuscode":210}},
{"type":"Feature","geometry":{"type":"Polygon","coordinates":[[[75.7074,34.2158],[75.6702,34.2044],[75.6644,34.1756],[75.6118,34.1328],[75.6107,34.0429],[75.5702,34.0239],[75.5057,33.9658],[75.4718,33.9045],[75.481,33.8164],[75.5458,33.6592],[75.5754,33.5458],[75.5737,33.5187],[75.4999,33.399],[75.5287,33.3781],[75.589,33.2896],[75.6327,33.2484],[75.6288,33.2224],[75.7249,33.2153],[75.8245,33.1523],[75.7952,33.0642],[75.8565,33.0725],[75.943,33.0569],[76.0455,33.0976],[76.0893,33.0481],[76.1111,33.0033],[76.1694,33.0229],[76.2546,33.0324],[76.2924,33.1038],[76.4022,33.1826],[76.4868,33.1795],[76.5653,33.209],[76.604,33.2037],[76.6448,33.1618],[76.7478,33.1786],[76.796,33.2549],[76.7533,33.3219],[76.6867,33.339],[76.6647,33.4289],[76.598,33.4764],[76.5818,33.5154],[76.4847,33.585],[76.4705,33.6087],[76.3974,33.668],[76.367,33.6731],[76.3224,33.6476],[76.3124,33.6221],[76.2496,33.6085],[76.2209,33.6949],[76.2105,33.7864],[76.19,33.8203],[76.1105,33.8946],[76.0571,33.986],[76.0163,34.0011],[75.9431,33.9872],[75.8631,34.0699],[75.7935,34.1035],[75.7417,34.1981],[75.7074,34.2158]]]},"properties":{"DISTRICT":"Kishtwar","ST_NM":"Jammu & Kashmir","ST_CEN_CD":1,"DT_CEN_CD":18,"censuscode":18}},
{"type":"Feature","geometry":{"type":"Polygon","coordinates":[[[89.8383,26.4122],[89.8339,26.4582],[89.7671,26.464],[89.7003,26.4209],[89.6673,26.4349],[89.6262,26.4164],[89.5552,26.4255],[89.5331,26.4769],[89.4593,26.49],[89.3945,26.4649],[89.3615,26.4951],[89.3103,26.483],[89.2458,26.4916],[89.1516,26.5193],[89.0979,26.5207],[89.078,26.5375],[89.0301,26.5168],[88.9882,26.534],[88.9471,26.4982],[88.9501,26.477],[88.8539,26.3824],[88.8036,26.3732],[88.7784,26.3953],[88.7502,26.3556],[88.7608,26.3103],[88.8232,26.2963],[88.8261,26.2515],[88.852,26.2326],[88.8789,26.2858],[88.9251,26.2857],[88.972,26.2412],[89.0521,26.2434],[89.0529,26.2834],[89.004,26.2951],[88.9907,26.3462],[88.9211,26.363],[88.9168,26.4063],[88.9677,26.4589],[88.986,26.4201],[89.0732,26.394],[89.0913,26.3996],[89.1066,26.2893],[89.1404,26.2421],[89.1408,26.1854],[89.1615,26.1396],[89.2243,26.1262],[89.2598,26.0945],[89.2824,26.053],[89.3577,26.0112],[89.4319,26.0152],[89.4773,25.996],[89.5502,25.9988],[89.6197,26.0631],[89.5985,26.1617],[89.641,26.2155],[89.6875,26.2165],[89.7227,26.1656],[89.7223,26.2591],[89.7858,26.3308],[89.787,26.3532],[89.86,26.382],[89.8622,26.3844],[89.8383,26.4122]]]},"properties":{"DISTRICT":"Koch Bihar","ST_NM":"West Bengal","ST_CEN_CD":19,"DT_CEN_CD":3,"censuscode":329}},
{"type":"Feature","geometry":{"type":"Polygon","coordinates":[[[76.0208,12.5665],[75.9979,12.5834],[75.9667,12.5586],[75.9429,12.6021],[75.9396,12.6443],[75.9668,12.7002],[75.9445,12.7164],[75.9392,12.7611],[75.9707,12.7961],[75.9284,12.8187],[75.8653,12.8202],[75.8741,12.78],[75.857,12.7228],[75.8875,12.705],[75.8875,12.6765],[75.8394,12.6686],[75.812,12.7],[75.7624,12.675],[75.7071,12.7083],[75.6728,12.7005],[75.6488,12.6665],[75.6727,12.5549],[75.6179,12.5104],[75.5927,12.5371],[75.5575,12.5011],[75.4652,12.4719],[75.4722,12.4978],[75.4361,12.5281],[75.4167,12.5017],[75.4057,12.4525],[75.3686,12.4566],[75.3808,12.3916],[75.4238,12.3717],[75.4125,12.3463],[75.4217,12.2914],[75.4856,12.2913],[75.5804,12.1561],[75.6389,12.1478],[75.652,12.111],[75.6883,12.1078],[75.7213,12.0677],[75.7674,12.0842],[75.7999,12.0799],[75.8047,12.036],[75.8293,11.9901],[75.8819,11.9466],[75.9306,11.9388],[75.9819,11.931],[76.0354,11.9389],[76.114,11.9769],[76.1893,12.0522],[76.171,12.1183],[76.1335,12.1925],[76.1017,12.1985],[76.0623,12.2498],[76.0231,12.2518],[76,12.325],[75.9617,12.345],[75.9113,12.4017],[75.9307,12.4373],[75.9733,12.452],[75.964,12.5029],[76.0208,12.5665]]]},"properties":{"DISTRICT":"Kodagu","ST_NM":"Karnataka","ST_CEN_CD":29,"DT_CEN_CD":22,"censuscode":576}},
{"type":"Feature","geometry":{"type":"Polygon","coordinates":[[[85.7079,24.1051],[85.7078,24.1301],[85.6698,24.1561],[85.6787,24.1829],[85.7317,24.2062],[85.8441,24.2239],[85.8332,24.2639],[85.8699,24.2948],[85.8447,24.3527],[85.8534,24.4688],[85.8679,24.5269],[85.8099,24.5526],[85.7967,24.6037],[85.7647,24.626],[85.7902,24.6653],[85.8339,24.6857],[85.8224,24.7298],[85.9114,24.7616],[85.8847,24.8005],[85.8341,24.8098],[85.7842,24.7991],[85.7437,24.8228],[85.7117,24.769],[85.7117,24.7289],[85.6669,24.675],[85.679,24.6197],[85.6716,24.5823],[85.6155,24.5853],[85.5411,24.5325],[85.5014,24.5509],[85.3904,24.5354],[85.2864,24.5193],[85.231,24.4714],[85.16,24.4643],[85.1765,24.4297],[85.1222,24.4092],[85.0878,24.381],[85.1096,24.3403],[85.1644,24.3556],[85.2007,24.334],[85.242,24.3508],[85.2987,24.3461],[85.343,24.3128],[85.3738,24.315],[85.3864,24.3492],[85.4309,24.3561],[85.5011,24.3319],[85.5464,24.355],[85.639,24.3344],[85.5959,24.2631],[85.5262,24.2284],[85.5051,24.1687],[85.5512,24.1637],[85.5735,24.1403],[85.653,24.1231],[85.6804,24.0964],[85.701,24.0986],[85.7079,24.1051]]]},"properties":{"DISTRICT":"Kodarma","ST_NM":"Jharkhand","ST_CEN_CD":20,"DT_CEN_CD":3,"censuscode":348}},
{"type":"Feature","geometry":{"type":"Polygon","coordinates":[[[94.3592,26.0096],[94.323,26.0161],[94.2427,26.0037],[94.2192,26.0244],[94.1689,25.9737],[94.1071,25.9853],[94.0468,25.9398],[93.9825,25.9217],[93.9681,25.9063],[93.9736,25.8287],[93.9921,25.7926],[93.9741,25.7358],[93.9417,25.729],[93.9172,25.6843],[93.9351,25.6465],[93.919,25.5972],[93.9431,25.5586],[94.0116,25.5704],[94.0687,25.554],[94.0913,25.5276],[94.1378,25.5185],[94.152,25.5426],[94.194,25.5471],[94.2149,25.6094],[94.2156,25.6746],[94.238,25.7232],[94.3539,25.9238],[94.3387,25.9472],[94.3592,26.0096]]]},"properties":{"DISTRICT":"Kohima","ST_NM":"Nagaland","ST_CEN_CD":13,"DT_CEN_CD":10,"censuscode":270}},
{"type":"Feature","geometry":{"type":"Polygon","coordinates":[[[90.4251,26.8986],[90.3603,26.8959],[90.3169,26.8506],[90.2315,26.858],[90.2,26.8328],[90.1939,26.7704],[90.0505,26.7289],[89.8948,26.7243],[89.8623,26.7037],[89.8768,26.6834],[89.8828,26.5841],[89.8702,26.5702],[89.8578,26.4877],[89.8745,26.4483],[89.8383,26.4122],[89.8622,26.3844],[89.8601,26.3821],[89.8615,26.3798],[89.8683,26.3754],[89.8828,26.3726],[89.8929,26.3587],[89.8964,26.3249],[89.8546,26.2589],[89.8842,26.1367],[89.9771,26.1453],[90.0443,26.1309],[90.0717,26.1727],[90.1348,26.1963],[90.1233,26.2611],[90.15,26.2749],[90.1092,26.3293],[90.1566,26.3528],[90.2108,26.3624],[90.2207,26.3316],[90.2825,26.3198],[90.3438,26.3703],[90.3584,26.3494],[90.3191,26.2994],[90.3767,26.294],[90.377,26.3192],[90.4114,26.3405],[90.4166,26.3453],[90.4291,26.3599],[90.429,26.36],[90.3986,26.3854],[90.4101,26.4332],[90.4093,26.4352],[90.3995,26.4755],[90.3963,26.4779],[90.4025,26.5167],[90.3552,26.5552],[90.3548,26.608],[90.4207,26.7112],[90.4331,26.7467],[90.4219,26.7846],[90.4251,26.8986]]]},"properties":{"DISTRICT":"Kokrajhar","ST_NM":"Assam","ST_CEN_CD":18,"DT_CEN_CD":1,"censuscode":300}},
{"type":"Feature","geometry":{"type":"Polygon","coordinates":[[[77.9257,13.2383],[77.9665,13.2434],[77.9576,13.1245],[77.9027,13.099],[77.9319,13.0734],[77.8973,13.0523],[77.8717,12.9763],[77.8756,12.9426],[77.8548,12.8923],[77.8688,12.8668],[77.9244,12.8828],[77.9379,12.8598],[77.9917,12.8199],[78.0326,12.8508],[78.0751,12.8398],[78.1314,12.7798],[78.2316,12.7626],[78.2528,12.8224],[78.252,12.8574],[78.3141,12.8573],[78.3274,12.9027],[78.3564,12.9382],[78.3894,12.9054],[78.4121,12.943],[78.469,12.9736],[78.4626,13.0418],[78.5156,13.0631],[78.5197,13.1299],[78.5642,13.1995],[78.578,13.282],[78.5118,13.2873],[78.4465,13.3083],[78.4395,13.327],[78.3654,13.3647],[78.3815,13.4007],[78.3773,13.5047],[78.4077,13.5757],[78.3902,13.5908],[78.3223,13.5928],[78.2593,13.5835],[78.2181,13.591],[78.1996,13.5662],[78.1916,13.5088],[78.2081,13.4815],[78.1846,13.43],[78.1288,13.3998],[78.1435,13.3527],[78.1181,13.2993],[78.0698,13.3026],[78.0238,13.2882],[77.9894,13.3074],[77.9456,13.2773],[77.9257,13.2383]]]},"properties":{"DISTRICT":"Kolar","ST_NM":"Karnataka","ST_CEN_CD":29,"DT_CEN_CD":27,"censuscode":581}},
{"type":"Feature","geometry":{"type":"Polygon","coordinates":[[[92.8956,24.3914],[92.831,24.3966],[92.8032,24.419],[92.7647,24.5182],[92.6912,24.3539],[92.6257,24.3321],[92.6111,24.251],[92.5502,24.2436],[92.5324,24.1783],[92.5504,24.0548],[92.6145,24.0493],[92.632,24.0291],[92.6274,23.9538],[92.7237,23.975],[92.7849,24.0179],[92.8474,24.0268],[92.8609,24.1053],[92.8949,24.1733],[92.9026,24.2215],[92.8634,24.2412],[92.8736,24.2818],[92.8611,24.3138],[92.8904,24.3564],[92.8956,24.3914]]]},"properties":{"DISTRICT":"Kolasib","ST_NM":"Mizoram","ST_CEN_CD":15,"DT_CEN_CD":2,"censuscode":282}},
{"type":"Feature","geometry":{"type":"Polygon","coordinates":[[[74.6933,16.7168],[74.6318,16.7858],[74.5593,16.8067],[74.5357,16.8457],[74.496,16.8555],[74.4139,16.8419],[74.3959,16.8772],[74.3652,16.8528],[74.2976,16.8918],[74.2499,16.886],[74.1768,16.8988],[74.1481,16.8839],[74.1213,16.9114],[74.0777,16.9045],[74.0394,16.9239],[74.0227,16.9844],[73.9713,16.9931],[73.981,17.0341],[73.9153,17.0742],[73.8493,17.1527],[73.7806,17.18],[73.7568,17.1542],[73.7093,17.1697],[73.6895,17.1583],[73.7887,17.0931],[73.8231,17.0379],[73.8339,16.9906],[73.7878,16.9928],[73.7658,16.9626],[73.7931,16.9121],[73.7485,16.9049],[73.7693,16.8541],[73.7529,16.8129],[73.7917,16.7628],[73.8411,16.7388],[73.8245,16.7165],[73.866,16.6699],[73.854,16.6502],[73.8639,16.6133],[73.8262,16.5435],[73.8878,16.4486],[73.8379,16.403],[73.8663,16.3737],[73.8386,16.3436],[73.8494,16.3134],[73.9164,16.2483],[73.9468,16.1722],[73.8866,16.1451],[73.8558,16.1447],[73.8454,16.1077],[73.9012,16.089],[73.9481,16.0984],[73.9988,16.0869],[74.0019,16.0377],[74.0487,16.0342],[74.0841,16.0036],[74.0495,15.9498],[74.0824,15.9269],[74.0838,15.8678],[74.0435,15.8387],[74.1594,15.8214],[74.1736,15.7743],[74.2105,15.7809],[74.2372,15.7465],[74.2857,15.7415],[74.3447,15.7655],[74.3694,15.7989],[74.3813,15.8492],[74.3638,15.8778],[74.4293,15.9532],[74.4622,16.0487],[74.4346,16.059],[74.3839,16.0371],[74.3648,16.0615],[74.4286,16.1126],[74.4834,16.0893],[74.5027,16.2248],[74.4783,16.2486],[74.4165,16.2593],[74.3738,16.2953],[74.3423,16.2933],[74.3172,16.3554],[74.3362,16.4022],[74.3324,16.4538],[74.2881,16.476],[74.2699,16.5222],[74.3256,16.5553],[74.3791,16.529],[74.3973,16.5803],[74.4665,16.6064],[74.4897,16.6293],[74.5459,16.6348],[74.5443,16.5938],[74.5686,16.5536],[74.6894,16.6168],[74.6554,16.6392],[74.6911,16.6766],[74.6933,16.7168]]]},"properties":{"DISTRICT":"Kolhapur","ST_NM":"Maharashtra","ST_CEN_CD":27,"DT_CEN_CD":34,"censuscode":530}},
{"type":"Feature","geometry":{"type":"Polygon","coordinates":[[[88.4108,22.56],[88.3921,22.6298],[88.3632,22.6332],[88.3324,22.5557],[88.2743,22.5553],[88.2916,22.5177],[88.3679,22.4988],[88.4108,22.56]]]},"properties":{"DISTRICT":"Kolkata","ST_NM":"West Bengal","ST_CEN_CD":19,"DT_CEN_CD":16,"censuscode":342}},
{"type":"Feature","geometry":{"type":"Polygon","coordinates":[[[77.2086,9.0705],[77.167,9.0758],[77.0561,9.1219],[77.0002,9.1321],[76.9307,9.1715],[76.9293,9.1389],[76.8757,9.1302],[76.8292,9.0932],[76.7849,9.1133],[76.7592,9.073],[76.6603,9.0934],[76.6561,9.1489],[76.5852,9.1135],[76.5512,9.1097],[76.5146,9.1358],[76.4796,9.1163],[76.4866,9.0846],[76.5236,8.9959],[76.5538,8.8905],[76.6147,8.8559],[76.6723,8.7807],[76.7225,8.8008],[76.7603,8.7942],[76.7946,8.8264],[76.8481,8.8345],[76.9023,8.8102],[76.935,8.7605],[76.9961,8.7813],[77.0345,8.8411],[77.0822,8.837],[77.201,8.7695],[77.2327,8.7842],[77.265,8.8405],[77.2577,8.8766],[77.2239,8.9017],[77.1976,8.9555],[77.1493,9.0202],[77.2086,9.0705]]]},"properties":{"DISTRICT":"Kollam","ST_NM":"Kerala","ST_CEN_CD":32,"DT_CEN_CD":13,"censuscode":600}},
{"type":"Feature","geometry":{"type":"Polygon","coordinates":[[[76.2856,15.9013],[76.2284,15.9392],[76.1561,15.9114],[76.118,15.8849],[76.0601,15.9047],[76.0861,15.9924],[75.9944,16.0037],[75.9757,15.9817],[75.9776,15.8669],[75.945,15.865],[75.9033,15.9226],[75.8523,15.9354],[75.8246,15.9007],[75.8457,15.8377],[75.9276,15.7929],[75.9635,15.7842],[75.9896,15.8022],[76.0402,15.7685],[76.0461,15.7251],[76.0072,15.7167],[75.9685,15.665],[75.9205,15.7278],[75.8715,15.7154],[75.8724,15.6734],[75.8993,15.6069],[75.8681,15.5948],[75.86,15.5136],[75.8183,15.508],[75.8256,15.45],[75.8596,15.4445],[75.8658,15.4076],[75.9034,15.4024],[75.89,15.288],[75.9259,15.1812],[75.9505,15.1371],[75.9784,15.153],[76.0284,15.1433],[76.1016,15.1666],[76.1102,15.1915],[76.1879,15.235],[76.2487,15.1913],[76.3108,15.2605],[76.3341,15.2629],[76.363,15.3254],[76.4909,15.3424],[76.5918,15.4124],[76.6119,15.4415],[76.6695,15.4503],[76.703,15.4852],[76.7811,15.4929],[76.813,15.5147],[76.814,15.5466],[76.7753,15.5572],[76.7479,15.5905],[76.6904,15.5945],[76.6926,15.6454],[76.6541,15.6651],[76.6,15.6728],[76.5879,15.6968],[76.5319,15.6993],[76.444,15.7359],[76.4402,15.7839],[76.4512,15.851],[76.4276,15.8877],[76.3573,15.906],[76.3092,15.892],[76.2856,15.9013]]]},"properties":{"DISTRICT":"Koppal","ST_NM":"Karnataka","ST_CEN_CD":29,"DT_CEN_CD":6,"censuscode":560}},
{"type":"Feature","geometry":{"type":"Polygon","coordinates":[[[82.2832,19.2041],[82.242,19.2266],[82.2072,19.2293],[82.1796,19.2228],[82.1799,19.2148],[82.1691,19.2144],[82.1636,19.2026],[82.1813,19.1904],[82.1867,19.165],[82.1761,19.14],[82.2165,19.0848],[82.202,19.0666],[82.2304,19.0276],[82.2476,18.9171],[82.1788,18.8982],[82.173,18.837],[82.1642,18.8067],[82.1692,18.7978],[82.1598,18.7906],[82.1536,18.7801],[82.0994,18.763],[82.093,18.7395],[82.1474,18.6919],[82.1354,18.6759],[82.1761,18.6331],[82.2222,18.6673],[82.2432,18.6111],[82.265,18.5879],[82.315,18.5782],[82.359,18.6223],[82.4191,18.6049],[82.4473,18.5994],[82.4442,18.5691],[82.4169,18.5644],[82.4047,18.5275],[82.4374,18.4929],[82.4897,18.5228],[82.5314,18.5118],[82.5435,18.3977],[82.606,18.3708],[82.5976,18.2652],[82.64,18.2371],[82.6733,18.2991],[82.7064,18.3048],[82.7754,18.3396],[82.7925,18.3626],[82.7845,18.428],[82.8074,18.4477],[82.8992,18.4007],[82.911,18.3645],[82.9847,18.3636],[83.0002,18.3837],[83.0054,18.3835],[83.0117,18.3856],[83.0199,18.3869],[83.0478,18.3788],[83.0741,18.4019],[83.0246,18.4562],[83.06,18.486],[83.0966,18.5412],[83.0593,18.5433],[83.0336,18.5726],[83.0578,18.6221],[83.0877,18.6161],[83.0921,18.664],[83.1251,18.6598],[83.1549,18.7009],[83.231,18.7562],[83.2741,18.7652],[83.2874,18.7978],[83.3702,18.8403],[83.3957,18.8791],[83.3555,18.929],[83.3689,18.9613],[83.3212,18.9745],[83.3484,19.0168],[83.3411,19.1014],[83.2773,19.1142],[83.26,19.0353],[83.2388,19.0233],[83.2415,18.9726],[83.2066,18.9757],[83.1902,19.0149],[83.1892,19.0929],[83.2077,19.1303],[83.2441,19.1265],[83.2497,19.1627],[83.1994,19.1642],[83.1862,19.1143],[83.1376,19.1367],[83.0762,19.0809],[83.0703,19.0647],[83.0732,19.0583],[83.071,19.0494],[83.0638,19.0442],[83.0482,19.0541],[83.0318,19.0572],[83.0309,19.0805],[82.9808,19.1528],[82.9505,19.1548],[82.8788,19.1841],[82.8725,19.1996],[82.8635,19.2061],[82.8533,19.1943],[82.8426,19.2],[82.8287,19.1802],[82.8281,19.1761],[82.8264,19.1708],[82.7418,19.1599],[82.7042,19.1883],[82.6163,19.1826],[82.5488,19.2057],[82.4941,19.1824],[82.4325,19.1716],[82.397,19.2091],[82.2832,19.2041]]]},"properties":{"DISTRICT":"Koraput","ST_NM":"Odisha","ST_CEN_CD":21,"DT_CEN_CD":29,"censuscode":398}},
{"type":"Feature","geometry":{"type":"Polygon","coordinates":[[[82.2241,22.9405],[82.1594,22.8499],[82.1543,22.7391],[82.1782,22.6653],[82.2439,22.6557],[82.2355,22.5923],[82.2094,22.5953],[82.1783,22.5564],[82.1461,22.4515],[82.1829,22.4071],[82.1564,22.3747],[82.1433,22.3298],[82.2085,22.3157],[82.2176,22.3373],[82.2682,22.3346],[82.2863,22.2872],[82.3288,22.3227],[82.3562,22.3244],[82.4202,22.2825],[82.3973,22.2622],[82.4604,22.2164],[82.4629,22.2137],[82.4967,22.2467],[82.5286,22.242],[82.5298,22.2399],[82.5388,22.2114],[82.5786,22.2223],[82.5941,22.2587],[82.6443,22.2378],[82.6601,22.1884],[82.6365,22.1237],[82.7126,22.0498],[82.762,22.1192],[82.8233,22.1557],[82.8716,22.1715],[82.9409,22.122],[82.9689,22.1624],[83.0305,22.169],[83.053,22.1989],[83.0378,22.2493],[83.1109,22.3647],[83.114,22.4235],[83.089,22.4737],[83.1089,22.5111],[83.0942,22.5757],[83.1144,22.6769],[83.0604,22.6665],[83.0189,22.6398],[82.9462,22.6743],[82.8683,22.7471],[82.8348,22.7433],[82.7779,22.7696],[82.7248,22.8288],[82.6583,22.8093],[82.5604,22.8441],[82.5801,22.8941],[82.5755,22.9426],[82.5672,22.9725],[82.4457,22.9674],[82.3724,22.9969],[82.3314,22.9668],[82.2603,22.9383],[82.2241,22.9405]]]},"properties":{"DISTRICT":"Korba","ST_NM":"Chhattisgarh","ST_CEN_CD":22,"DT_CEN_CD":5,"censuscode":404}},
{"type":"Feature","geometry":{"type":"Polygon","coordinates":[[[81.9585,23.8512],[81.9242,23.8713],[81.9018,23.8423],[81.8195,23.8077],[81.7804,23.8124],[81.7104,23.8615],[81.6694,23.9236],[81.6046,23.887],[81.6062,23.8517],[81.6502,23.8027],[81.6473,23.7693],[81.677,23.7555],[81.695,23.7196],[81.6508,23.6586],[81.6209,23.6592],[81.6103,23.5984],[81.6128,23.5093],[81.6387,23.4902],[81.6621,23.53],[81.7007,23.5218],[81.7368,23.5636],[81.8052,23.5474],[81.8348,23.5099],[81.924,23.5308],[81.9566,23.4955],[81.9792,23.4186],[81.9835,23.4145],[82.0308,23.4091],[82.0308,23.3827],[82.1061,23.3967],[82.1121,23.3623],[82.1454,23.3609],[82.1951,23.3214],[82.197,23.2839],[82.15,23.227],[82.1448,23.1643],[82.1586,23.1412],[82.1234,23.1032],[82.178,23.0404],[82.1815,22.9679],[82.2241,22.9405],[82.2603,22.9383],[82.3314,22.9668],[82.3724,22.9969],[82.4457,22.9674],[82.5672,22.9725],[82.5755,22.9426],[82.5788,22.9806],[82.6091,23.0082],[82.5716,23.0696],[82.5845,23.1296],[82.6396,23.1414],[82.6676,23.2046],[82.7577,23.2552],[82.7568,23.3379],[82.7451,23.358],[82.6528,23.3843],[82.6541,23.4613],[82.6419,23.4982],[82.5817,23.542],[82.5752,23.6176],[82.6035,23.6663],[82.5494,23.7532],[82.4995,23.7846],[82.4712,23.8097],[82.396,23.8001],[82.3053,23.8068],[82.263,23.8205],[82.2393,23.8064],[82.2116,23.8515],[82.1775,23.8232],[82.0531,23.819],[82.0085,23.8615],[81.9701,23.8554],[81.9585,23.8512]]]},"properties":{"DISTRICT":"Koriya","ST_NM":"Chhattisgarh","ST_CEN_CD":22,"DT_CEN_CD":1,"censuscode":400}},
{"type":"Feature","geometry":{"type":"Polygon","coordinates":[[[76.322,25.809],[76.2317,25.8044],[76.2007,25.842],[76.1572,25.7617],[76.146,25.7452],[76.191,25.7055],[76.2878,25.6902],[76.3227,25.6552],[76.301,25.632],[76.2927,25.5447],[76.2748,25.5109],[76.209,25.4843],[76.1753,25.4384],[76.113,25.3286],[76.0249,25.3144],[76.0334,25.277],[75.9811,25.24],[75.9495,25.2755],[75.9024,25.2343],[75.8368,25.24],[75.7939,25.2579],[75.7783,25.1966],[75.7362,25.1656],[75.7581,25.1113],[75.7431,25.0721],[75.6961,25.0302],[75.6241,24.9962],[75.6665,24.9448],[75.7611,24.8763],[75.8218,24.8669],[75.7891,24.7614],[75.8417,24.7257],[75.8554,24.6102],[75.9234,24.5396],[75.9618,24.5609],[76.032,24.559],[76.0817,24.5766],[76.065,24.6232],[76.0687,24.6755],[76.1146,24.6931],[76.1831,24.6643],[76.2008,24.683],[76.2044,24.7596],[76.2263,24.7959],[76.2274,24.832],[76.3137,24.84],[76.3654,24.8711],[76.3999,24.838],[76.4447,24.8306],[76.4431,24.783],[76.4904,24.8219],[76.5569,24.804],[76.5755,24.8582],[76.4866,24.9203],[76.4521,24.9225],[76.4215,24.9771],[76.3403,24.9836],[76.3242,24.9588],[76.2476,25.0408],[76.218,25.0842],[76.2348,25.1603],[76.2547,25.1888],[76.2539,25.2377],[76.2881,25.2465],[76.3312,25.3744],[76.3713,25.3885],[76.441,25.3793],[76.4493,25.3993],[76.5616,25.4139],[76.5792,25.4318],[76.5253,25.5251],[76.5148,25.5749],[76.516,25.6679],[76.4876,25.7132],[76.5318,25.7261],[76.5347,25.793],[76.5722,25.8347],[76.4999,25.8429],[76.4659,25.786],[76.3644,25.7384],[76.322,25.809]]]},"properties":{"DISTRICT":"Kota","ST_NM":"Rajasthan","ST_CEN_CD":8,"DT_CEN_CD":29,"censuscode":127}},
{"type":"Feature","geometry":{"type":"Polygon","coordinates":[[[76.6331,9.8557],[76.5611,9.8155],[76.5236,9.824],[76.515,9.8498],[76.4624,9.8481],[76.4181,9.8222],[76.3733,9.8356],[76.3662,9.7916],[76.3818,9.7499],[76.3773,9.6952],[76.4033,9.6843],[76.3946,9.5631],[76.4275,9.5475],[76.4659,9.5587],[76.4816,9.5057],[76.5078,9.4987],[76.4967,9.4396],[76.5157,9.4001],[76.5343,9.416],[76.5913,9.4173],[76.603,9.4566],[76.6541,9.4802],[76.7477,9.4733],[76.7643,9.439],[76.8023,9.4537],[76.8856,9.4444],[76.9405,9.4297],[76.9856,9.4848],[76.9557,9.4904],[76.8901,9.5368],[76.8898,9.6168],[76.9296,9.6508],[76.8881,9.7166],[76.8548,9.7336],[76.8142,9.7834],[76.7577,9.8146],[76.7469,9.8036],[76.6331,9.8557]]]},"properties":{"DISTRICT":"Kottayam","ST_NM":"Kerala","ST_CEN_CD":32,"DT_CEN_CD":10,"censuscode":597}},
{"type":"Feature","geometry":{"type":"Polygon","coordinates":[[[75.537,11.6927],[75.5737,11.6126],[75.6214,11.4764],[75.6767,11.4503],[75.7396,11.3571],[75.7484,11.3168],[75.7978,11.1792],[75.829,11.1243],[75.8782,11.1845],[75.8818,11.2253],[75.9752,11.2666],[76.0456,11.2654],[76.0906,11.3099],[76.1015,11.3959],[76.1426,11.4492],[76.0954,11.4817],[76.0775,11.5201],[76.0419,11.5012],[75.9683,11.5505],[75.9573,11.5794],[75.9081,11.6026],[75.8964,11.6986],[75.8508,11.6994],[75.7854,11.7589],[75.7772,11.7977],[75.686,11.7763],[75.6103,11.7173],[75.6033,11.6876],[75.5642,11.6799],[75.5442,11.7035],[75.537,11.6927]]]},"properties":{"DISTRICT":"Kozhikode","ST_NM":"Kerala","ST_CEN_CD":32,"DT_CEN_CD":4,"censuscode":591}},
{"type":"Feature","geometry":{"type":"MultiPolygon","coordinates":[[[[80.8677,17.0592],[80.8321,17.0461],[80.6927,17.0768],[80.6384,17.1179],[80.5688,17.1458],[80.5051,17.109],[80.4933,17.0641],[80.4549,17.0248],[80.4291,17.0326],[80.4036,17.0851],[80.3755,17.0641],[80.3973,17.0218],[80.369,16.9782],[80.4512,16.9528],[80.5405,16.9582],[80.593,16.9347],[80.5956,16.8822],[80.5738,16.8773],[80.5635,16.8331],[80.6065,16.7935],[80.5717,16.7712],[80.4652,16.7982],[80.4274,16.8504],[80.3817,16.8191],[80.3673,16.8628],[80.3279,16.8788],[80.3099,16.9635],[80.2706,17.0181],[80.204,17.0254],[80.1905,17.0522],[80.1422,16.9927],[80.0926,16.9705],[80.0542,16.9725],[80,16.8706],[80.0415,16.8599],[80.0781,16.8212],[80.1109,16.834],[80.1482,16.7556],[80.1462,16.6634],[80.2278,16.6236],[80.3189,16.6258],[80.4836,16.5969],[80.6454,16.4992],[80.7385,16.382],[80.8096,16.2848],[80.8692,16.1425],[80.9054,16.0002],[80.9062,15.9234],[80.8517,15.819],[80.8193,15.7427],[80.8387,15.7066],[80.8783,15.7223],[80.9601,15.7358],[81.0116,15.7756],[80.996,15.8243],[81.0453,15.8972],[81.1529,15.9748],[81.1476,16.0192],[81.1849,16.0844],[81.1999,16.1636],[81.2226,16.2269],[81.266,16.2675],[81.2583,16.319],[81.3154,16.3384],[81.312,16.3592],[81.382,16.3593],[81.4046,16.3368],[81.5286,16.3508],[81.5479,16.387],[81.5012,16.384],[81.4782,16.4065],[81.4376,16.4133],[81.372,16.4735],[81.3714,16.5091],[81.34,16.5137],[81.3526,16.6054],[81.3249,16.624],[81.3339,16.678],[81.2854,16.6669],[81.2658,16.6057],[81.2216,16.5781],[81.1861,16.6235],[81.0108,16.5613],[81.0042,16.5976],[80.9719,16.6328],[81.0163,16.6505],[80.9924,16.6811],[81.0139,16.7637],[81.039,16.7977],[81,16.8695],[80.964,16.9065],[80.9356,16.9635],[80.9644,17.0409],[80.943,17.0644],[80.8677,17.0592]]],[[[81.3937,16.3338],[81.2678,16.3113],[81.2754,16.2783],[81.3937,16.3338]]]]},"properties":{"DISTRICT":"Krishna","ST_NM":"Andhra Pradesh","ST_CEN_CD":28,"DT_CEN_CD":16,"censuscode":547}},
{"type":"Feature","geometry":{"type":"Polygon","coordinates":[[[78.6354,12.1752],[78.67,12.2085],[78.6522,12.2578],[78.607,12.2628],[78.6172,12.3373],[78.5702,12.3854],[78.516,12.4044],[78.4901,12.3866],[78.4365,12.3962],[78.451,12.4495],[78.4172,12.486],[78.4205,12.5679],[78.4092,12.6242],[78.3799,12.6223],[78.3018,12.6632],[78.2756,12.702],[78.2386,12.6994],[78.2316,12.7626],[78.1314,12.7798],[78.0751,12.8398],[78.0326,12.8508],[77.9917,12.8199],[77.9379,12.8598],[77.9244,12.8828],[77.8688,12.8668],[77.8355,12.8681],[77.7683,12.7384],[77.7603,12.6963],[77.6777,12.6596],[77.6641,12.6831],[77.5989,12.6571],[77.5798,12.5668],[77.5884,12.5159],[77.6353,12.4863],[77.6141,12.3628],[77.5663,12.3062],[77.5285,12.2785],[77.4803,12.2707],[77.473,12.2446],[77.4758,12.2112],[77.5216,12.193],[77.6147,12.2044],[77.7373,12.1768],[77.7512,12.1532],[77.7934,12.1542],[77.8191,12.2281],[77.8636,12.2567],[77.876,12.3216],[77.9402,12.3314],[77.9735,12.4069],[77.9018,12.4986],[77.9483,12.4904],[77.9915,12.5057],[78.0207,12.4561],[78.052,12.4639],[78.1182,12.4427],[78.1446,12.3709],[78.1855,12.3317],[78.2322,12.3132],[78.2762,12.2593],[78.3345,12.2615],[78.3787,12.1929],[78.4415,12.1877],[78.5032,12.1428],[78.5223,12.1724],[78.57,12.1861],[78.5867,12.1628],[78.6354,12.1752]]]},"properties":{"DISTRICT":"Krishnagiri","ST_NM":"Tamil Nadu","ST_CEN_CD":33,"DT_CEN_CD":30,"censuscode":631}},
{"type":"Feature","geometry":{"type":"Polygon","coordinates":[[[75.1527,33.5786],[75.1609,33.6229],[75.0919,33.6373],[75.0875,33.6644],[75.1308,33.7202],[75.055,33.8271],[75.0217,33.7926],[75.0264,33.7608],[74.9942,33.7121],[74.8817,33.6733],[74.8526,33.624],[74.7786,33.6254],[74.7488,33.6754],[74.7,33.6665],[74.6045,33.6735],[74.5554,33.6922],[74.5144,33.6628],[74.5239,33.567],[74.5545,33.4769],[74.6012,33.4525],[74.6192,33.4702],[74.6897,33.4865],[74.7072,33.5207],[74.7537,33.5248],[74.8013,33.4712],[74.84,33.4582],[74.9208,33.4661],[75.0098,33.4612],[75.0728,33.4527],[75.1231,33.4703],[75.1198,33.5431],[75.1527,33.5786]]]},"properties":{"DISTRICT":"Kulgam","ST_NM":"Jammu & Kashmir","ST_CEN_CD":1,"DT_CEN_CD":15,"censuscode":15}},
{"type":"Feature","geometry":{"type":"Polygon","coordinates":[[[77.8668,31.7833],[77.8392,31.8487],[77.8594,31.884],[77.8068,31.8957],[77.7697,31.9432],[77.8016,31.9814],[77.7917,32.0183],[77.7447,32.0916],[77.688,32.1057],[77.6521,32.1478],[77.5665,32.1961],[77.5145,32.2019],[77.4739,32.2281],[77.4579,32.1965],[77.4228,32.1945],[77.3701,32.2227],[77.345,32.2539],[77.336,32.3085],[77.3083,32.3361],[77.1963,32.4014],[77.1508,32.416],[77.0747,32.397],[77.0307,32.3067],[77.0317,32.2474],[77.0524,32.226],[77.0055,32.2],[76.987,32.1543],[76.9887,32.1109],[76.9462,32.1124],[76.9394,32.0628],[76.9815,32.0114],[76.9786,31.9835],[77.0613,31.8561],[77.0595,31.8349],[77.1674,31.8383],[77.1876,31.8215],[77.213,31.7311],[77.2738,31.7012],[77.3058,31.6618],[77.3019,31.5575],[77.3372,31.4491],[77.3808,31.4179],[77.3867,31.3613],[77.402,31.3621],[77.4299,31.3415],[77.5316,31.3534],[77.5478,31.382],[77.634,31.3974],[77.6322,31.4502],[77.671,31.4628],[77.709,31.5024],[77.7033,31.5091],[77.7012,31.5187],[77.6993,31.5419],[77.6561,31.5783],[77.6479,31.6577],[77.6859,31.7035],[77.7156,31.7042],[77.7348,31.7146],[77.7508,31.7139],[77.7519,31.7169],[77.7562,31.7198],[77.7526,31.7515],[77.8286,31.7605],[77.8668,31.7833]]]},"properties":{"DISTRICT":"Kullu","ST_NM":"Himachal Pradesh","ST_CEN_CD":2,"DT_CEN_CD":4,"censuscode":26}},
{"type":"Feature","geometry":{"type":"Polygon","coordinates":[[[74.6035,34.8691],[74.5752,34.8652],[74.4673,34.8177],[74.3682,34.7549],[74.359,34.7124],[74.2779,34.6719],[74.252,34.6443],[74.175,34.6089],[74.1014,34.599],[73.9775,34.5609],[73.9352,34.5346],[73.9097,34.4984],[73.9157,34.4358],[73.9456,34.3974],[73.9937,34.2949],[74.02,34.2853],[74.246,34.3338],[74.3656,34.3544],[74.4169,34.4505],[74.5043,34.4791],[74.5216,34.5269],[74.5497,34.5494],[74.531,34.6458],[74.5788,34.711],[74.5879,34.7603],[74.5684,34.8041],[74.6035,34.8691]]]},"properties":{"DISTRICT":"Kupwara","ST_NM":"Jammu & Kashmir","ST_CEN_CD":1,"DT_CEN_CD":1,"censuscode":1}},
{"type":"Feature","geometry":{"type":"Polygon","coordinates":[[[78.921,16.1157],[78.8802,16.117],[78.8639,16.1653],[78.8396,16.1584],[78.844,16.0941],[78.8155,16.053],[78.7826,16.0304],[78.7464,16.0278],[78.6939,16.047],[78.6437,16.0979],[78.6106,16.1028],[78.5662,16.0627],[78.4579,16.0872],[78.4124,16.087],[78.3471,16.0588],[78.3229,16.0352],[78.2747,16.0407],[78.2495,15.9431],[78.1865,15.9064],[78.1712,15.855],[78.1323,15.8549],[78.1076,15.8339],[78.07,15.8505],[78.046,15.9039],[78.008,15.865],[77.9343,15.8822],[77.8936,15.9015],[77.8615,15.8813],[77.8049,15.8708],[77.7216,15.8919],[77.6889,15.8792],[77.5936,15.9121],[77.5144,15.9258],[77.4312,15.9471],[77.3582,15.9484],[77.2532,15.9623],[77.1474,15.945],[77.0806,15.9141],[77.0282,15.8339],[77.0678,15.8276],[77.051,15.7296],[77.08,15.6955],[77.0855,15.6576],[77.0311,15.634],[77.0307,15.5048],[76.9743,15.4957],[77.0315,15.4401],[77.0423,15.3638],[77.0735,15.3246],[77.1142,15.3324],[77.12,15.295],[77.1526,15.2909],[77.1461,15.2234],[77.1693,15.1739],[77.1576,15.1371],[77.1975,15.1585],[77.2938,15.1304],[77.3208,15.1754],[77.352,15.1758],[77.3659,15.2213],[77.4527,15.22],[77.4842,15.208],[77.5267,15.2229],[77.5821,15.1879],[77.6623,15.2317],[77.7319,15.169],[77.7511,15.1278],[77.7936,15.1038],[77.8187,15.1403],[77.8762,15.134],[77.8883,15.1752],[77.9212,15.1701],[77.9086,15.1232],[77.9653,15.1028],[77.9768,15.1374],[78.0253,15.1143],[78.0002,15.0446],[78.0456,15.0001],[78.1255,14.9662],[78.1443,14.9453],[78.1888,14.9591],[78.2267,14.9484],[78.2482,15.0003],[78.2872,15.0327],[78.2964,15.0728],[78.3951,15.0541],[78.3597,15.0278],[78.3548,14.9892],[78.4132,14.9638],[78.4302,15.0339],[78.5287,15.0324],[78.5151,14.9684],[78.5516,14.9332],[78.6037,14.9486],[78.6362,14.9235],[78.6853,14.9367],[78.7187,14.9654],[78.7199,15.0213],[78.7628,15.0383],[78.7599,15.1052],[78.7696,15.1857],[78.75,15.1824],[78.7435,15.3054],[78.7536,15.3626],[78.7737,15.4063],[78.7798,15.5326],[78.7733,15.6633],[78.7916,15.7374],[78.8127,15.8748],[78.8332,15.9072],[78.9018,15.9643],[78.9211,15.9999],[78.9333,16.0698],[78.921,16.1157]]]},"properties":{"DISTRICT":"Kurnool","ST_NM":"Andhra Pradesh","ST_CEN_CD":28,"DT_CEN_CD":21,"censuscode":552}},
{"type":"Feature","geometry":{"type":"Polygon","coordinates":[[[77.1178,29.9894],[77.0771,30.072],[77.0923,30.1006],[77.0806,30.1125],[77.0652,30.1226],[77.0651,30.1224],[76.9602,30.1917],[76.9027,30.1886],[76.8317,30.2488],[76.8076,30.212],[76.6859,30.1846],[76.6397,30.1511],[76.6353,30.1453],[76.6314,30.0913],[76.6014,30.0752],[76.5668,30.0948],[76.5129,30.0727],[76.4665,30.0964],[76.4242,30.0441],[76.4624,30.001],[76.4826,29.9557],[76.4705,29.9119],[76.5222,29.8969],[76.5543,29.8577],[76.5965,29.877],[76.6177,29.9187],[76.6674,29.9566],[76.6905,29.9167],[76.7556,29.9249],[76.7948,29.9447],[76.9455,29.9225],[77.0022,29.9646],[77.0229,29.9449],[77.0944,29.9493],[77.1149,29.9908],[77.1178,29.9894]]]},"properties":{"DISTRICT":"Kurukshetra","ST_NM":"Haryana","ST_CEN_CD":6,"DT_CEN_CD":4,"censuscode":72}},
{"type":"Feature","geometry":{"type":"Polygon","coordinates":[[[94.0189,27.9549],[93.9493,27.9785],[93.941,28.0016],[93.8773,28.053],[93.8571,28.083],[93.8959,28.1283],[93.8539,28.199],[93.8428,28.2388],[93.7689,28.2625],[93.684,28.3213],[93.6313,28.3054],[93.614,28.2716],[93.5748,28.2556],[93.4794,28.2808],[93.4563,28.2716],[93.3895,28.306],[93.3401,28.353],[93.2975,28.34],[93.2489,28.3605],[93.2249,28.3346],[93.1987,28.3171],[93.1298,28.326],[93.1004,28.3062],[93.027,28.2991],[93.0388,28.2623],[93.0053,28.2299],[92.9696,28.261],[92.918,28.2342],[92.9003,28.2038],[92.8446,28.1786],[92.7881,28.183],[92.6852,28.1173],[92.6679,28.062],[92.7003,28.0475],[92.7378,27.977],[92.7911,27.9501],[92.825,27.9586],[92.9339,27.9193],[92.9347,27.8746],[92.97,27.8257],[93.0786,27.8275],[93.0955,27.8115],[93.1777,27.8209],[93.2001,27.8458],[93.2401,27.7963],[93.2063,27.7295],[93.2022,27.6779],[93.2421,27.6145],[93.2946,27.6573],[93.3325,27.6693],[93.518,27.6498],[93.6152,27.6676],[93.6344,27.6468],[93.6891,27.6479],[93.7266,27.6727],[93.7784,27.6622],[93.8164,27.6913],[93.8924,27.7053],[93.9163,27.7268],[93.9714,27.7364],[93.9861,27.7633],[93.9139,27.8373],[93.9307,27.8745],[93.9144,27.9203],[93.9645,27.9226],[94.0189,27.9549]]]},"properties":{"DISTRICT":"Kurung Kumey","ST_NM":"Arunanchal Pradesh","ST_CEN_CD":12,"DT_CEN_CD":12,"censuscode":256}},
{"type":"Feature","geometry":{"type":"Polygon","coordinates":[[[83.9081,27.2758],[83.8772,27.2975],[83.8422,27.2859],[83.8436,27.2478],[83.8103,27.1847],[83.8056,27.1168],[83.7784,27.1049],[83.7676,27.0571],[83.7304,27.0544],[83.7578,26.9929],[83.7286,26.9532],[83.6267,26.93],[83.5716,26.9328],[83.5447,26.8804],[83.5604,26.8359],[83.6203,26.7531],[83.6317,26.657],[83.655,26.6581],[83.6833,26.7],[83.7159,26.6864],[83.8014,26.7139],[83.8124,26.7466],[83.8746,26.7475],[83.9044,26.6961],[83.961,26.6713],[83.9699,26.6234],[84.011,26.5763],[84.058,26.5478],[84.094,26.6079],[84.0897,26.6381],[84.1613,26.6359],[84.2814,26.5968],[84.3062,26.6132],[84.4166,26.6356],[84.4115,26.6688],[84.3349,26.6817],[84.3074,26.7507],[84.2516,26.7282],[84.234,26.7544],[84.2617,26.806],[84.2616,26.8422],[84.2381,26.8671],[84.186,26.8506],[84.1412,26.8529],[84.0616,26.8888],[84.0448,26.9458],[84.0592,26.9879],[84.034,27.0417],[83.9648,27.083],[83.9513,27.1167],[83.995,27.1787],[83.9581,27.2352],[83.9119,27.2489],[83.9081,27.2758]]]},"properties":{"DISTRICT":"Kushinagar","ST_NM":"Uttar Pradesh","ST_CEN_CD":9,"DT_CEN_CD":58,"censuscode":189}},
{"type":"Feature","geometry":{"type":"Polygon","coordinates":[[[77.2383,32.8949],[77.1751,32.9113],[77.1541,32.9787],[77.0926,32.9716],[77.053,32.9981],[77.0161,32.988],[76.9352,33.0323],[76.8951,33.113],[76.8704,33.1104],[76.816,33.1723],[76.84,33.2475],[76.796,33.2549],[76.7478,33.1786],[76.7375,33.0754],[76.7732,33.0099],[76.7798,32.9612],[76.7633,32.9297],[76.7192,32.9228],[76.7175,32.8903],[76.685,32.8541],[76.6401,32.8418],[76.6124,32.8542],[76.5469,32.8129],[76.4734,32.8053],[76.4556,32.8521],[76.3772,32.8198],[76.3755,32.7969],[76.4264,32.6882],[76.4642,32.6527],[76.5167,32.6669],[76.5936,32.6425],[76.6089,32.6062],[76.6495,32.5804],[76.7815,32.5525],[76.7955,32.5371],[76.8659,32.5334],[76.8797,32.5171],[76.8653,32.4611],[76.9526,32.4032],[77.0588,32.4292],[77.0747,32.397],[77.1508,32.416],[77.1963,32.4014],[77.3083,32.3361],[77.336,32.3085],[77.345,32.2539],[77.3701,32.2227],[77.4228,32.1945],[77.4579,32.1965],[77.4739,32.2281],[77.5145,32.2019],[77.5665,32.1961],[77.6521,32.1478],[77.688,32.1057],[77.7447,32.0916],[77.7917,32.0183],[77.8016,31.9814],[77.7697,31.9432],[77.8068,31.8957],[77.8594,31.884],[77.8392,31.8487],[77.8668,31.7833],[77.9367,31.7487],[77.9455,31.7848],[78.0333,31.761],[78.0835,31.7875],[78.0958,31.8378],[78.124,31.8675],[78.1892,31.8722],[78.2025,31.9329],[78.3544,31.9408],[78.3714,31.9604],[78.4477,31.9374],[78.4605,31.9592],[78.4201,31.9896],[78.4442,32.0528],[78.4903,32.0469],[78.5426,32.0635],[78.6056,32.0525],[78.6679,32.089],[78.6132,32.1192],[78.5912,32.1544],[78.61,32.2145],[78.5601,32.2446],[78.4562,32.2424],[78.4814,32.2738],[78.4784,32.3331],[78.5362,32.4146],[78.4955,32.422],[78.4556,32.4526],[78.4662,32.4864],[78.4,32.526],[78.3278,32.4722],[78.296,32.5043],[78.3167,32.5257],[78.3142,32.574],[78.3494,32.5813],[78.4066,32.6197],[78.381,32.6685],[78.3958,32.7159],[78.3908,32.7567],[78.3627,32.7601],[78.3056,32.7345],[78.3136,32.7094],[78.2544,32.6913],[78.2017,32.6605],[78.111,32.6589],[78.0533,32.5886],[77.9942,32.5887],[77.9209,32.69],[77.9357,32.7539],[77.8848,32.7874],[77.8791,32.8133],[77.7793,32.8621],[77.8081,32.9027],[77.7306,32.9693],[77.6833,32.9836],[77.6713,32.9569],[77.5995,32.9368],[77.5374,32.885],[77.4729,32.8594],[77.4434,32.8814],[77.3971,32.8786],[77.374,32.823],[77.3392,32.8202],[77.2383,32.8949]]]},"properties":{"DISTRICT":"Lahul & Spiti","ST_NM":"Himachal Pradesh","ST_CEN_CD":2,"DT_CEN_CD":3,"censuscode":25}},
{"type":"Feature","geometry":{"type":"Polygon","coordinates":[[[94.5806,27.2137],[94.5792,27.2136],[94.5714,27.2143],[94.5557,27.2221],[94.5209,27.2628],[94.5252,27.2934],[94.503,27.3266],[94.4625,27.3049],[94.3953,27.3252],[94.337,27.3277],[94.3229,27.3494],[94.3218,27.423],[94.2799,27.468],[94.262,27.5202],[94.2239,27.5038],[94.1625,27.4633],[94.0886,27.4014],[94.0631,27.3604],[94.0022,27.3316],[93.9031,27.2384],[93.8695,27.1957],[93.8106,27.1487],[93.8386,27.075],[93.7208,27.0161],[93.7001,26.9917],[93.7449,26.9583],[93.7505,26.8942],[93.781,26.8845],[93.7737,26.8437],[93.8217,26.8232],[93.8266,26.8252],[93.8434,26.8521],[93.8808,26.8553],[93.894,26.8905],[93.9366,26.9294],[93.9766,26.9234],[94.0542,26.9791],[94.0791,26.9602],[94.1353,26.9692],[94.1823,26.9971],[94.1882,27.028],[94.2259,27.0318],[94.2395,27.0732],[94.2826,27.0951],[94.3089,27.0722],[94.3686,27.0975],[94.4191,27.0907],[94.4396,27.1191],[94.5098,27.1203],[94.5259,27.1585],[94.5706,27.1785],[94.5824,27.2098],[94.5806,27.2137]]]},"properties":{"DISTRICT":"Lakhimpur","ST_NM":"Assam","ST_CEN_CD":18,"DT_CEN_CD":8,"censuscode":307}},
{"type":"Feature","geometry":{"type":"Polygon","coordinates":[[[86.0645,25.3341],[86.0292,25.2931],[85.9907,25.313],[85.9324,25.3232],[85.9055,25.2936],[85.9187,25.2395],[85.9421,25.2374],[85.9889,25.1557],[85.9622,25.1358],[85.9595,25.0735],[85.9147,25.0407],[85.912,25.0132],[86.0188,24.9785],[86.1307,24.9723],[86.1397,25.0185],[86.1757,25.0496],[86.2289,24.9997],[86.2503,25.0507],[86.3184,25.0833],[86.3322,25.1194],[86.3692,25.1435],[86.3851,25.2191],[86.3594,25.2808],[86.2987,25.2973],[86.2058,25.2502],[86.1339,25.2744],[86.0645,25.3341]]]},"properties":{"DISTRICT":"Lakhisarai","ST_NM":"Bihar","ST_CEN_CD":10,"DT_CEN_CD":25,"censuscode":227}},
{"type":"Feature","geometry":{"type":"Polygon","coordinates":[[[78.9887,24.4429],[78.9474,24.4416],[78.9523,24.5489],[78.92,24.5768],[78.8885,24.6351],[78.8376,24.6043],[78.7836,24.5885],[78.7587,24.5979],[78.7468,24.6553],[78.7792,24.6995],[78.7714,24.7903],[78.7874,24.8102],[78.7714,24.8566],[78.6752,24.8976],[78.6606,24.9394],[78.6317,24.9571],[78.6489,25.0565],[78.6041,25.0929],[78.6007,25.1524],[78.5696,25.221],[78.5337,25.183],[78.4497,25.1237],[78.4378,25.1194],[78.4315,25.1197],[78.3965,25.122],[78.3737,25.0995],[78.3393,25.0882],[78.3344,25.0838],[78.3319,25.079],[78.3447,25.0224],[78.3341,24.9946],[78.1768,24.8804],[78.1716,24.8433],[78.1932,24.8379],[78.2321,24.7717],[78.2326,24.7314],[78.2743,24.6648],[78.2761,24.6107],[78.2615,24.5476],[78.2303,24.5367],[78.2668,24.4493],[78.3687,24.3736],[78.3327,24.334],[78.3475,24.3033],[78.3917,24.2686],[78.4409,24.2932],[78.5062,24.3898],[78.5848,24.3526],[78.6237,24.2917],[78.7052,24.2302],[78.7607,24.243],[78.791,24.1809],[78.817,24.2043],[78.8647,24.2093],[78.8856,24.2498],[78.9164,24.2687],[78.9144,24.297],[78.9748,24.3527],[78.9936,24.4189],[78.9887,24.4429]]]},"properties":{"DISTRICT":"Lalitpur","ST_NM":"Uttar Pradesh","ST_CEN_CD":9,"DT_CEN_CD":36,"censuscode":167}},
{"type":"Feature","geometry":{"type":"Polygon","coordinates":[[[84.0185,23.7956],[84.0233,23.7761],[83.9939,23.7091],[84.0666,23.6941],[84.0525,23.6595],[84.0143,23.6327],[84.03,23.5447],[84.016,23.5001],[83.977,23.4483],[83.9867,23.4273],[83.9741,23.3749],[84.0137,23.3536],[84.0506,23.3748],[84.0774,23.3308],[84.119,23.3502],[84.1943,23.3244],[84.2438,23.3485],[84.2606,23.3782],[84.252,23.4513],[84.289,23.4906],[84.3173,23.483],[84.3286,23.528],[84.3192,23.5786],[84.3593,23.6087],[84.399,23.6042],[84.4206,23.6335],[84.5092,23.6758],[84.5385,23.668],[84.5657,23.6144],[84.5904,23.6653],[84.6442,23.6661],[84.6808,23.6041],[84.7204,23.6178],[84.7583,23.6049],[84.7813,23.5541],[84.8538,23.5331],[84.8863,23.5575],[84.9206,23.5458],[84.9455,23.6077],[84.9224,23.6463],[84.935,23.6908],[84.9639,23.7138],[84.9411,23.7271],[84.9176,23.8043],[84.9449,23.8026],[84.9496,23.8743],[84.9231,23.9506],[84.846,23.965],[84.7592,23.967],[84.7701,24.0086],[84.743,24.0481],[84.7097,24.0392],[84.6756,24.0045],[84.6318,23.9814],[84.5856,23.9862],[84.5883,23.979],[84.5865,23.9711],[84.5709,23.957],[84.5647,23.9275],[84.5251,23.9006],[84.4845,23.8944],[84.478,23.9377],[84.4473,23.9608],[84.4013,23.9334],[84.3441,23.9512],[84.3341,23.9103],[84.2531,23.8977],[84.1787,23.934],[84.14,23.9427],[84.1379,23.9005],[84.0701,23.8574],[84.0387,23.7942],[84.0185,23.7956]]]},"properties":{"DISTRICT":"Latehar","ST_NM":"Jharkhand","ST_CEN_CD":20,"DT_CEN_CD":14,"censuscode":359}},
{"type":"Feature","geometry":{"type":"Polygon","coordinates":[[[76.9954,18.8274],[76.8851,18.8348],[76.8165,18.7994],[76.7455,18.7742],[76.7271,18.7493],[76.7374,18.7023],[76.6858,18.6919],[76.6849,18.6469],[76.6627,18.5917],[76.6336,18.551],[76.7056,18.5472],[76.6995,18.5003],[76.676,18.4824],[76.6189,18.4935],[76.6091,18.4552],[76.5039,18.4778],[76.4683,18.4963],[76.424,18.5528],[76.3877,18.5415],[76.3521,18.5644],[76.28,18.5743],[76.2769,18.557],[76.2553,18.5188],[76.2717,18.42],[76.226,18.4289],[76.2076,18.3878],[76.3187,18.329],[76.3163,18.2817],[76.287,18.2484],[76.3021,18.2297],[76.277,18.1395],[76.3313,18.0742],[76.3818,18.0893],[76.4284,18.0304],[76.5476,18.0242],[76.5967,18.0328],[76.6255,17.9998],[76.6768,17.9968],[76.6895,17.9704],[76.6756,17.922],[76.7424,17.8996],[76.7764,17.8786],[76.8558,17.8995],[76.8833,17.8948],[76.9154,17.9389],[76.9199,18.0348],[76.9543,18.0393],[76.9556,18.1116],[76.9247,18.1176],[76.9563,18.1863],[77.0601,18.1539],[77.1115,18.1543],[77.0981,18.1966],[77.1421,18.2088],[77.1805,18.2833],[77.209,18.2795],[77.243,18.41],[77.2674,18.4198],[77.2683,18.453],[77.2749,18.4749],[77.2473,18.4991],[77.2965,18.5473],[77.2667,18.5655],[77.2706,18.611],[77.2142,18.6248],[77.1998,18.6472],[77.1558,18.6463],[77.1571,18.7014],[77.0465,18.683],[77.0568,18.7658],[77.0081,18.7671],[76.9954,18.8274]]]},"properties":{"DISTRICT":"Latur","ST_NM":"Maharashtra","ST_CEN_CD":27,"DT_CEN_CD":28,"censuscode":524}},
{"type":"Feature","geometry":{"type":"Polygon","coordinates":[[[92.9346,22.5546],[92.913,22.5448],[92.8369,22.624],[92.8081,22.6272],[92.8042,22.5744],[92.7555,22.5415],[92.6984,22.5899],[92.6972,22.6166],[92.6491,22.6354],[92.6118,22.6795],[92.588,22.7469],[92.54,22.7593],[92.5105,22.7351],[92.5206,22.7012],[92.5473,22.5236],[92.5569,22.4161],[92.5834,22.3132],[92.6085,22.1265],[92.5736,22.1202],[92.5948,22.0789],[92.6,22.0111],[92.6279,21.9836],[92.6877,22.0394],[92.7058,22.1518],[92.7634,22.1245],[92.8545,22.0636],[92.8416,22.2164],[92.8258,22.3303],[92.8656,22.3237],[92.8832,22.3569],[92.9321,22.3947],[92.9346,22.5546]]]},"properties":{"DISTRICT":"Lawangtlai","ST_NM":"Mizoram","ST_CEN_CD":15,"DT_CEN_CD":7,"censuscode":287}},
{"type":"Feature","geometry":{"type":"Polygon","coordinates":[[[78.4,32.526],[78.4272,32.5313],[78.4439,32.5699],[78.496,32.5809],[78.5357,32.6086],[78.5881,32.6159],[78.619,32.5961],[78.6621,32.6536],[78.7231,32.6612],[78.7496,32.6816],[78.7925,32.6184],[78.7764,32.5731],[78.8272,32.4387],[78.8589,32.4406],[78.9035,32.3929],[78.9601,32.367],[79.0606,32.3906],[79.1151,32.3842],[79.1473,32.437],[79.132,32.4709],[79.1951,32.483],[79.2772,32.534],[79.3395,32.592],[79.3945,32.5723],[79.3994,32.5371],[79.4481,32.5325],[79.4698,32.5763],[79.5157,32.6081],[79.6269,32.7375],[79.6032,32.777],[79.5733,32.7824],[79.464,32.9201],[79.4223,32.9615],[79.3835,32.9723],[79.3356,33.0163],[79.3823,33.0277],[79.3774,33.0847],[79.4383,33.1898],[79.4549,33.2585],[79.3658,33.2827],[79.3276,33.2726],[79.2406,33.2978],[79.0973,33.2946],[79.0258,33.3293],[78.9934,33.3308],[78.9333,33.4328],[78.9406,33.5266],[78.9153,33.576],[78.9192,33.6336],[78.9899,33.6112],[79.0302,33.6261],[79.1055,33.6137],[79.0921,33.6795],[79.054,33.6781],[79.0205,33.7057],[79.0538,33.7784],[79.0202,33.7757],[78.9057,33.9762],[78.9406,34.024],[79.0148,34.0503],[79.0841,34.0219],[79.1438,34.0352],[79.1516,34.0681],[79.1981,34.0512],[79.3757,34.0334],[79.4142,34.0558],[79.4342,34.0933],[79.4947,34.1359],[79.4948,34.18],[79.5842,34.2384],[79.5922,34.2817],[79.5596,34.3324],[79.5596,34.4112],[79.5281,34.418],[79.5085,34.4743],[79.5802,34.4899],[79.7334,34.4783],[79.794,34.4851],[79.8103,34.5313],[79.7585,34.5547],[79.7925,34.5926],[79.772,34.6225],[79.8607,34.6888],[79.9446,34.6811],[80.069,34.7148],[80.0731,34.8284],[80.1237,34.8934],[80.1709,34.9889],[80.1859,35.0632],[80.1835,35.1667],[80.2287,35.2281],[80.2357,35.2766],[80.2835,35.3879],[80.2811,35.4409],[80.3286,35.4726],[80.2947,35.6024],[80.2373,35.6419],[80.1154,35.677],[80.0582,35.7499],[80.0382,35.7998],[79.9992,35.8378],[79.9186,35.8223],[79.8689,35.7828],[79.746,35.8003],[79.6655,35.8353],[79.5599,35.8618],[79.5184,35.8835],[79.4256,35.8951],[79.4031,35.9188],[79.3868,35.9905],[79.2418,35.9868],[79.1898,35.9472],[79.1978,35.8986],[79.1803,35.8702],[79.1177,35.8366],[79.0085,35.854],[78.9583,35.8917],[78.9399,35.8796],[78.8045,35.8558],[78.7688,35.8697],[78.6582,35.854],[78.6109,35.8139],[78.5806,35.8081],[78.5213,35.7638],[78.4232,35.7853],[78.3905,35.7384],[78.3389,35.7206],[78.2733,35.722],[78.2721,35.6689],[78.1998,35.6536],[78.1665,35.6132],[78.1373,35.5389],[78.0777,35.5492],[78.0463,35.5853],[77.9673,35.575],[77.906,35.4693],[77.8257,35.5104],[77.7784,35.4946],[77.7374,35.5232],[77.7255,35.4771],[77.624,35.4721],[77.5169,35.4886],[77.4809,35.4779],[77.3372,35.2226],[77.2793,35.1451],[77.2494,35.135],[77.1075,35.1499],[77.065,35.1398],[77.0448,35.0744],[77.0945,35.0435],[77.109,34.9616],[77.0688,34.8798],[76.9643,34.8494],[76.8474,34.8333],[76.5393,34.8254],[76.3751,34.8331],[76.4125,34.8007],[76.4824,34.682],[76.5686,34.643],[76.5993,34.6074],[76.6156,34.5311],[76.6503,34.4259],[76.6806,34.2885],[76.7112,34.2461],[76.6723,34.1885],[76.6333,34.0936],[76.6353,34.0207],[76.7124,33.9222],[76.7976,33.8678],[76.9174,33.8233],[76.978,33.7756],[77.0936,33.7582],[77.1546,33.7612],[77.2235,33.7456],[77.2719,33.7131],[77.3279,33.6279],[77.4898,33.6097],[77.53,33.5806],[77.5252,33.5246],[77.4391,33.4287],[77.3454,33.3616],[77.3346,33.2854],[77.3358,33.2057],[77.2665,33.1264],[77.2618,33.0519],[77.2716,33.0213],[77.2587,32.9248],[77.2383,32.8949],[77.3392,32.8202],[77.374,32.823],[77.3971,32.8786],[77.4434,32.8814],[77.4729,32.8594],[77.5374,32.885],[77.5995,32.9368],[77.6713,32.9569],[77.6833,32.9836],[77.7306,32.9693],[77.8081,32.9027],[77.7793,32.8621],[77.8791,32.8133],[77.8848,32.7874],[77.9357,32.7539],[77.9209,32.69],[77.9942,32.5887],[78.0533,32.5886],[78.111,32.6589],[78.2017,32.6605],[78.2544,32.6913],[78.3136,32.7094],[78.3056,32.7345],[78.3627,32.7601],[78.3908,32.7567],[78.3958,32.7159],[78.381,32.6685],[78.4066,32.6197],[78.3494,32.5813],[78.3142,32.574],[78.3167,32.5257],[78.296,32.5043],[78.3278,32.4722],[78.4,32.526]]]},"properties":{"DISTRICT":"Leh (ladakh)","ST_NM":"Jammu & Kashmir","ST_CEN_CD":1,"DT_CEN_CD":3,"censuscode":3}},
{"type":"Feature","geometry":{"type":"Polygon","coordinates":[[[84.8863,23.5575],[84.8538,23.5331],[84.7813,23.5541],[84.7583,23.6049],[84.7204,23.6178],[84.6808,23.6041],[84.6442,23.6661],[84.5904,23.6653],[84.5657,23.6144],[84.5385,23.668],[84.5092,23.6758],[84.4206,23.6335],[84.399,23.6042],[84.471,23.576],[84.4626,23.539],[84.4754,23.4876],[84.424,23.4264],[84.4635,23.4079],[84.4795,23.3601],[84.5133,23.384],[84.5385,23.3485],[84.6288,23.309],[84.6748,23.3201],[84.7114,23.3119],[84.7359,23.3317],[84.7873,23.3212],[84.8129,23.2835],[84.8519,23.3159],[84.898,23.3201],[84.9045,23.3643],[84.8863,23.4021],[84.9453,23.5005],[84.8863,23.5575]]]},"properties":{"DISTRICT":"Lohardaga","ST_NM":"Jharkhand","ST_CEN_CD":20,"DT_CEN_CD":11,"censuscode":356}},
{"type":"Feature","geometry":{"type":"Polygon","coordinates":[[[96.7036,27.6601],[96.6524,27.6734],[96.6226,27.6983],[96.6435,27.7375],[96.6163,27.7735],[96.6383,27.8032],[96.612,27.8593],[96.5896,27.8529],[96.5139,27.9053],[96.4346,27.9136],[96.3746,27.9974],[96.2914,28.0614],[96.2766,28.0908],[96.3309,28.1307],[96.3391,28.1847],[96.3015,28.2362],[96.2986,28.2675],[96.338,28.3275],[96.3077,28.3736],[96.2959,28.3478],[96.2418,28.2992],[96.2715,28.2386],[96.2338,28.2383],[96.1474,28.1749],[96.0527,28.1933],[96.029,28.1296],[95.9835,28.0717],[95.9969,28.052],[95.9948,27.9743],[95.9789,27.9628],[95.9299,27.8848],[95.875,27.834],[95.8244,27.8035],[95.7594,27.7254],[95.7989,27.6017],[95.863,27.5462],[95.882,27.5468],[96.0022,27.5592],[96.0651,27.606],[96.1293,27.6192],[96.2284,27.5678],[96.2925,27.555],[96.3313,27.5788],[96.3763,27.6446],[96.4477,27.6517],[96.5227,27.6362],[96.57,27.6564],[96.6444,27.6275],[96.7036,27.6601]]]},"properties":{"DISTRICT":"Lohit","ST_NM":"Arunanchal Pradesh","ST_CEN_CD":12,"DT_CEN_CD":15,"censuscode":259}},
{"type":"Feature","geometry":{"type":"Polygon","coordinates":[[[94.904,26.4389],[94.8974,26.5259],[94.8842,26.5752],[94.8586,26.6104],[94.7913,26.6347],[94.7918,26.6834],[94.8361,26.7174],[94.7911,26.7962],[94.7381,26.7636],[94.7585,26.7335],[94.7525,26.7016],[94.6732,26.6516],[94.7117,26.6364],[94.7371,26.5952],[94.6914,26.5238],[94.7095,26.4439],[94.749,26.4575],[94.8612,26.3751],[94.9217,26.3853],[94.904,26.4389]]]},"properties":{"DISTRICT":"Longleng","ST_NM":"Nagaland","ST_CEN_CD":13,"DT_CEN_CD":8,"censuscode":268}},
{"type":"Feature","geometry":{"type":"Polygon","coordinates":[[[96.435,28.5884],[96.3036,28.6619],[96.3108,28.7401],[96.326,28.7848],[96.2545,28.7812],[96.1861,28.8018],[96.1156,28.7817],[96.0086,28.6946],[95.8546,28.7209],[95.8733,28.6265],[95.7771,28.5735],[95.8447,28.5477],[95.8812,28.5196],[95.8281,28.4744],[95.7323,28.5343],[95.6996,28.5264],[95.4928,28.5935],[95.4227,28.6345],[95.3793,28.6048],[95.4112,28.5456],[95.3695,28.4917],[95.34,28.4766],[95.3414,28.3654],[95.372,28.3563],[95.3851,28.3104],[95.4385,28.3142],[95.4655,28.2739],[95.5389,28.2859],[95.5671,28.2546],[95.5631,28.1676],[95.5727,28.1309],[95.5617,28.035],[95.5022,27.9458],[95.5177,27.8769],[95.5455,27.9086],[95.6085,27.9528],[95.8275,27.972],[95.9789,27.9628],[95.9948,27.9743],[95.9969,28.052],[95.9835,28.0717],[96.029,28.1296],[96.0527,28.1933],[96.1474,28.1749],[96.2338,28.2383],[96.2715,28.2386],[96.2418,28.2992],[96.2959,28.3478],[96.3077,28.3736],[96.3174,28.383],[96.2681,28.4119],[96.3692,28.4743],[96.3632,28.5046],[96.3267,28.5253],[96.3571,28.5556],[96.4032,28.5573],[96.435,28.5884]]]},"properties":{"DISTRICT":"Lower Dibang Valley","ST_NM":"Arunanchal Pradesh","ST_CEN_CD":12,"DT_CEN_CD":14,"censuscode":258}},
{"type":"Feature","geometry":{"type":"Polygon","coordinates":[[[94.3205,27.7736],[94.2608,27.8074],[94.1968,27.8111],[94.1952,27.8362],[94.1524,27.8656],[94.0634,27.8691],[94.0511,27.9142],[94.0715,27.9388],[94.0189,27.9549],[93.9645,27.9226],[93.9144,27.9203],[93.9307,27.8745],[93.9139,27.8373],[93.9861,27.7633],[93.9714,27.7364],[93.9163,27.7268],[93.8924,27.7053],[93.8164,27.6913],[93.7784,27.6622],[93.7266,27.6727],[93.6891,27.6479],[93.6344,27.6468],[93.6152,27.6676],[93.518,27.6498],[93.621,27.5318],[93.6107,27.4933],[93.5712,27.4715],[93.6036,27.3671],[93.6692,27.3358],[93.744,27.3523],[93.8389,27.363],[93.8307,27.4243],[93.8559,27.4645],[93.9452,27.5109],[94.0486,27.4988],[94.0719,27.482],[94.123,27.4969],[94.1539,27.5301],[94.2088,27.5308],[94.2239,27.5038],[94.262,27.5202],[94.2588,27.5542],[94.2136,27.6078],[94.2345,27.6374],[94.3254,27.7027],[94.3205,27.7736]]]},"properties":{"DISTRICT":"Lower Subansiri","ST_NM":"Arunanchal Pradesh","ST_CEN_CD":12,"DT_CEN_CD":11,"censuscode":255}},
{"type":"Feature","geometry":{"type":"Polygon","coordinates":[[[81.166,26.5925],[81.1839,26.6187],[81.1704,26.6481],[81.219,26.7061],[81.1886,26.7615],[81.1591,26.7755],[81.157,26.8137],[81.094,26.8378],[81.1023,26.8704],[81.0822,26.9089],[81.0433,26.9387],[81.0305,26.9853],[81,27],[81,27.075],[81.0519,27.0899],[81.0121,27.1405],[80.9788,27.1378],[80.9293,27.159],[80.8941,27.1277],[80.8273,27.1014],[80.7424,27.1016],[80.6861,27.0632],[80.6468,27.0786],[80.621,27.0453],[80.5605,27.0108],[80.6001,26.9839],[80.6274,26.8887],[80.6809,26.8606],[80.7377,26.7757],[80.7026,26.747],[80.6991,26.6888],[80.7294,26.6559],[80.7571,26.6862],[80.7945,26.6464],[80.8428,26.663],[80.8831,26.6313],[80.8919,26.5979],[81,26.5349],[81.0446,26.5021],[81.0776,26.5227],[81.1039,26.5624],[81.127,26.5595],[81.166,26.5925]]]},"properties":{"DISTRICT":"Lucknow","ST_NM":"Uttar Pradesh","ST_CEN_CD":9,"DT_CEN_CD":26,"censuscode":157}},
{"type":"Feature","geometry":{"type":"Polygon","coordinates":[[[75.9536,31.0119],[75.8458,31.0104],[75.8066,30.9946],[75.7599,31.015],[75.6741,30.9857],[75.5962,30.9692],[75.5745,30.9778],[75.4944,30.9706],[75.4212,30.9866],[75.3554,30.9889],[75.3781,30.9119],[75.4072,30.8939],[75.374,30.8566],[75.3967,30.8089],[75.3779,30.7483],[75.3726,30.6819],[75.3813,30.6224],[75.408,30.5824],[75.4652,30.6039],[75.54,30.5939],[75.5509,30.6333],[75.6132,30.622],[75.6551,30.6345],[75.6558,30.6353],[75.6703,30.6499],[75.7404,30.6288],[75.7913,30.6597],[75.8808,30.675],[75.8764,30.6382],[75.9287,30.5759],[76.028,30.6149],[76.0355,30.5892],[76.0836,30.5618],[76.1072,30.5622],[76.115,30.6135],[76.1525,30.653],[76.2165,30.6777],[76.2985,30.6793],[76.33,30.6663],[76.3472,30.7114],[76.2694,30.7366],[76.2546,30.8362],[76.2824,30.8745],[76.3371,30.8587],[76.3694,30.8992],[76.3243,30.9308],[76.3084,30.9916],[76.2718,30.9798],[76.2136,31.0065],[76.1348,30.9864],[76.0563,30.9973],[76,30.989],[75.9536,31.0119]]]},"properties":{"DISTRICT":"Ludhiana","ST_NM":"Punjab","ST_CEN_CD":3,"DT_CEN_CD":7,"censuscode":41}},
{"type":"Feature","geometry":{"type":"Polygon","coordinates":[[[92.6727,23.3827],[92.588,23.4009],[92.558,23.3693],[92.4781,23.3897],[92.4602,23.3795],[92.4659,23.3183],[92.4262,23.2636],[92.3946,23.2656],[92.3574,23.2342],[92.3737,23.1262],[92.3967,23.0513],[92.3754,22.9337],[92.4157,22.9182],[92.4586,22.8734],[92.4565,22.8171],[92.4805,22.7507],[92.5105,22.7351],[92.54,22.7593],[92.588,22.7469],[92.6118,22.6795],[92.6491,22.6354],[92.6972,22.6166],[92.6984,22.5899],[92.7555,22.5415],[92.8042,22.5744],[92.8081,22.6272],[92.8369,22.624],[92.913,22.5448],[92.9346,22.5546],[92.9551,22.6274],[92.934,22.6634],[92.937,22.7067],[92.9199,22.7643],[92.9419,22.7897],[93.0059,22.7535],[93.0315,22.7958],[93.1017,22.7841],[93.1193,22.8596],[93.1604,22.9103],[93.128,23.0033],[93.0418,23.0495],[93.0218,23.0789],[92.9604,23.1162],[92.9569,23.1654],[92.9255,23.1867],[92.8672,23.1768],[92.8491,23.2366],[92.8166,23.2255],[92.6915,23.2427],[92.6893,23.328],[92.6727,23.3827]]]},"properties":{"DISTRICT":"Lunglei","ST_NM":"Mizoram","ST_CEN_CD":15,"DT_CEN_CD":6,"censuscode":286}},
{"type":"Feature","geometry":{"type":"Polygon","coordinates":[[[87.0931,26.0552],[87.0125,26.077],[86.9972,26.0664],[86.9353,26.0868],[86.8623,26.0934],[86.8273,26.1109],[86.7825,26.0938],[86.7328,26.1192],[86.6797,26.0259],[86.635,26.0285],[86.6126,26.0075],[86.618,25.9468],[86.6504,25.9227],[86.6756,25.9359],[86.7132,25.8667],[86.8407,25.8674],[86.8541,25.8368],[86.8588,25.7623],[86.8767,25.7165],[86.8082,25.6382],[86.8428,25.615],[86.8428,25.5171],[86.8198,25.4691],[86.8244,25.4439],[86.8804,25.4626],[86.912,25.4917],[86.9522,25.4751],[87.0735,25.4694],[87.1025,25.5145],[87.0567,25.5276],[87.0638,25.5652],[87.03,25.6507],[87.0525,25.6878],[87.0106,25.7442],[87.0413,25.8353],[86.9929,25.9338],[87.0818,25.9604],[87.0599,25.986],[87.0931,26.0552]]]},"properties":{"DISTRICT":"Madhepura","ST_NM":"Bihar","ST_CEN_CD":10,"DT_CEN_CD":11,"censuscode":213}},
{"type":"Feature","geometry":{"type":"Polygon","coordinates":[[[86.7249,26.4312],[86.573,26.4979],[86.5383,26.5413],[86.501,26.5422],[86.455,26.5692],[86.3983,26.5855],[86.3456,26.6165],[86.2565,26.6133],[86.2217,26.5898],[86.1945,26.6146],[86.1435,26.6043],[86.127,26.6281],[86.0302,26.6664],[85.9568,26.6497],[85.9445,26.6156],[85.9125,26.6087],[85.8583,26.5695],[85.8521,26.6083],[85.8189,26.603],[85.8081,26.5559],[85.8277,26.5424],[85.7966,26.4979],[85.7619,26.4904],[85.7689,26.4356],[85.8126,26.4104],[85.8245,26.3822],[85.8152,26.3167],[85.8357,26.2824],[85.8808,26.277],[85.9142,26.3072],[86.0113,26.3022],[86.0029,26.2669],[86.0562,26.2132],[86.1115,26.2051],[86.164,26.2284],[86.2413,26.2318],[86.2406,26.2011],[86.3223,26.1584],[86.3223,26.0982],[86.3774,26.0442],[86.4289,26.0754],[86.4681,26.1531],[86.4132,26.1656],[86.4061,26.2021],[86.5049,26.2245],[86.5141,26.2836],[86.5727,26.3344],[86.6516,26.3704],[86.6942,26.3727],[86.7249,26.4312]]]},"properties":{"DISTRICT":"Madhubani","ST_NM":"Bihar","ST_CEN_CD":10,"DT_CEN_CD":5,"censuscode":207}},
{"type":"Feature","geometry":{"type":"Polygon","coordinates":[[[78.1402,9.7608],[78.1458,9.7835],[78.1434,9.8059],[78.1274,9.8431],[78.1555,9.8729],[78.2536,9.8723],[78.3135,9.8651],[78.3195,9.923],[78.3733,9.9326],[78.3944,9.9527],[78.4582,9.9678],[78.4517,10.0602],[78.4578,10.1003],[78.3962,10.1777],[78.4127,10.2125],[78.3806,10.309],[78.3341,10.2999],[78.3289,10.2258],[78.266,10.1751],[78.2841,10.1482],[78.2598,10.0855],[78.216,10.0751],[78.1605,10.1106],[78.1497,10.1745],[78.1215,10.1889],[78.0305,10.1793],[77.9748,10.1312],[77.9528,10.1402],[77.9199,10.083],[77.8767,10.0591],[77.8547,10.0752],[77.7642,10.0554],[77.711,10.0202],[77.6983,10.0129],[77.6807,9.9344],[77.6226,9.8634],[77.6248,9.8225],[77.6004,9.7767],[77.5695,9.7478],[77.526,9.6607],[77.4643,9.5788],[77.4784,9.5626],[77.4989,9.5766],[77.5204,9.6382],[77.5866,9.666],[77.6113,9.6978],[77.6442,9.7053],[77.6694,9.6767],[77.7253,9.6932],[77.7652,9.6798],[77.7762,9.6404],[77.8438,9.6355],[77.9643,9.6452],[78.0155,9.6392],[78.0411,9.6764],[78.089,9.6755],[78.0634,9.7409],[78.1095,9.7849],[78.1339,9.7646],[78.1402,9.7608]]]},"properties":{"DISTRICT":"Madurai","ST_NM":"Tamil Nadu","ST_CEN_CD":33,"DT_CEN_CD":22,"censuscode":623}},
{"type":"Feature","geometry":{"type":"Polygon","coordinates":[[[83.8666,27.3449],[83.8233,27.375],[83.7519,27.4031],[83.6086,27.47],[83.4021,27.478],[83.3917,27.4347],[83.4059,27.3986],[83.3576,27.34],[83.2931,27.3373],[83.2136,27.2628],[83.2203,27.2444],[83.1302,27.1414],[83.1633,27.1287],[83.1777,27.0875],[83.3228,27.0534],[83.3415,27.0913],[83.4022,27.0722],[83.3314,26.981],[83.447,26.9752],[83.5447,26.8804],[83.5716,26.9328],[83.6267,26.93],[83.7286,26.9532],[83.7578,26.9929],[83.7304,27.0544],[83.7676,27.0571],[83.7784,27.1049],[83.8056,27.1168],[83.8103,27.1847],[83.8436,27.2478],[83.8422,27.2859],[83.8772,27.2975],[83.9081,27.2758],[83.9181,27.3271],[83.8648,27.3079],[83.8666,27.3449]]]},"properties":{"DISTRICT":"Maharajganj","ST_NM":"Uttar Pradesh","ST_CEN_CD":9,"DT_CEN_CD":56,"censuscode":187}},
{"type":"Feature","geometry":{"type":"Polygon","coordinates":[[[82.9346,21.4945],[82.9201,21.4879],[82.8759,21.5504],[82.8378,21.5362],[82.8282,21.5014],[82.7724,21.5195],[82.733,21.4898],[82.6901,21.4812],[82.7044,21.372],[82.6992,21.3299],[82.6505,21.3456],[82.5536,21.3191],[82.4655,21.3229],[82.3976,21.2885],[82.3944,21.2654],[82.3184,21.2898],[82.3007,21.2677],[82.2608,21.3089],[82.2468,21.3645],[82.2769,21.4005],[82.2416,21.4331],[82.1942,21.3777],[82.1662,21.3276],[82.1281,21.2959],[82.0684,21.271],[82.0197,21.2192],[82.016,21.1611],[81.9985,21.1319],[82.0077,21.0866],[82.1033,21.0278],[82.164,21.0134],[82.1994,20.9408],[82.2275,20.9501],[82.2844,20.9353],[82.2886,20.9129],[82.3493,20.8732],[82.4088,20.8657],[82.4229,20.8298],[82.485,20.8501],[82.4905,20.9029],[82.5603,20.9448],[82.6297,21.0397],[82.6392,21.0901],[82.6433,21.1524],[82.7648,21.1617],[82.7894,21.1442],[82.8473,21.1665],[82.8866,21.1523],[82.9096,21.1662],[82.9872,21.1608],[83.0479,21.1224],[83.1271,21.1046],[83.2,21.143],[83.2263,21.2272],[83.2214,21.2543],[83.2497,21.2798],[83.2772,21.3783],[83.2257,21.3817],[83.1836,21.3996],[83.1485,21.3635],[83.111,21.4269],[83.0542,21.4414],[83.0484,21.4795],[83,21.4576],[82.9346,21.4945]]]},"properties":{"DISTRICT":"Mahasamund","ST_NM":"Chhattisgarh","ST_CEN_CD":22,"DT_CEN_CD":12,"censuscode":411}},
{"type":"Feature","geometry":{"type":"Polygon","coordinates":[[[78.7017,16.933],[78.6499,16.9554],[78.5852,16.9518],[78.5621,16.9807],[78.5108,17.0133],[78.4532,17],[78.3891,17.0349],[78.3398,17.1205],[78.3078,17.1506],[78.2944,17.2242],[78.1734,17.171],[78.1828,17.0999],[78.1322,17.1124],[78.1025,17.1014],[78.0856,17.1951],[78.0554,17.1959],[77.9926,17.1269],[77.9906,17.1031],[77.9359,17.0858],[77.9229,17.0623],[77.9404,17.0236],[77.9792,17.0083],[78.0142,16.9501],[78.0111,16.9017],[77.9691,16.8692],[77.8659,16.8533],[77.7954,16.8746],[77.738,16.8808],[77.7403,16.938],[77.7685,17.0193],[77.7549,17.0619],[77.7708,17.1291],[77.7881,17.1536],[77.7667,17.2021],[77.7281,17.2059],[77.6175,17.1671],[77.5802,17.1301],[77.5395,17.1661],[77.4791,17.1746],[77.4857,17.1338],[77.4666,17.1074],[77.5035,17.0108],[77.4681,16.9562],[77.4565,16.8851],[77.4715,16.7804],[77.4413,16.7669],[77.4275,16.7183],[77.473,16.7126],[77.4693,16.6822],[77.4207,16.6667],[77.4581,16.6114],[77.4607,16.585],[77.4252,16.5692],[77.4195,16.5219],[77.3853,16.5156],[77.3704,16.4881],[77.2554,16.4718],[77.2886,16.407],[77.4161,16.3669],[77.4859,16.3821],[77.5235,16.3745],[77.5892,16.3326],[77.5956,16.3165],[77.4922,16.2543],[77.4996,16.1917],[77.4914,16.1204],[77.5078,16.078],[77.4955,16.0354],[77.515,16.0071],[77.5144,15.9258],[77.5936,15.9121],[77.6889,15.8792],[77.7216,15.8919],[77.8049,15.8708],[77.8615,15.8813],[77.8936,15.9015],[77.9343,15.8822],[78.008,15.865],[78.046,15.9039],[78.07,15.8505],[78.1076,15.8339],[78.1323,15.8549],[78.1712,15.855],[78.1865,15.9064],[78.2495,15.9431],[78.2747,16.0407],[78.3229,16.0352],[78.3471,16.0588],[78.4124,16.087],[78.4579,16.0872],[78.5662,16.0627],[78.6106,16.1028],[78.6437,16.0979],[78.6939,16.047],[78.7464,16.0278],[78.7826,16.0304],[78.8155,16.053],[78.844,16.0941],[78.8396,16.1584],[78.8639,16.1653],[78.8802,16.117],[78.921,16.1157],[78.9285,16.1405],[78.9156,16.1978],[79.0278,16.2511],[79.1308,16.2449],[79.2,16.2298],[79.233,16.2572],[79.2357,16.3438],[79.2193,16.3697],[79.118,16.423],[79.0172,16.4898],[78.9322,16.5175],[78.9129,16.5504],[78.8448,16.5474],[78.8048,16.5177],[78.7585,16.5359],[78.6825,16.5378],[78.7181,16.5813],[78.674,16.6485],[78.7575,16.7067],[78.7628,16.7447],[78.7887,16.7529],[78.7936,16.8262],[78.728,16.8713],[78.7503,16.9099],[78.7017,16.933]]]},"properties":{"DISTRICT":"Mahbubnagar","ST_NM":"Andhra Pradesh","ST_CEN_CD":28,"DT_CEN_CD":7,"censuscode":538}},
{"type":"Feature","geometry":{"type":"MultiPolygon","coordinates":[[[[75.5588,11.7251],[75.5465,11.7414],[75.5455,11.7543],[75.5436,11.7593],[75.5357,11.7583],[75.5334,11.7557],[75.5331,11.7527],[75.5368,11.7474],[75.5303,11.7291],[75.5289,11.727],[75.5283,11.7202],[75.5331,11.7175],[75.5406,11.7141],[75.5466,11.7159],[75.5491,11.7152],[75.5553,11.7175],[75.5593,11.7211],[75.5588,11.7251]]],[[[75.537,11.6927],[75.5442,11.7035],[75.5291,11.7053],[75.537,11.6927]]]]},"properties":{"DISTRICT":"Mahe","ST_NM":"Puducherry","ST_CEN_CD":34,"DT_CEN_CD":3,"censuscode":636}},
{"type":"Feature","geometry":{"type":"Polygon","coordinates":[[[76.2916,28.4485],[76.2774,28.4481],[76.2751,28.4481],[76.2592,28.4362],[76.2204,28.4672],[76.1965,28.4416],[76.1956,28.4418],[76.1871,28.4435],[76.1171,28.4508],[76.0788,28.3943],[76.028,28.3901],[75.9999,28.4401],[75.9061,28.4295],[75.9,28.4174],[75.9042,28.3995],[75.8976,28.3896],[75.9646,28.3342],[75.9949,28.2917],[76.027,28.2767],[76.0156,28.2489],[76.0613,28.2199],[76.083,28.168],[76.0359,28.1684],[75.944,28.0893],[75.985,28.0799],[75.9822,28.0326],[75.9632,27.9843],[75.9708,27.9326],[75.9312,27.9288],[75.9851,27.9049],[75.983,27.8603],[76.0878,27.8466],[76.1806,27.8028],[76.2311,27.8363],[76.2138,27.8433],[76.1776,27.9052],[76.1875,27.9683],[76.1619,27.988],[76.1855,28.0547],[76.2416,28.0518],[76.2593,28.0663],[76.345,28.0249],[76.3616,28.0608],[76.3403,28.102],[76.364,28.1237],[76.2866,28.1639],[76.3163,28.1788],[76.3453,28.2233],[76.371,28.3252],[76.3596,28.3461],[76.3308,28.3646],[76.3005,28.3827],[76.2906,28.4234],[76.2908,28.4348],[76.2918,28.4407],[76.2916,28.4485]]]},"properties":{"DISTRICT":"Mahendragarh","ST_NM":"Haryana","ST_CEN_CD":6,"DT_CEN_CD":16,"censuscode":84}},
{"type":"Feature","geometry":{"type":"Polygon","coordinates":[[[72.8652,24.0163],[72.8216,24.0353],[72.7921,24.0817],[72.7352,24.0842],[72.6228,24.0408],[72.6281,23.9906],[72.587,23.9717],[72.5658,23.9323],[72.5216,23.9401],[72.4783,23.9302],[72.3939,23.8818],[72.3424,23.8918],[72.2906,23.8479],[72.3007,23.799],[72.2686,23.6944],[72.3085,23.6691],[72.2836,23.6147],[72.2309,23.6431],[72.1943,23.6398],[72.0604,23.5747],[72.0508,23.621],[72.0063,23.6348],[71.9569,23.591],[71.9696,23.5315],[71.9997,23.5037],[72.0346,23.5053],[72.053,23.4436],[72.0983,23.4588],[72.2099,23.4309],[72.2623,23.4601],[72.2983,23.4134],[72.2612,23.3697],[72.2642,23.346],[72.2081,23.3082],[72.1784,23.2741],[72.1844,23.215],[72.1696,23.1951],[72.1872,23.1436],[72.2598,23.1042],[72.2857,23.0744],[72.3361,23.1073],[72.3743,23.1039],[72.4047,23.1305],[72.3854,23.1688],[72.44,23.2055],[72.4148,23.2811],[72.4666,23.2997],[72.4874,23.3388],[72.5211,23.3505],[72.5048,23.3852],[72.5419,23.4307],[72.5358,23.4592],[72.5873,23.4717],[72.5918,23.5188],[72.6288,23.5107],[72.6307,23.556],[72.6851,23.5554],[72.6887,23.5305],[72.7341,23.524],[72.7776,23.5363],[72.8017,23.5022],[72.8076,23.503],[72.8301,23.5403],[72.8073,23.5825],[72.8407,23.6025],[72.8176,23.6336],[72.8335,23.6696],[72.7976,23.7397],[72.8085,23.7927],[72.7881,23.8331],[72.8158,23.9448],[72.8524,23.979],[72.8652,24.0163]]]},"properties":{"DISTRICT":"Mahesana","ST_NM":"Gujarat","ST_CEN_CD":24,"DT_CEN_CD":4,"censuscode":471}},
{"type":"Feature","geometry":{"type":"MultiPolygon","coordinates":[[[[80.1211,25.4074],[80.1071,25.4009],[80.0243,25.4443],[80.0373,25.4785],[80.0002,25.4889],[80.0002,25.532],[80.026,25.5883],[79.9802,25.6308],[79.9426,25.5924],[79.9138,25.5966],[79.831,25.5492],[79.8143,25.499],[79.7392,25.5256],[79.7422,25.5482],[79.66,25.5417],[79.6448,25.4858],[79.5933,25.4953],[79.5351,25.4832],[79.4669,25.5064],[79.389,25.5218],[79.3697,25.4649],[79.3325,25.4282],[79.3246,25.399],[79.2771,25.337],[79.2842,25.3221],[79.3414,25.3277],[79.4418,25.237],[79.3915,25.1655],[79.3968,25.1158],[79.4975,25.0781],[79.558,25.1647],[79.6406,25.1282],[79.6739,25.1225],[79.7474,25.1384],[79.835,25.0956],[79.8685,25.1515],[79.8531,25.2319],[79.9572,25.2607],[80.0053,25.2656],[80.0288,25.3386],[80.1042,25.347],[80.1211,25.4074]]],[[[79.3888,25.0989],[79.362,25.0491],[79.3996,25.0307],[79.4241,25.0568],[79.3888,25.0989]]]]},"properties":{"DISTRICT":"Mahoba","ST_NM":"Uttar Pradesh","ST_CEN_CD":9,"DT_CEN_CD":38,"censuscode":169}},
{"type":"Feature","geometry":{"type":"Polygon","coordinates":[[[79.2508,27.3306],[79.2163,27.329],[79.1674,27.3807],[79.1469,27.3767],[79.1096,27.4323],[79.0635,27.4171],[79,27.4326],[78.9595,27.4192],[78.9068,27.4644],[78.8397,27.4095],[78.8365,27.3609],[78.7339,27.3357],[78.7273,27.3247],[78.7627,27.2018],[78.7892,27.1535],[78.7804,27.0499],[78.8182,26.9557],[78.9562,26.9715],[79.0021,26.9319],[79.0549,26.9832],[79.117,27.0003],[79.1928,27.0005],[79.1972,26.9751],[79.2717,26.9879],[79.3271,26.9604],[79.382,26.9861],[79.4015,27.049],[79.4339,27.0668],[79.3909,27.1204],[79.3947,27.1962],[79.3394,27.2155],[79.3206,27.2866],[79.2895,27.2819],[79.2508,27.3306]]]},"properties":{"DISTRICT":"Mainpuri","ST_NM":"Uttar Pradesh","ST_CEN_CD":9,"DT_CEN_CD":17,"censuscode":148}},
{"type":"Feature","geometry":{"type":"Polygon","coordinates":[[[76.447,11.2017],[76.4553,11.2376],[76.5226,11.2693],[76.5488,11.3283],[76.5472,11.3589],[76.457,11.3886],[76.3696,11.4549],[76.3289,11.4516],[76.2656,11.4799],[76.2407,11.5254],[76.2019,11.5065],[76.1843,11.4711],[76.1426,11.4492],[76.1015,11.3959],[76.0906,11.3099],[76.0456,11.2654],[75.9752,11.2666],[75.8818,11.2253],[75.8782,11.1845],[75.829,11.1243],[75.8521,11.0536],[75.9042,10.7965],[75.9247,10.7653],[75.9548,10.6862],[76.0104,10.6868],[76.0533,10.7036],[76.0701,10.7272],[76.0402,10.7617],[76.0335,10.8252],[76.0455,10.8457],[76.0941,10.8386],[76.1328,10.8961],[76.1832,10.9099],[76.2329,10.8855],[76.2709,10.9164],[76.3209,10.9116],[76.3367,10.9982],[76.3244,11.0483],[76.3522,11.0926],[76.4121,11.1192],[76.4113,11.2053],[76.447,11.2017]]]},"properties":{"DISTRICT":"Malappuram","ST_NM":"Kerala","ST_CEN_CD":32,"DT_CEN_CD":5,"censuscode":592}},
{"type":"Feature","geometry":{"type":"Polygon","coordinates":[[[88.0761,25.4809],[88.01,25.4944],[87.9614,25.5384],[87.93,25.536],[87.8757,25.5034],[87.8664,25.4782],[87.8697,25.4707],[87.8701,25.4683],[87.8693,25.4658],[87.8565,25.4687],[87.8554,25.4654],[87.8397,25.465],[87.8315,25.4579],[87.8316,25.4457],[87.8145,25.4346],[87.7924,25.4491],[87.7689,25.396],[87.7946,25.3727],[87.7874,25.3389],[87.8561,25.298],[87.8549,25.254],[87.7933,25.2211],[87.7767,25.1529],[87.7783,25.0998],[87.8054,25.0719],[87.8698,25.0406],[87.9119,24.9866],[87.967,24.9368],[87.9717,24.8822],[87.9023,24.8553],[87.9706,24.7568],[87.9654,24.6808],[88.0135,24.6689],[88.0632,24.7162],[88.0713,24.7692],[88.1091,24.783],[88.1177,24.8187],[88.1616,24.8504],[88.176,24.9455],[88.2211,24.9582],[88.2524,24.9361],[88.2763,24.8915],[88.3362,24.8722],[88.3469,24.9401],[88.3979,24.944],[88.4292,25.0125],[88.4517,25.0345],[88.4485,25.123],[88.4617,25.145],[88.4441,25.1973],[88.4644,25.2626],[88.4306,25.3033],[88.3859,25.2876],[88.3479,25.3006],[88.2713,25.2972],[88.2199,25.3072],[88.1922,25.2749],[88.1831,25.2896],[88.1321,25.2513],[88.114,25.323],[88.1151,25.3276],[88.1279,25.3634],[88.0761,25.4809]]]},"properties":{"DISTRICT":"Maldah","ST_NM":"West Bengal","ST_CEN_CD":19,"DT_CEN_CD":6,"censuscode":332}},
{"type":"Feature","geometry":{"type":"Polygon","coordinates":[[[82.4374,18.4928],[82.4047,18.5275],[82.4169,18.5644],[82.4442,18.5691],[82.4473,18.5994],[82.4191,18.6049],[82.359,18.6223],[82.315,18.5782],[82.265,18.5879],[82.2432,18.6111],[82.2222,18.6673],[82.1761,18.6331],[82.1354,18.6759],[82.1474,18.6919],[82.0929,18.7393],[81.9691,18.6927],[81.9556,18.6357],[81.9551,18.5661],[81.909,18.5641],[81.905,18.5354],[81.8712,18.5242],[81.8578,18.4961],[81.7703,18.4184],[81.7532,18.3525],[81.6664,18.3463],[81.6687,18.3229],[81.6017,18.3083],[81.5759,18.2803],[81.5362,18.2661],[81.5131,18.1909],[81.5309,18.1645],[81.517,18.0997],[81.4823,18.0359],[81.4851,17.9814],[81.4529,17.9297],[81.4458,17.8836],[81.4043,17.8951],[81.3935,17.8143],[81.4787,17.831],[81.4897,17.8107],[81.5834,17.8353],[81.6197,17.8234],[81.6716,17.8849],[81.7118,17.8692],[81.7669,17.9014],[81.8096,17.9441],[81.9446,17.9922],[81.9816,18.0138],[82.0332,18.066],[82.1723,18.0499],[82.2503,17.9883],[82.2758,17.995],[82.2667,18.0433],[82.3449,18.0558],[82.3418,18.1507],[82.3145,18.2038],[82.3412,18.224],[82.3453,18.2743],[82.3754,18.2791],[82.4014,18.3145],[82.3538,18.3298],[82.3928,18.3803],[82.3696,18.4177],[82.4374,18.4928]]]},"properties":{"DISTRICT":"Malkangiri","ST_NM":"Odisha","ST_CEN_CD":21,"DT_CEN_CD":30,"censuscode":399}},
{"type":"Feature","geometry":{"type":"Polygon","coordinates":[[[92.5324,24.1783],[92.4626,24.1343],[92.4362,24.1504],[92.4186,24.1923],[92.4221,24.2511],[92.2965,24.2499],[92.3244,24.2039],[92.3267,24.0746],[92.3168,24.0158],[92.3286,23.9879],[92.313,23.9328],[92.3307,23.91],[92.3094,23.8609],[92.2873,23.8653],[92.2589,23.8134],[92.2685,23.7244],[92.296,23.6874],[92.2793,23.6435],[92.31,23.5904],[92.3131,23.5343],[92.3348,23.4642],[92.379,23.3722],[92.3946,23.2656],[92.4262,23.2636],[92.4659,23.3183],[92.4602,23.3795],[92.4781,23.3897],[92.558,23.3693],[92.588,23.4009],[92.6727,23.3827],[92.6593,23.4218],[92.6545,23.5181],[92.6351,23.5336],[92.6604,23.5703],[92.6753,23.6231],[92.6371,23.6474],[92.6521,23.7141],[92.6252,23.7965],[92.6613,23.8321],[92.6413,23.892],[92.6579,23.9199],[92.6274,23.9538],[92.632,24.0291],[92.6145,24.0493],[92.5504,24.0548],[92.5324,24.1783]]]},"properties":{"DISTRICT":"Mamit","ST_NM":"Mizoram","ST_CEN_CD":15,"DT_CEN_CD":1,"censuscode":281}},
{"type":"Feature","geometry":{"type":"Polygon","coordinates":[[[76.9394,32.0628],[76.8424,32.0411],[76.7871,32.0734],[76.7381,32.0301],[76.6797,32.0481],[76.6628,32.0307],[76.6941,31.9326],[76.6752,31.8945],[76.6407,31.8747],[76.6212,31.7901],[76.6367,31.7498],[76.6739,31.7321],[76.6937,31.6822],[76.7277,31.6649],[76.7156,31.6307],[76.7298,31.5854],[76.7409,31.5179],[76.7671,31.5201],[76.798,31.4762],[76.8041,31.4226],[76.8806,31.4118],[76.8758,31.3544],[76.9209,31.367],[76.9435,31.3344],[77.0031,31.2978],[77.0319,31.2752],[77.1326,31.2287],[77.1902,31.2552],[77.3056,31.2713],[77.3367,31.2982],[77.3413,31.3226],[77.3529,31.3456],[77.3642,31.3564],[77.3719,31.3588],[77.3854,31.3583],[77.3867,31.3613],[77.3808,31.4179],[77.3372,31.4491],[77.3019,31.5575],[77.3058,31.6618],[77.2738,31.7012],[77.213,31.7311],[77.1876,31.8215],[77.1674,31.8383],[77.0595,31.8349],[77.0613,31.8561],[76.9786,31.9835],[76.9815,32.0114],[76.9394,32.0628]]]},"properties":{"DISTRICT":"Mandi","ST_NM":"Himachal Pradesh","ST_CEN_CD":2,"DT_CEN_CD":5,"censuscode":27}},
{"type":"Feature","geometry":{"type":"Polygon","coordinates":[[[80.5278,23.0795],[80.5113,23.1071],[80.4307,23.1397],[80.3569,23.1368],[80.3098,23.0966],[80.2464,23.1476],[80.1803,23.1155],[80.2031,23.0683],[80.165,23.0469],[80.1112,23.0531],[80.0854,23.0757],[80.0344,23.0359],[79.9956,23.0258],[80.0088,22.9826],[79.9592,22.9529],[79.9725,22.9198],[79.964,22.8526],[80.0048,22.8258],[80.0211,22.7939],[80.0746,22.7582],[80.1031,22.771],[80.1852,22.7662],[80.2157,22.8013],[80.2814,22.7862],[80.2854,22.7321],[80.2387,22.7141],[80.2353,22.6744],[80.1957,22.6518],[80.1929,22.6034],[80.1527,22.602],[80.113,22.6271],[80.0392,22.6071],[80.0086,22.5782],[80.0355,22.528],[80.0546,22.4576],[80.0926,22.4266],[80.0708,22.3764],[80.1003,22.3402],[80.2719,22.3099],[80.3023,22.3377],[80.3448,22.3285],[80.3415,22.2985],[80.3972,22.3054],[80.4473,22.2475],[80.4648,22.2791],[80.5068,22.2747],[80.536,22.2406],[80.6468,22.2266],[80.7112,22.2055],[80.7287,22.2209],[80.7057,22.2725],[80.7875,22.3128],[80.7957,22.3933],[80.8642,22.3772],[80.8824,22.3456],[80.923,22.3354],[80.9162,22.2782],[81,22.2882],[81.0476,22.2402],[81.0918,22.2464],[81.121,22.294],[81.1228,22.3437],[81.1081,22.3827],[81.1172,22.4405],[81.1941,22.4886],[81.1591,22.5543],[81.123,22.5913],[81.0832,22.6095],[81.0209,22.5954],[81.018,22.5564],[80.9689,22.5422],[80.9355,22.5731],[80.956,22.64],[80.9247,22.6811],[80.928,22.7538],[80.8706,22.7581],[80.8719,22.8486],[80.7705,22.8129],[80.7318,22.8127],[80.7362,22.8564],[80.6827,22.837],[80.5914,22.8576],[80.5729,22.8947],[80.5977,22.9416],[80.5842,23.0002],[80.5377,23.0463],[80.5278,23.0795]]]},"properties":{"DISTRICT":"Mandla","ST_NM":"Madhya Pradesh","ST_CEN_CD":23,"DT_CEN_CD":37,"censuscode":454}},
{"type":"Feature","geometry":{"type":"Polygon","coordinates":[[[75.7891,24.7614],[75.7446,24.7562],[75.6827,24.7238],[75.6618,24.6977],[75.6158,24.6844],[75.5844,24.7187],[75.551,24.7116],[75.5748,24.6761],[75.5951,24.5501],[75.5813,24.5119],[75.5216,24.476],[75.4864,24.4208],[75.4304,24.3756],[75.4277,24.3543],[75.3745,24.3363],[75.3493,24.3566],[75.2618,24.3329],[75.2143,24.3283],[75.1227,24.3549],[75.063,24.358],[75.0332,24.389],[74.9598,24.3519],[74.9649,24.3051],[74.9046,24.2427],[74.8806,24.2133],[74.9008,24.1711],[74.96,24.1069],[74.9934,24.0265],[74.9637,23.9705],[74.9147,23.9093],[74.9052,23.865],[74.9103,23.7977],[74.9399,23.7627],[74.9706,23.7942],[75.0249,23.784],[75.0506,23.8234],[75.088,23.8152],[75.1309,23.8301],[75.1988,23.8284],[75.2997,23.8521],[75.3326,23.839],[75.3726,23.8697],[75.4578,23.9171],[75.4661,23.9771],[75.5159,24.045],[75.5734,24.0137],[75.6365,23.996],[75.6711,24.0297],[75.7022,23.9652],[75.764,23.9941],[75.7817,24.0582],[75.8317,24.068],[75.8329,24.104],[75.7918,24.1059],[75.7456,24.1357],[75.7758,24.2169],[75.8077,24.2257],[75.8154,24.2967],[75.7674,24.3067],[75.7403,24.344],[75.7382,24.3994],[75.7887,24.4544],[75.8316,24.4184],[75.9061,24.442],[75.9083,24.5012],[75.9234,24.5396],[75.8554,24.6102],[75.8417,24.7257],[75.7891,24.7614]]]},"properties":{"DISTRICT":"Mandsaur","ST_NM":"Madhya Pradesh","ST_CEN_CD":23,"DT_CEN_CD":16,"censuscode":433}},
{"type":"Feature","geometry":{"type":"Polygon","coordinates":[[[77.0813,12.7461],[77.0106,12.764],[76.9711,12.8025],[76.9252,12.8044],[76.8917,12.8533],[76.8921,12.8893],[76.8405,12.949],[76.8521,12.9773],[76.7624,13.0347],[76.7026,13.0392],[76.674,13.0539],[76.6529,13.0065],[76.6319,13.0056],[76.6323,12.9719],[76.6054,12.9369],[76.5769,12.8479],[76.5226,12.8412],[76.4699,12.7949],[76.4117,12.8458],[76.3326,12.7978],[76.3578,12.7523],[76.365,12.7102],[76.3451,12.656],[76.3664,12.6285],[76.3811,12.5747],[76.4135,12.5558],[76.4581,12.4785],[76.5682,12.4245],[76.5573,12.391],[76.5806,12.3487],[76.6251,12.3676],[76.651,12.3955],[76.6814,12.3667],[76.7197,12.355],[76.733,12.3193],[76.8118,12.3598],[76.8359,12.4023],[76.9368,12.4015],[76.9394,12.354],[76.9793,12.3466],[76.9998,12.2437],[77.0353,12.2334],[77.1131,12.2423],[77.17,12.2595],[77.1661,12.3091],[77.3228,12.3071],[77.3337,12.3531],[77.3145,12.3899],[77.2873,12.3919],[77.2695,12.4649],[77.2143,12.486],[77.1667,12.4822],[77.1477,12.4616],[77.115,12.553],[77.1001,12.6669],[77.0767,12.6783],[77.0813,12.7461]]]},"properties":{"DISTRICT":"Mandya","ST_NM":"Karnataka","ST_CEN_CD":29,"DT_CEN_CD":19,"censuscode":573}},
{"type":"Feature","geometry":{"type":"Polygon","coordinates":[[[75.7367,29.8085],[75.7747,29.8346],[75.7601,29.8919],[75.7328,29.9331],[75.6735,29.9087],[75.6466,29.952],[75.653,29.9822],[75.6865,30.0065],[75.6292,30.081],[75.6453,30.1026],[75.624,30.1428],[75.579,30.1434],[75.5662,30.148],[75.5005,30.15],[75.4643,30.1964],[75.4276,30.1867],[75.3723,30.2005],[75.3459,30.1297],[75.2608,30.0989],[75.2539,30.0361],[75.2793,30.0002],[75.2346,29.9568],[75.1841,29.9684],[75.185,29.8833],[75.2157,29.8573],[75.1887,29.835],[75.2411,29.75],[75.2081,29.7287],[75.1988,29.6787],[75.1688,29.6673],[75.1831,29.628],[75.231,29.6043],[75.2209,29.5802],[75.2478,29.5493],[75.3004,29.5594],[75.2902,29.6009],[75.3277,29.6683],[75.4075,29.7586],[75.4541,29.7837],[75.5668,29.7631],[75.5735,29.7415],[75.6767,29.7698],[75.708,29.7522],[75.7367,29.8085]]]},"properties":{"DISTRICT":"Mansa","ST_NM":"Punjab","ST_CEN_CD":3,"DT_CEN_CD":13,"censuscode":47}},
{"type":"Feature","geometry":{"type":"Polygon","coordinates":[[[92.4023,26.1382],[92.4384,26.243],[92.5068,26.256],[92.555,26.3385],[92.5514,26.3605],[92.4421,26.4051],[92.4427,26.4846],[92.4249,26.5167],[92.3465,26.5021],[92.2913,26.4595],[92.2573,26.4513],[92.2225,26.4168],[92.1815,26.423],[92.1441,26.3985],[92.0862,26.3369],[92.0508,26.2808],[91.9844,26.2748],[91.956,26.2537],[91.9999,26.2044],[92.0345,26.2077],[92.132,26.1784],[92.1651,26.1482],[92.1804,26.0779],[92.2432,26.0608],[92.3035,26.0747],[92.3881,26.1397],[92.4023,26.1382]]]},"properties":{"DISTRICT":"Marigaon","ST_NM":"Assam","ST_CEN_CD":18,"DT_CEN_CD":5,"censuscode":304}},
{"type":"Feature","geometry":{"type":"Polygon","coordinates":[[[77.8976,27.5838],[77.8721,27.5753],[77.8509,27.6533],[77.7941,27.6841],[77.7969,27.7333],[77.8342,27.7528],[77.7615,27.904],[77.7146,27.9429],[77.6787,27.9416],[77.6443,27.9648],[77.6262,27.9358],[77.5567,27.9123],[77.5284,27.9262],[77.4779,27.9272],[77.4789,27.889],[77.4313,27.8888],[77.3829,27.8581],[77.3382,27.8464],[77.2846,27.801],[77.313,27.7824],[77.3194,27.7313],[77.3427,27.7023],[77.351,27.6474],[77.3198,27.6061],[77.3344,27.5913],[77.3488,27.5192],[77.3847,27.513],[77.4021,27.4763],[77.4381,27.4564],[77.4236,27.4197],[77.4403,27.3935],[77.5057,27.3757],[77.6001,27.2948],[77.6475,27.2414],[77.7015,27.2518],[77.7806,27.2334],[77.8474,27.2881],[77.9505,27.2827],[77.9037,27.323],[77.9191,27.3737],[77.9028,27.4408],[77.9422,27.4845],[77.8786,27.5268],[77.9085,27.5637],[77.8976,27.5838]]]},"properties":{"DISTRICT":"Mathura","ST_NM":"Uttar Pradesh","ST_CEN_CD":9,"DT_CEN_CD":14,"censuscode":145}},
{"type":"Feature","geometry":{"type":"Polygon","coordinates":[[[83.508,26.2771],[83.4712,26.2582],[83.4099,26.1676],[83.4219,26.1392],[83.3848,26.0845],[83.3813,26.042],[83.3271,26.0224],[83.3325,25.933],[83.3132,25.8572],[83.3462,25.8141],[83.3792,25.7984],[83.402,25.8368],[83.5082,25.8635],[83.6598,25.8911],[83.7326,25.8563],[83.7985,25.9226],[83.7725,26.0018],[83.6894,26.0095],[83.6824,26.0709],[83.7954,26.1078],[83.8081,26.1349],[83.7845,26.1644],[83.8112,26.1907],[83.7904,26.2295],[83.7418,26.2624],[83.6347,26.223],[83.5344,26.2771],[83.508,26.2771]]]},"properties":{"DISTRICT":"Mau","ST_NM":"Uttar Pradesh","ST_CEN_CD":9,"DT_CEN_CD":61,"censuscode":192}},
{"type":"Feature","geometry":{"type":"Polygon","coordinates":[[[86.0676,22.5518],[85.9751,22.5031],[85.9666,22.482],[85.9593,22.4594],[86.0273,22.3853],[85.9986,22.3418],[86.0235,22.3082],[85.9755,22.2471],[86.0324,22.1891],[86.0004,22.1357],[86.0083,22.117],[85.9483,22.0232],[85.8999,21.9824],[85.7901,21.9827],[85.762,22.0124],[85.7848,22.0403],[85.8079,22.1147],[85.7283,22.0621],[85.6779,22.0554],[85.6718,22.0131],[85.7397,21.9932],[85.7958,21.9514],[85.8111,21.812],[85.8832,21.794],[85.9064,21.7674],[85.9719,21.7396],[86.0144,21.7457],[86.0539,21.709],[86.0806,21.6289],[86.0483,21.5735],[86.0102,21.5322],[86.1297,21.471],[86.1598,21.4293],[86.0942,21.3114],[86.1207,21.2719],[86.1513,21.2866],[86.1904,21.2732],[86.2861,21.3752],[86.3586,21.3197],[86.3618,21.3002],[86.4279,21.3317],[86.5349,21.4277],[86.5854,21.5208],[86.6406,21.5337],[86.6515,21.5647],[86.6881,21.5939],[86.8128,21.6066],[86.8656,21.5968],[86.8908,21.6224],[86.9194,21.5804],[86.9518,21.5727],[87,21.5944],[87.0125,21.6478],[87.0543,21.6832],[87.1019,21.7509],[87.1129,21.7862],[87.1598,21.7681],[87.1786,21.8121],[87.0993,21.865],[87.035,21.87],[87.0027,21.9121],[87.0391,21.9937],[87.0224,22.0457],[86.9621,22.0877],[86.8528,22.1026],[86.8112,22.1184],[86.7953,22.1581],[86.7205,22.1476],[86.7279,22.2193],[86.6534,22.2397],[86.6507,22.2653],[86.5837,22.3017],[86.5298,22.3067],[86.5053,22.3447],[86.4298,22.3101],[86.3582,22.3491],[86.2935,22.4289],[86.226,22.4526],[86.208,22.4738],[86.1071,22.4936],[86.0676,22.5518]]]},"properties":{"DISTRICT":"Mayurbhanj","ST_NM":"Odisha","ST_CEN_CD":21,"DT_CEN_CD":7,"censuscode":376}},
{"type":"Feature","geometry":{"type":"Polygon","coordinates":[[[78.5686,18.2298],[78.5685,18.1882],[78.5351,18.1842],[78.456,18.1328],[78.3886,18.1246],[78.3599,18.1723],[78.3266,18.2001],[78.283,18.149],[78.2181,18.1787],[78.1937,18.2147],[78.1713,18.1697],[78.1734,18.1067],[78.141,18.0765],[78.0788,18.0794],[78.0099,18.1115],[77.942,18.1126],[77.8975,18.1603],[77.9058,18.1941],[77.7726,18.1906],[77.7247,18.2604],[77.6682,18.2833],[77.6027,18.2748],[77.5761,18.2425],[77.5736,18.1911],[77.6015,18.1539],[77.6012,18.0865],[77.571,18.0784],[77.5568,18.0369],[77.6104,18.0203],[77.6573,17.9717],[77.6238,17.9468],[77.6204,17.9053],[77.5712,17.8686],[77.5581,17.833],[77.5297,17.8293],[77.5081,17.7851],[77.5582,17.7638],[77.5431,17.728],[77.4615,17.7015],[77.4435,17.5841],[77.4937,17.569],[77.5312,17.576],[77.5523,17.5523],[77.6607,17.5243],[77.6898,17.5087],[77.7614,17.5593],[77.7742,17.602],[77.8559,17.6433],[77.8743,17.5809],[77.9229,17.574],[78.0195,17.4754],[78.0544,17.4598],[78.0853,17.4971],[78.1344,17.488],[78.1671,17.4632],[78.2139,17.4864],[78.2187,17.4398],[78.263,17.419],[78.3063,17.4655],[78.297,17.4915],[78.3545,17.5235],[78.3872,17.6652],[78.4203,17.6696],[78.4303,17.7009],[78.5134,17.6858],[78.5718,17.6872],[78.6156,17.669],[78.6639,17.6958],[78.72,17.6667],[78.775,17.676],[78.827,17.7426],[78.8592,17.7519],[78.8696,17.8091],[78.8723,17.8665],[78.8327,17.8935],[78.8809,17.9633],[78.9079,17.9595],[78.9721,18.0318],[79,17.9997],[79.0506,18.0334],[79.0962,18.025],[79.1269,18.0824],[79.0652,18.0848],[79.0428,18.1265],[79.0158,18.1427],[79.0095,18.2037],[78.9655,18.2165],[78.9424,18.2574],[78.8978,18.2391],[78.7797,18.2648],[78.7584,18.2286],[78.698,18.2312],[78.6635,18.249],[78.5939,18.2467],[78.5686,18.2298]]]},"properties":{"DISTRICT":"Medak","ST_NM":"Andhra Pradesh","ST_CEN_CD":28,"DT_CEN_CD":4,"censuscode":535}},
{"type":"Feature","geometry":{"type":"Polygon","coordinates":[[[78.1372,29.2534],[78.0372,29.2618],[77.9294,29.2098],[77.8688,29.2224],[77.8525,29.1976],[77.8039,29.1804],[77.7505,29.2144],[77.6938,29.2234],[77.6651,29.25],[77.5892,29.2559],[77.5075,29.1901],[77.477,29.1831],[77.4323,29.0861],[77.4596,29.0672],[77.4772,28.9605],[77.4616,28.9204],[77.4618,28.9056],[77.5972,28.8746],[77.6932,28.875],[77.7172,28.7875],[77.6976,28.7433],[77.7325,28.7364],[77.7878,28.7673],[77.7925,28.7859],[77.8542,28.8014],[77.8685,28.862],[77.8972,28.8662],[77.9688,28.8434],[78.0346,28.8632],[78.116,28.8563],[78.0637,28.8926],[78.0656,28.9556],[78.0937,28.9767],[78.1012,29.0257],[78.0847,29.0681],[78.1059,29.0834],[78.1093,29.1402],[78.1359,29.1653],[78.1271,29.2054],[78.1372,29.2534]]]},"properties":{"DISTRICT":"Meerut","ST_NM":"Uttar Pradesh","ST_CEN_CD":9,"DT_CEN_CD":7,"censuscode":138}},
{"type":"Feature","geometry":{"type":"Polygon","coordinates":[[[77.3382,27.8464],[77.3219,27.875],[77.2586,27.8772],[77.1947,27.9406],[77.1614,27.9429],[77.0745,27.9862],[77.1023,28.0053],[77.1787,28.1995],[77.1128,28.2155],[77.0194,28.2495],[77.0137,28.3053],[76.9778,28.3342],[76.9307,28.3206],[76.9014,28.2577],[76.8549,28.2346],[76.8634,28.22],[76.9301,28.157],[76.9708,28.1387],[76.9555,28.066],[76.9274,27.9923],[76.9352,27.8289],[76.9164,27.8306],[76.8969,27.7142],[76.9425,27.6697],[76.9788,27.6518],[77.0029,27.7367],[77.0405,27.743],[77.0316,27.7818],[77.0469,27.8146],[77.1098,27.78],[77.156,27.7812],[77.1584,27.8069],[77.2433,27.7803],[77.2846,27.801],[77.3382,27.8464]]]},"properties":{"DISTRICT":"Mewat","ST_NM":"Haryana","ST_CEN_CD":6,"DT_CEN_CD":19,"censuscode":87}},
{"type":"Feature","geometry":{"type":"Polygon","coordinates":[[[83.0341,25.2415],[83.0022,25.2027],[82.9188,25.2131],[82.8716,25.1995],[82.8568,25.1691],[82.7925,25.2099],[82.8171,25.2572],[82.7572,25.2427],[82.7107,25.2626],[82.672,25.2482],[82.5783,25.2505],[82.5392,25.2387],[82.4763,25.2468],[82.4672,25.2233],[82.4016,25.2596],[82.3607,25.2141],[82.3329,25.2126],[82.3,25.2717],[82.2636,25.268],[82.2437,25.2148],[82.269,25.1821],[82.3274,25.0757],[82.2972,25.0496],[82.3052,25.0195],[82.2646,24.9666],[82.2418,24.9635],[82.169,24.8905],[82.1383,24.8837],[82.0843,24.8327],[82.1083,24.8073],[82.1676,24.7897],[82.2039,24.7612],[82.2466,24.7519],[82.2512,24.6993],[82.3,24.6624],[82.302,24.6115],[82.3379,24.6215],[82.369,24.5998],[82.4173,24.5957],[82.4098,24.6815],[82.4283,24.703],[82.4949,24.6733],[82.5266,24.6762],[82.55,24.6946],[82.5561,24.7411],[82.5475,24.8078],[82.5829,24.8303],[82.6273,24.7882],[82.6592,24.7847],[82.7255,24.8183],[82.8253,24.8544],[82.8397,24.8426],[82.955,24.8376],[83.0128,24.9002],[83.015,24.8225],[83.0575,24.7991],[83.1078,24.8165],[83.0673,24.9286],[83.0764,24.9766],[83.0652,25.0652],[83.1226,25.0561],[83.1424,25.1313],[83.1676,25.1353],[83.1752,25.1844],[83.1279,25.1873],[83.0341,25.2415]]]},"properties":{"DISTRICT":"Mirzapur","ST_NM":"Uttar Pradesh","ST_CEN_CD":9,"DT_CEN_CD":68,"censuscode":199}},
{"type":"Feature","geometry":{"type":"Polygon","coordinates":[[[75.3554,30.9889],[75.3069,31.0007],[75.2951,31.0341],[75.2411,31.0461],[75.2295,31.0657],[75.1717,31.0872],[75.1171,31.0927],[75.1139,31.0923],[75.1123,31.0877],[75.1036,31.0735],[75.0518,31.0319],[75.0594,30.9601],[74.9552,30.8913],[74.9521,30.8843],[74.9475,30.8235],[74.9098,30.7557],[74.9112,30.7358],[74.915,30.68],[74.9554,30.6743],[74.954,30.5896],[74.9918,30.5432],[75.0083,30.4881],[75.1095,30.5202],[75.1402,30.5789],[75.1746,30.5626],[75.1873,30.5064],[75.2669,30.5191],[75.2928,30.5097],[75.3147,30.5346],[75.3642,30.5145],[75.4214,30.5509],[75.408,30.5824],[75.3813,30.6224],[75.3726,30.6819],[75.3779,30.7483],[75.3967,30.8089],[75.374,30.8566],[75.4072,30.8939],[75.3781,30.9119],[75.3554,30.9889]]]},"properties":{"DISTRICT":"Moga","ST_NM":"Punjab","ST_CEN_CD":3,"DT_CEN_CD":8,"censuscode":42}},
{"type":"Feature","geometry":{"type":"Polygon","coordinates":[[[94.7095,26.4439],[94.6914,26.5238],[94.7371,26.5952],[94.7117,26.6364],[94.6732,26.6516],[94.7525,26.7016],[94.7585,26.7335],[94.7381,26.7636],[94.6869,26.7274],[94.6231,26.7145],[94.5956,26.7249],[94.5455,26.706],[94.455,26.6342],[94.4103,26.6117],[94.4152,26.5785],[94.3969,26.5249],[94.3242,26.4747],[94.3168,26.4582],[94.2927,26.4184],[94.3594,26.3577],[94.3503,26.335],[94.3558,26.2426],[94.389,26.2204],[94.3702,26.1923],[94.4105,26.2116],[94.4371,26.2037],[94.4883,26.2899],[94.5146,26.2346],[94.5504,26.2025],[94.5873,26.2185],[94.5651,26.2791],[94.6529,26.3409],[94.6622,26.3761],[94.7061,26.4124],[94.7095,26.4439]]]},"properties":{"DISTRICT":"Mokokchung","ST_NM":"Nagaland","ST_CEN_CD":13,"DT_CEN_CD":2,"censuscode":262}},
{"type":"Feature","geometry":{"type":"Polygon","coordinates":[[[95.2373,26.6798],[95.2159,26.729],[95.2424,26.7782],[95.215,26.7922],[95.1845,26.8588],[95.23,26.8795],[95.1955,26.9841],[95.1959,27.0372],[95.0872,26.947],[94.986,26.9127],[94.9577,26.9381],[94.8867,26.9272],[94.8215,26.8492],[94.7911,26.7962],[94.8361,26.7174],[94.7918,26.6834],[94.7913,26.6347],[94.8586,26.6104],[94.8842,26.5752],[94.8974,26.5259],[94.904,26.4389],[94.9358,26.4398],[94.9863,26.4806],[95.0755,26.4713],[95.1541,26.5744],[95.1544,26.6131],[95.2058,26.6427],[95.2373,26.6798]]]},"properties":{"DISTRICT":"Mon","ST_NM":"Nagaland","ST_CEN_CD":13,"DT_CEN_CD":1,"censuscode":261}},
{"type":"Feature","geometry":{"type":"Polygon","coordinates":[[[78.7707,29.2807],[78.707,29.2672],[78.6738,29.1974],[78.6386,29.1612],[78.6643,29.1438],[78.602,29.0844],[78.5252,29.0698],[78.572,29.0171],[78.5283,28.9455],[78.581,28.944],[78.6302,28.9227],[78.6536,28.8609],[78.5826,28.7965],[78.5143,28.7737],[78.4402,28.7963],[78.4195,28.7399],[78.4157,28.6585],[78.4383,28.6062],[78.4146,28.4628],[78.4945,28.4149],[78.4936,28.3803],[78.5255,28.3578],[78.5977,28.3512],[78.6388,28.3332],[78.6803,28.346],[78.707,28.3768],[78.7551,28.3764],[78.8179,28.4452],[78.8708,28.4809],[78.9204,28.4794],[78.9409,28.517],[78.9377,28.5625],[78.9051,28.6035],[78.8392,28.6602],[78.8794,28.6904],[78.946,28.7129],[78.9757,28.7632],[78.9382,28.8552],[78.8878,28.8975],[78.9022,28.9485],[78.8917,28.9736],[78.9498,29.0328],[78.9352,29.0795],[78.9699,29.1232],[78.9727,29.1556],[78.9167,29.1571],[78.9111,29.1966],[78.8761,29.2435],[78.8258,29.2463],[78.7707,29.2807]]]},"properties":{"DISTRICT":"Moradabad","ST_NM":"Uttar Pradesh","ST_CEN_CD":9,"DT_CEN_CD":4,"censuscode":135}},
{"type":"Feature","geometry":{"type":"Polygon","coordinates":[[[77.2063,26.1129],[77.2509,26.0855],[77.2734,26.1233],[77.3174,26.1415],[77.4031,26.1531],[77.4685,26.1013],[77.5521,26.0239],[77.6145,26.03],[77.6485,26.0087],[77.6407,25.9621],[77.5999,25.9599],[77.5989,25.9181],[77.6769,25.9161],[77.6722,25.9795],[77.7297,26.0497],[77.7743,26.051],[77.7419,26.1285],[77.7441,26.1634],[77.7709,26.1838],[77.7812,26.2213],[77.815,26.2553],[77.8369,26.2302],[77.9013,26.2328],[77.9116,26.2532],[77.9851,26.2518],[78.0273,26.3118],[78.1219,26.339],[78.2291,26.3048],[78.2643,26.3377],[78.2869,26.3904],[78.2895,26.4386],[78.2563,26.443],[78.2154,26.5288],[78.2684,26.5352],[78.3514,26.56],[78.3712,26.5885],[78.4301,26.6091],[78.4627,26.6714],[78.502,26.6723],[78.5378,26.7336],[78.5436,26.7658],[78.4667,26.7894],[78.4344,26.8265],[78.3941,26.8221],[78.371,26.8655],[78.2905,26.8583],[78.264,26.8145],[78.2182,26.8303],[78.1877,26.7954],[78.1036,26.7836],[78.0962,26.6809],[78.0002,26.6969],[77.9478,26.657],[77.9115,26.6605],[77.8872,26.6146],[77.8282,26.5942],[77.8207,26.5491],[77.747,26.5371],[77.7346,26.5097],[77.6785,26.5041],[77.6065,26.4486],[77.5588,26.435],[77.5301,26.4094],[77.4349,26.4014],[77.4395,26.3595],[77.3733,26.366],[77.325,26.3409],[77.3151,26.3096],[77.2739,26.2707],[77.2012,26.2306],[77.1716,26.2391],[77.1202,26.226],[77.1478,26.192],[77.1518,26.1624],[77.1751,26.1754],[77.2063,26.1129]]]},"properties":{"DISTRICT":"Morena","ST_NM":"Madhya Pradesh","ST_CEN_CD":23,"DT_CEN_CD":2,"censuscode":419}},
{"type":"Feature","geometry":{"type":"Polygon","coordinates":[[[74.8223,30.3931],[74.7534,30.3938],[74.7556,30.4332],[74.7341,30.4642],[74.763,30.4854],[74.6876,30.521],[74.7104,30.5576],[74.6683,30.5786],[74.6206,30.6353],[74.5609,30.6632],[74.5021,30.6674],[74.461,30.6238],[74.4287,30.5492],[74.3736,30.5145],[74.3287,30.4461],[74.2845,30.432],[74.3169,30.3875],[74.3215,30.3288],[74.2616,30.2463],[74.287,30.2314],[74.357,30.2396],[74.3368,30.1615],[74.3744,30.1506],[74.367,30.085],[74.4267,30.0231],[74.4516,29.9469],[74.5287,29.943],[74.5955,29.9142],[74.6496,29.9218],[74.7073,29.9704],[74.7172,30.0143],[74.6835,30.1019],[74.632,30.1273],[74.6583,30.1633],[74.7049,30.1603],[74.7229,30.2578],[74.7522,30.2858],[74.7257,30.3079],[74.7864,30.3392],[74.8223,30.3931]]]},"properties":{"DISTRICT":"Muktsar","ST_NM":"Punjab","ST_CEN_CD":3,"DT_CEN_CD":10,"censuscode":44}},
{"type":"Feature","geometry":{"type":"Polygon","coordinates":[[[72.8968,18.9788],[72.879,18.9915],[72.8594,19.0547],[72.8177,19.0325],[72.8079,18.9801],[72.8212,18.9329],[72.8062,18.9087],[72.84,18.8453],[72.8695,18.9108],[72.9145,18.9508],[72.8968,18.9788]]]},"properties":{"DISTRICT":"Mumbai","ST_NM":"Maharashtra","ST_CEN_CD":27,"DT_CEN_CD":23,"censuscode":519}},
{"type":"Feature","geometry":{"type":"Polygon","coordinates":[[[72.9586,18.9873],[72.9785,19.0327],[72.9678,19.0936],[72.9829,19.156],[72.9068,19.2419],[72.8565,19.2692],[72.8182,19.2455],[72.7815,19.2632],[72.779,19.2161],[72.7942,19.1906],[72.7869,19.1483],[72.8177,19.1225],[72.8177,19.0325],[72.8594,19.0547],[72.879,18.9915],[72.8968,18.9788],[72.9586,18.9873]]]},"properties":{"DISTRICT":"Mumbai Suburban","ST_NM":"Maharashtra","ST_CEN_CD":27,"DT_CEN_CD":22,"censuscode":518}},
{"type":"Feature","geometry":{"type":"Polygon","coordinates":[[[86.7313,25.254],[86.7075,25.2709],[86.6587,25.2712],[86.6349,25.3065],[86.6525,25.3304],[86.6272,25.3601],[86.636,25.4054],[86.6009,25.4257],[86.581,25.4855],[86.5431,25.4932],[86.5095,25.4285],[86.4772,25.399],[86.4383,25.4016],[86.3666,25.356],[86.315,25.3346],[86.2987,25.2973],[86.3594,25.2808],[86.3851,25.2191],[86.3692,25.1435],[86.4147,25.1297],[86.4212,25.1025],[86.3895,25.0504],[86.4406,25.0248],[86.4458,24.9985],[86.5033,24.9795],[86.6015,24.9488],[86.6435,24.9749],[86.6612,25.0163],[86.6556,25.0558],[86.6929,25.1126],[86.68,25.1302],[86.7356,25.1842],[86.6795,25.1922],[86.6495,25.2182],[86.678,25.2399],[86.7313,25.254]]]},"properties":{"DISTRICT":"Munger","ST_NM":"Bihar","ST_CEN_CD":10,"DT_CEN_CD":24,"censuscode":226}},
{"type":"Feature","geometry":{"type":"Polygon","coordinates":[[[88.0135,24.6689],[87.9654,24.6808],[87.9706,24.7568],[87.9023,24.8553],[87.8706,24.7753],[87.8374,24.7466],[87.906,24.7226],[87.8914,24.6792],[87.9167,24.6634],[87.8924,24.5639],[87.9509,24.5163],[87.9746,24.47],[87.9785,24.4151],[87.9625,24.3395],[88.0153,24.3141],[88.0238,24.2431],[87.9961,24.2427],[87.9866,24.1942],[87.9436,24.1944],[87.9008,24.1457],[87.9103,24.0988],[87.8758,24.0165],[87.8696,23.9171],[87.8551,23.8863],[87.8953,23.836],[87.9267,23.8401],[87.9662,23.8033],[87.9735,23.8304],[88.0252,23.8245],[88.0372,23.7629],[88.062,23.7205],[88.0942,23.751],[88.1668,23.7529],[88.1977,23.7648],[88.2719,23.8098],[88.3399,23.8067],[88.4108,23.8178],[88.4441,23.8505],[88.4776,23.8571],[88.462,23.9203],[88.5223,23.9477],[88.5136,23.9832],[88.5848,24.0281],[88.6257,23.9799],[88.6553,24.0717],[88.7078,24.0954],[88.7141,24.1205],[88.7035,24.1676],[88.7359,24.1989],[88.7418,24.2617],[88.7268,24.2983],[88.6754,24.3151],[88.6407,24.3063],[88.573,24.3225],[88.4273,24.3797],[88.3432,24.3778],[88.2702,24.4422],[88.1949,24.4648],[88.1031,24.5467],[88.0516,24.6306],[88.0135,24.6689]]]},"properties":{"DISTRICT":"Murshidabad","ST_NM":"West Bengal","ST_CEN_CD":19,"DT_CEN_CD":7,"censuscode":333}},
{"type":"Feature","geometry":{"type":"Polygon","coordinates":[[[78,29.5402],[77.9892,29.6365],[77.9576,29.6817],[77.886,29.6965],[77.8231,29.667],[77.7442,29.6038],[77.6968,29.6144],[77.6665,29.5741],[77.625,29.613],[77.4888,29.6325],[77.4463,29.6697],[77.3906,29.6463],[77.3417,29.6451],[77.2999,29.6707],[77.2027,29.6796],[77.1438,29.6946],[77.0971,29.5959],[77.1211,29.548],[77.0962,29.5286],[77.1346,29.4811],[77.1346,29.4483],[77.1575,29.34],[77.1533,29.2964],[77.207,29.2742],[77.3095,29.261],[77.3552,29.2393],[77.4107,29.2451],[77.5075,29.1901],[77.5892,29.2559],[77.6651,29.25],[77.6938,29.2234],[77.7505,29.2144],[77.8039,29.1804],[77.8525,29.1976],[77.8688,29.2224],[77.9294,29.2098],[78.0372,29.2618],[78.1372,29.2534],[78.1098,29.3237],[78.0682,29.3591],[78.0653,29.4019],[77.9935,29.4933],[78,29.5402]]]},"properties":{"DISTRICT":"Muzaffarnagar","ST_NM":"Uttar Pradesh","ST_CEN_CD":9,"DT_CEN_CD":2,"censuscode":133}},
{"type":"Feature","geometry":{"type":"Polygon","coordinates":[[[85.7047,26.3066],[85.6346,26.3327],[85.5752,26.3661],[85.5098,26.3815],[85.4691,26.3328],[85.4403,26.2705],[85.4123,26.2707],[85.3724,26.342],[85.2831,26.3493],[85.2572,26.3087],[85.2023,26.2944],[85.1981,26.3247],[85.1153,26.3134],[85.0641,26.3417],[85.0272,26.3188],[84.9052,26.3214],[84.8768,26.2552],[84.8987,26.2148],[84.9235,26.1775],[84.9179,26.1425],[84.9519,26.1045],[84.9402,26.0167],[84.9761,25.9938],[85.0696,25.9715],[85.1504,25.9916],[85.1704,26.0105],[85.2337,26.0023],[85.2703,26.0132],[85.2991,25.9885],[85.2859,25.9471],[85.3337,25.9484],[85.3866,25.9273],[85.5254,25.9158],[85.6335,25.9226],[85.6273,26.005],[85.6813,26.0269],[85.7151,26.0903],[85.7286,26.1262],[85.7271,26.201],[85.7002,26.2261],[85.7155,26.2767],[85.7047,26.3066]]]},"properties":{"DISTRICT":"Muzaffarpur","ST_NM":"Bihar","ST_CEN_CD":10,"DT_CEN_CD":14,"censuscode":216}},
{"type":"Feature","geometry":{"type":"Polygon","coordinates":[[[77.1131,12.2423],[77.0353,12.2334],[76.9998,12.2437],[76.9793,12.3466],[76.9394,12.354],[76.9368,12.4015],[76.8359,12.4023],[76.8118,12.3598],[76.733,12.3193],[76.7197,12.355],[76.6814,12.3667],[76.651,12.3955],[76.6251,12.3676],[76.5806,12.3487],[76.5573,12.391],[76.5682,12.4245],[76.4581,12.4785],[76.4135,12.5558],[76.3811,12.5747],[76.3664,12.6285],[76.3451,12.656],[76.3117,12.6209],[76.2695,12.6188],[76.2287,12.6431],[76.2096,12.6291],[76.1933,12.574],[76.1685,12.5787],[76.1322,12.5259],[76.1009,12.5287],[76.0484,12.5726],[76.0208,12.5665],[75.964,12.5029],[75.9733,12.452],[75.9307,12.4373],[75.9113,12.4017],[75.9617,12.345],[76,12.325],[76.0231,12.2518],[76.0623,12.2498],[76.1017,12.1985],[76.1335,12.1925],[76.171,12.1183],[76.1893,12.0522],[76.114,11.9769],[76.1144,11.8575],[76.1906,11.8702],[76.2101,11.8556],[76.2254,11.8066],[76.2821,11.8074],[76.3178,11.7506],[76.3424,11.7374],[76.4153,11.7603],[76.4237,11.8054],[76.462,11.7903],[76.4922,11.8208],[76.491,11.8584],[76.5341,11.8707],[76.5765,11.9211],[76.5602,11.9455],[76.5836,11.9823],[76.6439,11.9823],[76.669,12.0077],[76.7025,11.9947],[76.7672,11.9961],[76.8241,12.0104],[76.905,11.9958],[76.9395,12.0267],[76.8718,12.0563],[76.8749,12.1157],[76.8337,12.1283],[76.8432,12.156],[76.9473,12.0981],[76.9869,12.1405],[77.02,12.1352],[77.0463,12.1689],[77.1337,12.2087],[77.1131,12.2423]]]},"properties":{"DISTRICT":"Mysore","ST_NM":"Karnataka","ST_CEN_CD":29,"DT_CEN_CD":23,"censuscode":577}},
{"type":"Feature","geometry":{"type":"Polygon","coordinates":[[[82.0175,20.0491],[81.9415,20.1034],[81.897,20.0474],[81.8813,20.0503],[81.8449,19.9543],[81.866,19.9039],[81.968,19.8593],[81.9878,19.8005],[82.0598,19.7961],[82.0648,19.7583],[82.0452,19.7088],[82.0591,19.6295],[82.0426,19.5884],[82.0539,19.5439],[82.0301,19.5071],[82.0998,19.5152],[82.1047,19.4665],[82.1271,19.4295],[82.1782,19.4351],[82.1913,19.4181],[82.1742,19.3717],[82.1881,19.338],[82.1596,19.2714],[82.169,19.2144],[82.1796,19.2228],[82.2072,19.2293],[82.242,19.2266],[82.2832,19.2041],[82.397,19.2091],[82.4325,19.1716],[82.4941,19.1824],[82.5488,19.2057],[82.6163,19.1826],[82.7042,19.1883],[82.7418,19.1599],[82.8264,19.1708],[82.8287,19.1802],[82.8351,19.1791],[82.8362,19.1893],[82.8426,19.2],[82.8566,19.2035],[82.8483,19.2087],[82.839,19.2349],[82.8056,19.2368],[82.8257,19.2557],[82.8378,19.3249],[82.7873,19.3421],[82.7573,19.328],[82.715,19.3584],[82.6936,19.417],[82.6341,19.4823],[82.6454,19.5072],[82.5691,19.543],[82.5499,19.6098],[82.5722,19.6727],[82.5688,19.7343],[82.6032,19.7464],[82.5927,19.7765],[82.5794,19.8331],[82.605,19.8658],[82.4833,19.9056],[82.45,19.908],[82.3964,19.8868],[82.3471,19.835],[82.3059,19.8884],[82.2693,19.9763],[82.2382,20.0027],[82.1918,19.9857],[82.1237,20.0149],[82.0655,20.0542],[82.0175,20.0491]]]},"properties":{"DISTRICT":"Nabarangapur","ST_NM":"Odisha","ST_CEN_CD":21,"DT_CEN_CD":28,"censuscode":397}},
{"type":"Feature","geometry":{"type":"MultiPolygon","coordinates":[[[[88.753,23.2393],[88.7002,23.2953],[88.7662,23.37],[88.7679,23.4444],[88.8036,23.4828],[88.7829,23.4999],[88.7464,23.483],[88.6652,23.5519],[88.6474,23.6106],[88.5655,23.6478],[88.5777,23.6721],[88.5681,23.7168],[88.5847,23.7906],[88.6056,23.8187],[88.5799,23.8616],[88.6707,23.8858],[88.737,23.9161],[88.7405,24.0573],[88.7078,24.0954],[88.6553,24.0717],[88.6257,23.9799],[88.5848,24.0281],[88.5136,23.9832],[88.5223,23.9477],[88.462,23.9203],[88.4776,23.8571],[88.4441,23.8505],[88.4108,23.8178],[88.3399,23.8067],[88.2719,23.8098],[88.1977,23.7648],[88.1958,23.7363],[88.1463,23.6851],[88.1569,23.6274],[88.2182,23.605],[88.2656,23.6157],[88.2963,23.5593],[88.3618,23.543],[88.3915,23.4967],[88.3657,23.4777],[88.3436,23.4237],[88.3596,23.3957],[88.3329,23.3661],[88.3308,23.3124],[88.3652,23.254],[88.3579,23.2376],[88.4198,23.2121],[88.476,23.2097],[88.4531,23.1476],[88.5026,23.124],[88.4939,23.0788],[88.4191,23.0157],[88.4117,22.9453],[88.5105,22.9429],[88.6141,22.9046],[88.6594,22.874],[88.6642,22.983],[88.6885,23.0256],[88.6783,23.0941],[88.7069,23.136],[88.7204,23.1863],[88.7124,23.2354],[88.753,23.2393]]],[[[88.7359,24.1989],[88.7035,24.1676],[88.7141,24.1205],[88.7481,24.1385],[88.7359,24.1989]]]]},"properties":{"DISTRICT":"Nadia","ST_NM":"West Bengal","ST_CEN_CD":19,"DT_CEN_CD":10,"censuscode":336}},
{"type":"Feature","geometry":{"type":"Polygon","coordinates":[[[93.3045,26.5782],[93.2884,26.6349],[93.3224,26.657],[93.3093,26.6981],[93.2469,26.6837],[93.2182,26.6255],[93.1244,26.5774],[93.0744,26.5945],[93.0091,26.5982],[92.9443,26.6171],[92.9243,26.5981],[92.8522,26.5852],[92.7737,26.5562],[92.7556,26.5117],[92.7054,26.5257],[92.581,26.5],[92.529,26.5092],[92.4671,26.4975],[92.4249,26.5167],[92.4427,26.4846],[92.4421,26.4051],[92.5514,26.3605],[92.555,26.3385],[92.5068,26.256],[92.4384,26.243],[92.4023,26.1382],[92.4319,26.1103],[92.4712,26.1463],[92.5306,26.1428],[92.5993,26.0761],[92.5729,26.0008],[92.5937,25.9645],[92.6584,25.9986],[92.6709,26.028],[92.7173,26.0214],[92.7495,26.0403],[92.7771,25.9937],[92.7652,25.964],[92.8052,25.9186],[92.8495,25.9047],[92.8769,25.8668],[92.9872,25.8751],[93.0726,25.7746],[93.109,25.7742],[93.1479,25.7374],[93.1451,25.7129],[93.185,25.7295],[93.223,25.7252],[93.2521,25.7867],[93.2368,25.8531],[93.188,25.9023],[93.1602,25.9904],[93.1083,26.0701],[92.9703,26.1285],[92.9439,26.1521],[92.9443,26.2008],[92.8208,26.2151],[92.8219,26.2652],[92.8502,26.3043],[92.8815,26.2856],[92.9441,26.3266],[92.915,26.3553],[92.9148,26.3923],[93.0063,26.4257],[93.0575,26.4212],[93.0936,26.4683],[93.0721,26.4893],[93.0088,26.4937],[93.047,26.5354],[93.1078,26.5309],[93.1893,26.5675],[93.2103,26.5179],[93.254,26.5681],[93.3045,26.5782]]]},"properties":{"DISTRICT":"Nagaon","ST_NM":"Assam","ST_CEN_CD":18,"DT_CEN_CD":6,"censuscode":305}},
{"type":"Feature","geometry":{"type":"Polygon","coordinates":[[[74.681,27.6672],[74.6283,27.6482],[74.6068,27.6763],[74.4956,27.6656],[74.4421,27.6916],[74.3438,27.6794],[74.2573,27.6023],[74.2387,27.5264],[74.206,27.5061],[74.2047,27.4238],[74.1541,27.4106],[74.1373,27.4606],[74.0821,27.479],[74.0302,27.5349],[73.9737,27.5059],[73.9021,27.4963],[73.8782,27.5394],[73.8295,27.5044],[73.7902,27.5014],[73.7514,27.5341],[73.7045,27.5186],[73.6571,27.5641],[73.6176,27.5356],[73.6121,27.4893],[73.5397,27.4941],[73.5062,27.4338],[73.4946,27.3604],[73.5042,27.3333],[73.45,27.3096],[73.3752,27.2605],[73.3511,27.1969],[73.2841,27.2551],[73.2679,27.3037],[73.2424,27.326],[73.2083,27.2778],[73.1631,27.2948],[73.132,27.2352],[73.1563,27.199],[73.167,27.1445],[73.152,27.1208],[73.1919,27.0564],[73.1578,27.0249],[73.1526,26.9924],[73.1147,26.9657],[73.1228,26.944],[73.1773,26.9294],[73.191,26.882],[73.2131,26.8685],[73.3271,26.8566],[73.4381,26.8863],[73.4917,26.8869],[73.5303,26.8585],[73.5876,26.8633],[73.631,26.8393],[73.655,26.8078],[73.6718,26.7517],[73.6498,26.71],[73.7208,26.552],[73.7551,26.5407],[73.7939,26.5044],[73.8566,26.4672],[73.8731,26.4305],[73.9581,26.4193],[74.0698,26.4229],[74.0995,26.4464],[74.1747,26.4212],[74.2382,26.4613],[74.2908,26.449],[74.3371,26.4427],[74.3754,26.4888],[74.429,26.486],[74.4812,26.4974],[74.5933,26.6291],[74.6178,26.5999],[74.6187,26.5658],[74.6739,26.594],[74.7219,26.6756],[74.7236,26.7019],[74.6654,26.7113],[74.6978,26.7711],[74.7494,26.7705],[74.7811,26.7986],[74.7741,26.8487],[74.8048,26.8526],[74.8521,26.975],[74.9114,26.9759],[74.9835,26.9412],[74.9768,26.8903],[75.0144,26.8949],[75.0136,26.9452],[75.1656,26.9328],[75.1658,26.9616],[75.204,26.9736],[75.2044,27.007],[75.2593,27.0341],[75.2231,27.0553],[75.2211,27.0828],[75.3401,27.0935],[75.3414,27.1399],[75.3162,27.1591],[75.3011,27.1291],[75.1785,27.1409],[75.1182,27.1839],[75.1253,27.211],[75.0719,27.2193],[75.1679,27.3163],[75.116,27.3444],[75.1182,27.3765],[75.0737,27.3853],[75.0095,27.3468],[74.9469,27.3463],[74.8985,27.3298],[74.8738,27.372],[74.8572,27.4503],[74.8032,27.4498],[74.7987,27.4822],[74.7231,27.5012],[74.7164,27.5375],[74.7616,27.5676],[74.681,27.6672]]]},"properties":{"DISTRICT":"Nagaur","ST_NM":"Rajasthan","ST_CEN_CD":8,"DT_CEN_CD":14,"censuscode":112}},
{"type":"Feature","geometry":{"type":"Polygon","coordinates":[[[79.5119,21.5894],[79.5185,21.6256],[79.4946,21.6731],[79.4174,21.6899],[79.4007,21.6735],[79.2907,21.6927],[79.2339,21.7206],[79.2224,21.649],[79.1536,21.6593],[79.1098,21.6081],[79.0151,21.6002],[78.9803,21.6162],[78.9182,21.5618],[78.9373,21.4862],[78.7663,21.4884],[78.7294,21.463],[78.6892,21.4806],[78.626,21.4761],[78.5899,21.4854],[78.565,21.5131],[78.5135,21.5268],[78.4853,21.5046],[78.4349,21.5002],[78.4462,21.4028],[78.4019,21.3836],[78.3764,21.394],[78.2513,21.3286],[78.298,21.293],[78.333,21.2506],[78.4425,21.2347],[78.507,21.1898],[78.5587,21.1148],[78.5897,21.1147],[78.6069,21.0692],[78.6521,21.0359],[78.7309,21.0046],[78.7351,20.947],[78.8048,20.8767],[78.8647,20.8713],[78.864,20.8422],[78.9159,20.8351],[78.9155,20.8064],[78.9452,20.767],[79.0528,20.7343],[79.1069,20.6857],[79.1429,20.6759],[79.1886,20.6026],[79.2247,20.5821],[79.3218,20.5832],[79.3755,20.6773],[79.4069,20.6555],[79.46,20.6689],[79.509,20.7039],[79.5355,20.74],[79.5356,20.7728],[79.5604,20.8029],[79.6166,20.9025],[79.6441,20.9165],[79.6596,20.9694],[79.6126,21.0384],[79.5137,21.1213],[79.5105,21.1627],[79.5519,21.1573],[79.5756,21.2833],[79.4833,21.4273],[79.4505,21.4349],[79.4858,21.502],[79.5427,21.5434],[79.5119,21.5894]]]},"properties":{"DISTRICT":"Nagpur","ST_NM":"Maharashtra","ST_CEN_CD":27,"DT_CEN_CD":9,"censuscode":505}},
{"type":"Feature","geometry":{"type":"Polygon","coordinates":[[[79.852,29.4344],[79.7871,29.4494],[79.7443,29.4307],[79.691,29.4733],[79.6635,29.5401],[79.6152,29.5543],[79.5776,29.5405],[79.53,29.5456],[79.5014,29.4991],[79.4487,29.5198],[79.3791,29.5874],[79.3411,29.6088],[79.3087,29.5991],[79.2232,29.5212],[79.119,29.5462],[79.0805,29.5778],[79.0367,29.5855],[79,29.5489],[78.9664,29.5391],[78.939,29.4717],[78.9084,29.4502],[78.8995,29.403],[78.841,29.3622],[78.9231,29.3418],[78.9796,29.3082],[79.0051,29.3176],[79.0305,29.2653],[79.1101,29.2567],[79.1255,29.2738],[79.2747,29.2398],[79.2504,29.1824],[79.4192,29.0514],[79.6307,29.0529],[79.6513,29.0766],[79.7097,29.033],[79.8045,29.0233],[79.8811,28.9909],[79.9082,29.0249],[79.9701,29.0532],[79.9709,29.1206],[79.9019,29.1331],[79.8794,29.1579],[79.9252,29.2088],[79.9022,29.2493],[79.8598,29.2732],[79.8159,29.2753],[79.8181,29.3077],[79.8582,29.3135],[79.8712,29.3445],[79.8362,29.4051],[79.852,29.4344]]]},"properties":{"DISTRICT":"Nainital","ST_NM":"Uttarakhand","ST_CEN_CD":5,"DT_CEN_CD":11,"censuscode":66}},
{"type":"Feature","geometry":{"type":"Polygon","coordinates":[[[85.9055,25.2936],[85.8109,25.2917],[85.7547,25.3175],[85.7154,25.3557],[85.6507,25.34],[85.6285,25.3811],[85.5909,25.3849],[85.5786,25.4246],[85.4984,25.4286],[85.4063,25.461],[85.3616,25.4028],[85.3076,25.3955],[85.1886,25.4022],[85.1938,25.3389],[85.1814,25.3089],[85.1665,25.1901],[85.1739,25.137],[85.2163,25.0735],[85.2048,25.0532],[85.2033,25.0476],[85.2023,25.0337],[85.2109,25.0345],[85.3264,25.0244],[85.3965,24.966],[85.4996,25.006],[85.5667,24.9878],[85.5711,25.0297],[85.6079,25.0331],[85.6613,25.0663],[85.6409,25.0991],[85.6877,25.1356],[85.7021,25.2697],[85.7716,25.2634],[85.771,25.2447],[85.8292,25.218],[85.8423,25.2391],[85.8926,25.2289],[85.9187,25.2395],[85.9055,25.2936]]]},"properties":{"DISTRICT":"Nalanda","ST_NM":"Bihar","ST_CEN_CD":10,"DT_CEN_CD":27,"censuscode":229}},
{"type":"Feature","geometry":{"type":"Polygon","coordinates":[[[91.2368,26.1822],[91.2576,26.1632],[91.3587,26.1644],[91.4159,26.1362],[91.4205,26.265],[91.4536,26.2726],[91.4592,26.318],[91.528,26.3298],[91.5279,26.3779],[91.5669,26.4332],[91.558,26.54],[91.5547,26.546],[91.562,26.5535],[91.568,26.564],[91.5686,26.5659],[91.5695,26.5706],[91.57,26.5726],[91.5642,26.575],[91.5465,26.5763],[91.4986,26.5313],[91.4715,26.5793],[91.4048,26.5296],[91.3511,26.5188],[91.3299,26.4924],[91.2928,26.5045],[91.2926,26.5084],[91.2921,26.5083],[91.2907,26.507],[91.29,26.5024],[91.2692,26.4871],[91.2414,26.455],[91.2376,26.3921],[91.2806,26.3544],[91.2222,26.2158],[91.2368,26.1822]]]},"properties":{"DISTRICT":"Nalbari","ST_NM":"Assam","ST_CEN_CD":18,"DT_CEN_CD":24,"censuscode":323}},
{"type":"Feature","geometry":{"type":"Polygon","coordinates":[[[79.7929,17.3198],[79.7673,17.3751],[79.7586,17.4308],[79.6292,17.4916],[79.5595,17.5017],[79.5187,17.4952],[79.4683,17.5157],[79.4035,17.5],[79.3184,17.5292],[79.3078,17.5557],[79.2266,17.5638],[79.2072,17.6245],[79.1617,17.5786],[79.1242,17.6675],[79.0748,17.7121],[79.0152,17.7196],[78.9887,17.7885],[78.8696,17.8091],[78.8592,17.7519],[78.827,17.7426],[78.775,17.676],[78.72,17.6667],[78.6877,17.578],[78.7134,17.5244],[78.7133,17.4392],[78.7604,17.4441],[78.7406,17.3594],[78.7473,17.2968],[78.7711,17.2585],[78.8271,17.2364],[78.7946,17.1729],[78.7955,17.1409],[78.8393,17.125],[78.8502,17.0871],[78.8307,17.0178],[78.7898,16.9734],[78.707,16.9625],[78.7017,16.933],[78.7503,16.9099],[78.728,16.8713],[78.7936,16.8262],[78.7887,16.7529],[78.7628,16.7447],[78.7575,16.7067],[78.674,16.6485],[78.7181,16.5813],[78.6825,16.5378],[78.7585,16.5359],[78.8048,16.5177],[78.8448,16.5474],[78.9129,16.5504],[78.9322,16.5175],[79.0172,16.4898],[79.118,16.423],[79.2193,16.3697],[79.2268,16.445],[79.244,16.4654],[79.2382,16.526],[79.2738,16.5682],[79.3534,16.5864],[79.4345,16.5894],[79.4585,16.6161],[79.5052,16.6375],[79.5717,16.6451],[79.608,16.6703],[79.6562,16.6691],[79.6912,16.6975],[79.7309,16.6998],[79.7831,16.7367],[79.8186,16.6978],[79.8702,16.7056],[79.8993,16.6571],[79.9511,16.6403],[80,16.7002],[80.0564,16.7528],[80.0781,16.8212],[80.0415,16.8599],[80,16.8706],[80.0542,16.9725],[80.0622,17.0173],[79.9999,17.0694],[79.9793,17.1004],[79.8756,17.1866],[79.8996,17.2184],[79.8799,17.2679],[79.826,17.2762],[79.7929,17.3198]]]},"properties":{"DISTRICT":"Nalgonda","ST_NM":"Andhra Pradesh","ST_CEN_CD":28,"DT_CEN_CD":8,"censuscode":539}},
{"type":"Feature","geometry":{"type":"Polygon","coordinates":[[[78.4864,11.4031],[78.4456,11.3979],[78.4413,11.4934],[78.4541,11.5384],[78.4522,11.5933],[78.387,11.5823],[78.3291,11.5552],[78.3053,11.5852],[78.2456,11.5516],[78.1594,11.5352],[78.1039,11.5527],[78.0581,11.5115],[77.9818,11.5262],[77.9723,11.4656],[77.9129,11.4504],[77.8736,11.4086],[77.8468,11.4198],[77.8303,11.4645],[77.7697,11.4788],[77.7392,11.4411],[77.6963,11.4584],[77.6835,11.4192],[77.7605,11.3302],[77.8084,11.2647],[77.8623,11.2444],[77.8626,11.1816],[77.8837,11.1569],[77.8892,11.082],[77.9323,11.0674],[77.9865,11.0896],[78.0273,11.0913],[78.0567,11.0741],[78.1065,11.0688],[78.1685,11.0109],[78.1953,11.0212],[78.1829,11.0669],[78.2365,11.0656],[78.2482,11.0908],[78.324,11.0563],[78.326,11.0976],[78.3494,11.135],[78.3823,11.1384],[78.3814,11.1867],[78.4092,11.1953],[78.4663,11.3108],[78.452,11.3276],[78.4864,11.4031]]]},"properties":{"DISTRICT":"Namakkal","ST_NM":"Tamil Nadu","ST_CEN_CD":33,"DT_CEN_CD":8,"censuscode":609}},
{"type":"Feature","geometry":{"type":"Polygon","coordinates":[[[78.3148,19.9131],[78.2005,19.9027],[78.1421,19.9153],[78.0784,19.9006],[78.0533,19.9307],[78.0187,19.9156],[77.9539,19.9112],[77.8919,19.871],[77.8491,19.8008],[77.8605,19.7437],[77.8916,19.7272],[77.9336,19.7393],[78,19.6815],[78.0471,19.6989],[78.0822,19.6485],[78.1311,19.6671],[78.179,19.655],[78.1947,19.6255],[78.1846,19.5637],[78.1474,19.5529],[78.1144,19.4914],[78.0679,19.467],[78.0259,19.4974],[78.0132,19.4654],[77.9588,19.5109],[77.8616,19.5196],[77.8429,19.5098],[77.8475,19.4558],[77.749,19.431],[77.6989,19.4386],[77.7374,19.4805],[77.7497,19.5218],[77.6463,19.5475],[77.6168,19.6378],[77.5552,19.6525],[77.5395,19.6687],[77.4596,19.6819],[77.4702,19.4986],[77.4936,19.4663],[77.4373,19.407],[77.4516,19.389],[77.3644,19.3387],[77.3138,19.354],[77.2801,19.3148],[77.2443,19.3209],[77.2221,19.27],[77.1783,19.2108],[77.1915,19.1304],[77.1663,19.1162],[77.1414,19.0701],[77.1041,19.1037],[77.0627,19.0674],[77.0548,18.9882],[77.0206,18.9342],[76.951,18.9067],[76.9571,18.8744],[77.0128,18.8779],[77.019,18.843],[76.9954,18.8274],[77.0081,18.7671],[77.0568,18.7658],[77.0465,18.683],[77.1571,18.7014],[77.1558,18.6463],[77.1998,18.6472],[77.2142,18.6248],[77.2706,18.611],[77.2667,18.5655],[77.2965,18.5473],[77.2473,18.4991],[77.2749,18.4749],[77.2683,18.453],[77.2674,18.4198],[77.3162,18.4408],[77.3675,18.4313],[77.4037,18.3994],[77.396,18.3422],[77.411,18.3013],[77.4688,18.2618],[77.5535,18.2932],[77.5308,18.3412],[77.5862,18.4447],[77.5742,18.4685],[77.6008,18.5491],[77.6441,18.5555],[77.6613,18.5288],[77.7161,18.5561],[77.751,18.5907],[77.7335,18.6443],[77.7367,18.6775],[77.7904,18.6959],[77.8414,18.8089],[77.9483,18.8438],[77.9033,18.8693],[77.8856,18.9099],[77.8444,18.9126],[77.8577,18.9535],[77.821,18.9835],[77.7711,18.9825],[77.7654,19.0631],[77.801,19.0524],[77.8041,19.0999],[77.8491,19.1152],[77.8484,19.1891],[77.872,19.247],[77.9046,19.278],[77.8648,19.3029],[77.953,19.3421],[78.05,19.2719],[78.1311,19.2475],[78.1878,19.2427],[78.2016,19.3328],[78.1841,19.354],[78.192,19.3966],[78.2288,19.435],[78.3136,19.4574],[78.3011,19.5592],[78.3156,19.605],[78.2921,19.6552],[78.2904,19.6903],[78.3499,19.7142],[78.3724,19.7817],[78.3436,19.8397],[78.2987,19.85],[78.3148,19.9131]]]},"properties":{"DISTRICT":"Nanded","ST_NM":"Maharashtra","ST_CEN_CD":27,"DT_CEN_CD":15,"censuscode":511}},
{"type":"Feature","geometry":{"type":"Polygon","coordinates":[[[74.7721,21.6135],[74.7114,21.6243],[74.6685,21.6477],[74.5865,21.6627],[74.5452,21.7181],[74.5088,21.7222],[74.5145,21.7599],[74.5002,21.8053],[74.5243,21.9068],[74.4901,21.9525],[74.4483,21.9655],[74.4322,22.029],[74.3848,22.0183],[74.3419,21.9734],[74.2969,21.9642],[74.2876,21.9348],[74.2014,21.9238],[74.1417,21.9524],[74.042,21.9213],[73.9441,21.869],[73.8743,21.8373],[73.8361,21.8373],[73.8221,21.8107],[73.8408,21.7408],[73.8848,21.7094],[73.8801,21.6438],[73.7817,21.6239],[73.8187,21.5971],[73.855,21.4947],[73.9321,21.5194],[73.9822,21.5211],[74.0204,21.5513],[74.0632,21.558],[74.1802,21.5592],[74.2023,21.5282],[74.2336,21.5486],[74.2648,21.5338],[74.2874,21.5572],[74.3313,21.5386],[74.3235,21.4941],[74.3016,21.4778],[74.218,21.4575],[74.1808,21.4655],[74.1158,21.4483],[74.052,21.4544],[74.0415,21.4172],[73.9564,21.3919],[73.9428,21.2964],[73.8861,21.2613],[73.826,21.2664],[73.8139,21.2209],[73.8163,21.1709],[73.7351,21.1662],[73.6294,21.1319],[73.7375,21.0808],[73.7917,21.0673],[73.7962,21.045],[73.8438,21.0005],[73.8509,20.9967],[73.8838,21.0281],[73.9601,21.0443],[73.9513,21.0859],[74.0196,21.1439],[74.0695,21.1274],[74.0582,21.1712],[74.1205,21.2138],[74.1819,21.2095],[74.2199,21.2383],[74.2722,21.2493],[74.343,21.2291],[74.3598,21.2532],[74.4303,21.2632],[74.4475,21.2366],[74.4918,21.2395],[74.4979,21.2902],[74.4791,21.3531],[74.5086,21.3896],[74.5208,21.4295],[74.5728,21.4034],[74.6085,21.4153],[74.6386,21.3995],[74.6858,21.4025],[74.6985,21.4705],[74.7522,21.4756],[74.7569,21.5718],[74.7721,21.6135]]]},"properties":{"DISTRICT":"Nandurbar","ST_NM":"Maharashtra","ST_CEN_CD":27,"DT_CEN_CD":1,"censuscode":497}},
{"type":"Feature","geometry":{"type":"Polygon","coordinates":[[[81.0941,19.6902],[81.0671,19.7058],[80.9985,19.8332],[81.0115,19.8994],[81.0642,19.9314],[81.0372,19.9718],[81.072,20.0479],[81.0464,20.0852],[81.0078,20.0946],[80.9488,20.0715],[80.8981,20.0275],[80.8896,19.9706],[80.8345,19.9048],[80.7602,19.8671],[80.7278,19.8335],[80.7668,19.804],[80.7154,19.7744],[80.7256,19.6979],[80.6726,19.6913],[80.6692,19.6122],[80.7282,19.6119],[80.7925,19.5641],[80.8269,19.5691],[80.8596,19.528],[80.8864,19.5229],[80.8995,19.4696],[80.8749,19.4474],[80.7953,19.4306],[80.8338,19.3521],[80.9547,19.3169],[80.9896,19.2283],[80.9935,19.2274],[81.014,19.2301],[81.0299,19.2321],[81.0739,19.232],[81.0707,19.2692],[81.1192,19.2634],[81.1283,19.2569],[81.2224,19.2882],[81.2381,19.3235],[81.3048,19.3363],[81.3559,19.3252],[81.356,19.3251],[81.39,19.3614],[81.4689,19.3752],[81.4743,19.4711],[81.4324,19.4753],[81.4598,19.5691],[81.4622,19.62],[81.4828,19.6608],[81.4471,19.6772],[81.4283,19.7179],[81.3787,19.7251],[81.3723,19.8026],[81.3944,19.8326],[81.3936,19.8328],[81.3936,19.8327],[81.356,19.8324],[81.3459,19.8317],[81.3017,19.7982],[81.2442,19.8053],[81.1922,19.7793],[81.1787,19.8024],[81.1377,19.7853],[81.1548,19.716],[81.1403,19.6904],[81.1009,19.689],[81.0941,19.6902]]]},"properties":{"DISTRICT":"Narayanpur","ST_NM":"Chhattisgarh","ST_CEN_CD":22,"DT_CEN_CD":16,"censuscode":415}},
{"type":"Feature","geometry":{"type":"Polygon","coordinates":[[[73.698,22.0047],[73.6726,22.0166],[73.6473,22.072],[73.6163,22.0773],[73.5037,22.0369],[73.5076,21.9627],[73.4516,21.976],[73.4334,21.914],[73.3668,21.9277],[73.3535,21.8823],[73.3001,21.8895],[73.3117,21.8261],[73.3678,21.8005],[73.4088,21.7467],[73.4111,21.7096],[73.4668,21.7188],[73.489,21.7029],[73.4757,21.6551],[73.4843,21.61],[73.4511,21.5691],[73.4512,21.5226],[73.4795,21.493],[73.5621,21.4719],[73.6765,21.4726],[73.6994,21.3955],[73.7004,21.3948],[73.7949,21.4105],[73.8092,21.4066],[73.8849,21.4503],[73.9714,21.4604],[73.9822,21.5211],[73.9321,21.5194],[73.855,21.4947],[73.8187,21.5971],[73.7817,21.6239],[73.8801,21.6438],[73.8848,21.7094],[73.8408,21.7408],[73.8221,21.8107],[73.8361,21.8373],[73.8743,21.8373],[73.9441,21.869],[73.8592,21.9499],[73.8085,21.9271],[73.7153,21.9783],[73.7043,21.9785],[73.707,21.9966],[73.7108,22.0008],[73.6998,22.0047],[73.6992,22.0048],[73.6986,22.0048],[73.698,22.0047]]]},"properties":{"DISTRICT":"Narmada","ST_NM":"Gujarat","ST_CEN_CD":24,"DT_CEN_CD":20,"censuscode":487}},
{"type":"Feature","geometry":{"type":"Polygon","coordinates":[[[79.1896,23.22],[79.1476,23.1712],[79.0968,23.2015],[78.9811,23.1978],[78.9309,23.2323],[78.8941,23.2127],[78.8074,23.2359],[78.8137,23.2115],[78.7912,23.1279],[78.7964,23.0921],[78.752,23.074],[78.7263,23.0445],[78.6231,23.0306],[78.5862,23.0112],[78.5449,23.0165],[78.4636,23.0042],[78.4423,22.9851],[78.4686,22.9584],[78.5717,22.9556],[78.5993,22.8506],[78.5889,22.8235],[78.6315,22.7906],[78.6755,22.7769],[78.6798,22.6994],[78.6902,22.6537],[78.7415,22.6238],[78.784,22.6291],[78.8408,22.6825],[78.9169,22.668],[78.9446,22.6269],[79.0106,22.6289],[79.0271,22.7082],[79.0171,22.7394],[79.0447,22.7588],[79.0767,22.7437],[79.1375,22.7881],[79.1937,22.8051],[79.2409,22.799],[79.2449,22.7208],[79.2848,22.6924],[79.2989,22.6181],[79.3256,22.6156],[79.4015,22.683],[79.4131,22.722],[79.4551,22.7292],[79.5139,22.7199],[79.5202,22.7809],[79.5445,22.8176],[79.6253,22.8734],[79.596,22.9438],[79.623,22.9547],[79.6393,22.9775],[79.5937,23.019],[79.6077,23.0638],[79.577,23.1275],[79.5113,23.1394],[79.4604,23.096],[79.3514,23.1052],[79.372,23.1642],[79.3343,23.1475],[79.3011,23.2281],[79.2419,23.2498],[79.2269,23.2244],[79.1896,23.22]]]},"properties":{"DISTRICT":"Narsimhapur","ST_NM":"Madhya Pradesh","ST_CEN_CD":23,"DT_CEN_CD":35,"censuscode":452}},
{"type":"Feature","geometry":{"type":"Polygon","coordinates":[[[74.8149,20.6337],[74.8057,20.6566],[74.7381,20.6676],[74.7101,20.6893],[74.6509,20.6949],[74.6612,20.7366],[74.6223,20.7985],[74.5484,20.827],[74.4221,20.8054],[74.3876,20.8346],[74.3395,20.8514],[74.3158,20.842],[74.1264,20.8651],[74.0479,20.8356],[73.9389,20.8392],[73.9343,20.7679],[73.9145,20.7226],[73.8824,20.7302],[73.8361,20.7013],[73.8396,20.6228],[73.78,20.6016],[73.741,20.5667],[73.6937,20.5778],[73.6583,20.5623],[73.6292,20.5788],[73.6146,20.6248],[73.5551,20.6469],[73.4893,20.6856],[73.4671,20.7213],[73.4076,20.6259],[73.432,20.5948],[73.4726,20.5833],[73.4677,20.4947],[73.4406,20.4664],[73.4061,20.3814],[73.4282,20.2819],[73.4116,20.2569],[73.418,20.2014],[73.3669,20.1949],[73.3019,20.2072],[73.2842,20.1539],[73.2499,20.1247],[73.272,20.1049],[73.2655,20.0608],[73.2956,20.0605],[73.3644,20.021],[73.4059,20.0169],[73.4525,19.982],[73.4237,19.9157],[73.4619,19.7595],[73.5009,19.7587],[73.5203,19.7018],[73.567,19.6215],[73.6202,19.587],[73.6636,19.5863],[73.7128,19.614],[73.7796,19.6356],[73.7814,19.6562],[73.8428,19.7409],[73.901,19.7406],[73.9157,19.6816],[74.0706,19.6601],[74.1215,19.6437],[74.1643,19.7251],[74.246,19.7439],[74.276,19.7761],[74.319,19.7673],[74.3337,19.799],[74.3656,19.8018],[74.3647,19.8706],[74.2778,19.9082],[74.2502,19.9368],[74.3198,19.9854],[74.4802,19.9663],[74.5315,19.9754],[74.5735,19.9545],[74.6733,19.9467],[74.6853,19.9892],[74.7383,20.0823],[74.7155,20.1351],[74.7234,20.1865],[74.7641,20.1828],[74.8164,20.2442],[74.8586,20.2271],[74.8561,20.1771],[74.8991,20.1768],[74.9239,20.1536],[74.9349,20.2697],[74.8702,20.277],[74.8667,20.3162],[74.8379,20.4174],[74.7735,20.4706],[74.7619,20.5386],[74.7958,20.5395],[74.8149,20.6337]]]},"properties":{"DISTRICT":"Nashik","ST_NM":"Maharashtra","ST_CEN_CD":27,"DT_CEN_CD":20,"censuscode":516}},
{"type":"Feature","geometry":{"type":"Polygon","coordinates":[[[73.32,20.8789],[73.3027,20.8168],[73.2576,20.8174],[73.2495,20.8484],[73.198,20.86],[73.1647,20.9007],[73.094,20.9363],[73.0429,21.0054],[73.0131,21.0177],[73.0181,21.0585],[72.9507,21.0644],[72.9264,21.0429],[72.8916,21.059],[72.8624,21.0399],[72.8003,21.0748],[72.7578,21.0612],[72.6977,21.0614],[72.7227,21.0338],[72.7561,20.9306],[72.7829,20.8998],[72.8174,20.8192],[72.845,20.7311],[72.8983,20.7356],[72.9623,20.7206],[72.9731,20.7427],[73.0364,20.7028],[73.0744,20.6],[73.2156,20.6036],[73.2603,20.5812],[73.4076,20.6259],[73.4671,20.7213],[73.493,20.7598],[73.4992,20.8182],[73.4547,20.8128],[73.3905,20.825],[73.3848,20.8245],[73.3207,20.8779],[73.32,20.8789]]]},"properties":{"DISTRICT":"Navsari","ST_NM":"Gujarat","ST_CEN_CD":24,"DT_CEN_CD":23,"censuscode":490}},
{"type":"Feature","geometry":{"type":"Polygon","coordinates":[[[85.8381,24.9829],[85.7951,24.98],[85.7675,25.0285],[85.7771,25.0934],[85.7245,25.0929],[85.6862,25.1129],[85.6409,25.0991],[85.6613,25.0663],[85.6079,25.0331],[85.5711,25.0297],[85.5667,24.9878],[85.4996,25.006],[85.3965,24.966],[85.3832,24.8983],[85.3266,24.853],[85.3061,24.8017],[85.2788,24.782],[85.276,24.7466],[85.3327,24.7124],[85.3269,24.6684],[85.296,24.6723],[85.3184,24.6037],[85.3184,24.5622],[85.3668,24.5563],[85.3904,24.5354],[85.5014,24.5509],[85.5411,24.5325],[85.6155,24.5853],[85.6716,24.5823],[85.679,24.6197],[85.6669,24.675],[85.7117,24.7289],[85.7117,24.769],[85.7437,24.8228],[85.7842,24.7991],[85.8341,24.8098],[85.8847,24.8005],[85.9114,24.7616],[85.9769,24.7339],[86.0129,24.766],[86.0573,24.7799],[86.0314,24.8214],[85.9784,24.8641],[85.8981,24.8684],[85.8664,24.9182],[85.8282,24.9178],[85.8381,24.9829]]]},"properties":{"DISTRICT":"Nawada","ST_NM":"Bihar","ST_CEN_CD":10,"DT_CEN_CD":35,"censuscode":237}},
{"type":"Feature","geometry":{"type":"Polygon","coordinates":[[[84.8516,20.5282],[84.7943,20.5812],[84.7771,20.5359],[84.7446,20.5405],[84.6998,20.4988],[84.6924,20.4422],[84.6639,20.4255],[84.6222,20.4343],[84.5129,20.3981],[84.5198,20.3725],[84.4894,20.3387],[84.5465,20.3218],[84.5475,20.2445],[84.5766,20.2058],[84.5847,20.1909],[84.6338,20.1938],[84.6967,20.2814],[84.7439,20.245],[84.8289,20.2225],[84.811,20.0695],[84.8569,20.0303],[84.863,20.0003],[84.9021,19.993],[84.9241,19.9413],[84.9063,19.9142],[84.9404,19.897],[85.0102,19.8997],[85.128,19.9333],[85.1673,19.9045],[85.2454,19.9054],[85.3213,19.9261],[85.3637,19.9582],[85.4215,19.9269],[85.4541,19.9641],[85.4222,20.0241],[85.381,20.0715],[85.4145,20.1275],[85.3563,20.1452],[85.3584,20.1877],[85.2711,20.1464],[85.2448,20.1243],[85.2144,20.1322],[85.2015,20.1902],[85.2269,20.2231],[85.3242,20.2308],[85.3351,20.2803],[85.3562,20.3018],[85.342,20.3574],[85.1605,20.3782],[85.1181,20.4062],[85.0765,20.4157],[84.9456,20.4923],[84.8944,20.4965],[84.8516,20.5282]]]},"properties":{"DISTRICT":"Nayagarh","ST_NM":"Odisha","ST_CEN_CD":21,"DT_CEN_CD":16,"censuscode":385}},
{"type":"Feature","geometry":{"type":"Polygon","coordinates":[[[75.1966,25.034],[75.1568,25.0253],[75.1665,24.9881],[75.1218,24.9722],[75.1207,24.8855],[75.0753,24.8838],[75.045,24.8558],[75.0142,24.8707],[74.9463,24.8746],[74.914,24.8958],[74.902,24.9365],[74.8686,24.9337],[74.8341,24.9642],[74.8284,24.8959],[74.8572,24.85],[74.8598,24.8098],[74.9064,24.7942],[75.0144,24.7904],[74.9948,24.7494],[75.0012,24.7051],[74.9654,24.6971],[74.945,24.659],[74.8745,24.6663],[74.8196,24.7622],[74.7769,24.683],[74.818,24.6685],[74.7843,24.6337],[74.7909,24.6076],[74.7486,24.5937],[74.7576,24.5606],[74.7134,24.5062],[74.716,24.5052],[74.7796,24.4803],[74.8152,24.4891],[74.8582,24.4483],[74.785,24.3643],[74.784,24.3137],[74.755,24.276],[74.7667,24.2704],[74.8759,24.2749],[74.9046,24.2427],[74.9649,24.3051],[74.9598,24.3519],[75.0332,24.389],[75.063,24.358],[75.1227,24.3549],[75.2143,24.3283],[75.2618,24.3329],[75.3493,24.3566],[75.3745,24.3363],[75.4277,24.3543],[75.4304,24.3756],[75.4864,24.4208],[75.5216,24.476],[75.5813,24.5119],[75.5951,24.5501],[75.5748,24.6761],[75.551,24.7116],[75.4541,24.6894],[75.2303,24.7315],[75.1974,24.7564],[75.1941,24.7851],[75.2437,24.8573],[75.2859,24.8463],[75.3026,24.8115],[75.4195,24.8601],[75.3282,24.8832],[75.3135,24.8657],[75.2636,24.886],[75.2901,24.9225],[75.3198,24.9035],[75.3398,24.9593],[75.3213,25.0027],[75.3531,25.021],[75.3129,25.0423],[75.1966,25.034]]]},"properties":{"DISTRICT":"Neemuch","ST_NM":"Madhya Pradesh","ST_CEN_CD":23,"DT_CEN_CD":15,"censuscode":432}},
{"type":"Feature","geometry":{"type":"Polygon","coordinates":[[[80.0488,15.0184],[80.0002,14.9871],[79.9804,15.0159],[79.9113,15.0058],[79.8581,14.9539],[79.782,14.9757],[79.8051,15.056],[79.781,15.0614],[79.7439,15.0318],[79.5632,15.0431],[79.5523,15.0231],[79.4673,15.0637],[79.3605,15.0863],[79.3184,15.1155],[79.305,15.0925],[79.2557,15.1083],[79.1989,15.0876],[79.1309,15.1017],[79.0894,15.0853],[79.0764,15.0547],[79.0717,14.9707],[79.0935,14.8921],[79.1223,14.8654],[79.1431,14.7879],[79.1769,14.7138],[79.1688,14.6772],[79.1829,14.6144],[79.2362,14.5879],[79.2905,14.4849],[79.3175,14.4693],[79.3274,14.4301],[79.4141,14.2963],[79.4419,14.1212],[79.4519,14.1075],[79.4339,14.0185],[79.4593,13.9449],[79.4445,13.8889],[79.4812,13.9098],[79.5891,13.9186],[79.6226,13.8847],[79.6348,13.843],[79.6705,13.8345],[79.6819,13.9228],[79.7315,13.9013],[79.7333,13.8591],[79.7719,13.8495],[79.7903,13.9104],[79.8119,13.9241],[79.8467,13.8536],[79.885,13.8476],[79.8767,13.7836],[79.8529,13.7671],[79.8715,13.7075],[79.9492,13.7077],[79.9612,13.6664],[80.0467,13.5754],[80.042,13.5366],[80.0853,13.547],[80.0805,13.4911],[80.1477,13.4944],[80.2255,13.4835],[80.2418,13.468],[80.2697,13.5632],[80.2444,13.619],[80.2355,13.6834],[80.2495,13.7884],[80.1455,14.056],[80.1288,14.1843],[80.1515,14.2994],[80.173,14.3466],[80.1817,14.4798],[80.1946,14.5639],[80.1597,14.6362],[80.1454,14.6912],[80.114,14.7332],[80.0908,14.8007],[80.0933,14.8269],[80.0632,14.987],[80.0488,15.0184]]]},"properties":{"DISTRICT":"Sri Potti Sriramulu Nellore","ST_NM":"Andhra Pradesh","ST_CEN_CD":28,"DT_CEN_CD":19,"censuscode":550}},
{"type":"Feature","geometry":{"type":"Polygon","coordinates":[[[77.2604,28.6229],[77.2205,28.6411],[77.1867,28.6256],[77.1723,28.5995],[77.213,28.5769],[77.2645,28.6075],[77.2604,28.6229]]]},"properties":{"DISTRICT":"New Delhi","ST_NM":"NCT of Delhi","ST_CEN_CD":7,"DT_CEN_CD":5,"censuscode":94}},
{"type":"Feature","geometry":{"type":"Polygon","coordinates":[[[78.5338,18.9436],[78.4989,18.9656],[78.4433,18.9604],[78.4053,18.9896],[78.3695,18.9866],[78.3037,18.9462],[78.2816,18.9452],[78.2651,18.9919],[78.2375,19.0042],[78.1619,18.9817],[78.0735,18.9369],[78.0336,18.8814],[77.9726,18.8768],[77.9483,18.8438],[77.8414,18.8089],[77.7904,18.6959],[77.7367,18.6775],[77.7335,18.6443],[77.751,18.5907],[77.7161,18.5561],[77.6613,18.5288],[77.6441,18.5555],[77.6008,18.5491],[77.5742,18.4685],[77.5862,18.4447],[77.5308,18.3412],[77.5535,18.2932],[77.6027,18.2748],[77.6682,18.2833],[77.7247,18.2604],[77.7726,18.1906],[77.9058,18.1941],[77.8975,18.1603],[77.942,18.1126],[78.0099,18.1115],[78.0788,18.0794],[78.141,18.0765],[78.1734,18.1067],[78.1713,18.1697],[78.1937,18.2147],[78.2181,18.1787],[78.283,18.149],[78.3266,18.2001],[78.3599,18.1723],[78.3886,18.1246],[78.456,18.1328],[78.5351,18.1842],[78.5685,18.1882],[78.5686,18.2298],[78.5421,18.3027],[78.5511,18.3384],[78.5376,18.3908],[78.5528,18.4309],[78.5264,18.4773],[78.5587,18.5366],[78.5945,18.5471],[78.604,18.5781],[78.6585,18.5999],[78.6792,18.6253],[78.6522,18.6598],[78.6422,18.7278],[78.5849,18.7382],[78.5514,18.8242],[78.5459,18.8761],[78.5224,18.9152],[78.5338,18.9436]]]},"properties":{"DISTRICT":"Nizamabad","ST_NM":"Andhra Pradesh","ST_CEN_CD":28,"DT_CEN_CD":2,"censuscode":533}},
{"type":"Feature","geometry":{"type":"Polygon","coordinates":[[[77.2143,28.7835],[77.2105,28.7865],[77.1659,28.7473],[77.22,28.7147],[77.1709,28.6683],[77.1859,28.6579],[77.253,28.6537],[77.2507,28.6624],[77.246,28.7339],[77.2143,28.7835]]]},"properties":{"DISTRICT":"North","ST_NM":"NCT of Delhi","ST_CEN_CD":7,"DT_CEN_CD":2,"censuscode":91}},
{"type":"Feature","geometry":{"type":"Polygon","coordinates":[[[88.8133,27.414],[88.7908,27.4553],[88.7961,27.5284],[88.7747,27.5647],[88.8131,27.603],[88.8176,27.6417],[88.8543,27.6687],[88.8702,27.7388],[88.8633,27.8177],[88.8889,27.8387],[88.8882,27.895],[88.8444,27.9318],[88.8491,27.9908],[88.7595,28.0731],[88.6753,28.0738],[88.6463,28.1041],[88.5834,28.0853],[88.5419,28.0363],[88.4904,28.0447],[88.3973,27.9774],[88.3464,27.9876],[88.2525,27.9481],[88.2122,27.9661],[88.1823,27.9442],[88.1478,27.963],[88.1225,27.9117],[88.134,27.8731],[88.2024,27.8503],[88.1773,27.8205],[88.1988,27.7881],[88.1604,27.7355],[88.151,27.6686],[88.1172,27.6178],[88.2123,27.581],[88.2441,27.5345],[88.2842,27.5126],[88.3583,27.521],[88.4082,27.4754],[88.4221,27.4183],[88.4886,27.3781],[88.5258,27.3968],[88.6184,27.3875],[88.6974,27.3981],[88.7213,27.4164],[88.8133,27.414]]]},"properties":{"DISTRICT":"North","ST_NM":"Sikkim","ST_CEN_CD":11,"DT_CEN_CD":1,"censuscode":241}},
{"type":"Feature","geometry":{"type":"MultiPolygon","coordinates":[[[[88.8215,22.3621],[88.8492,22.3645],[88.8519,22.4561],[88.8689,22.5458],[88.8964,22.5633],[88.9378,22.5708],[88.9571,22.6098],[88.9317,22.6408],[88.962,22.6943],[88.9237,22.7369],[88.9236,22.7684],[88.9614,22.7972],[88.9705,22.8454],[88.949,22.8803],[88.9123,22.8803],[88.9002,22.952],[88.8718,22.9716],[88.8816,23.0318],[88.8732,23.0987],[88.9345,23.1411],[88.9647,23.1924],[88.9166,23.2325],[88.7887,23.2201],[88.753,23.2393],[88.7124,23.2354],[88.7204,23.1863],[88.7069,23.136],[88.6783,23.0941],[88.6885,23.0256],[88.6642,22.983],[88.6594,22.874],[88.6141,22.9046],[88.5105,22.9429],[88.4117,22.9453],[88.4109,22.8838],[88.3749,22.8538],[88.3563,22.7946],[88.3678,22.6834],[88.3557,22.6503],[88.3632,22.6332],[88.3921,22.6298],[88.4108,22.56],[88.4759,22.5753],[88.4889,22.5578],[88.5425,22.5759],[88.5598,22.6256],[88.6286,22.5586],[88.668,22.4908],[88.789,22.3701],[88.8215,22.3621]]],[[[88.8077,22.2847],[88.8284,22.2419],[88.8067,22.209],[88.8596,22.2054],[88.8723,22.1714],[88.9025,22.1766],[88.9375,22.2974],[88.8916,22.3431],[88.82,22.3597],[88.8077,22.2847]]],[[[88.9612,22.1886],[88.9197,22.1611],[88.9094,22.1336],[88.9307,22.0981],[88.9017,22.0639],[88.9127,21.9944],[88.9315,21.9421],[88.9923,21.9069],[88.9939,21.9703],[88.9725,21.9878],[88.9771,22.0384],[88.9581,22.0602],[88.985,22.1481],[88.9612,22.1886]]],[[[88.9342,22.5559],[88.8961,22.5608],[88.9139,22.5147],[88.8962,22.4835],[88.8988,22.4768],[88.8947,22.4661],[88.9032,22.4552],[88.9039,22.4462],[88.9189,22.4297],[88.9261,22.4058],[88.8964,22.3798],[88.9073,22.3358],[88.9433,22.3107],[88.9631,22.4058],[88.9975,22.4286],[88.9559,22.5514],[88.9342,22.5559]]],[[[88.8128,22.0194],[88.7615,22.0145],[88.7517,21.9589],[88.8248,21.9399],[88.8566,21.9191],[88.9073,21.9295],[88.8997,22.0131],[88.8128,22.0194]]],[[[88.9848,22.3824],[88.9547,22.3611],[88.9472,22.2556],[88.9682,22.215],[89.0186,22.2067],[89.0235,22.1654],[89.0506,22.1467],[89.0691,22.1899],[89.0335,22.2545],[88.9964,22.2826],[88.9848,22.3824]]],[[[88.9206,21.9258],[88.8569,21.9107],[88.8492,21.8961],[88.8611,21.8558],[88.8781,21.8539],[88.8825,21.8297],[88.89,21.8122],[88.9033,21.8222],[88.9144,21.8275],[88.9228,21.8356],[88.9311,21.8378],[88.9481,21.8414],[88.955,21.8544],[88.9767,21.8675],[88.9716,21.8992],[88.9206,21.9258]]],[[[89.0178,22.0503],[88.9861,22.0491],[88.9743,21.9946],[89.0181,21.9755],[88.9995,21.9498],[89.0303,21.9264],[89.0633,21.9345],[89.078,21.9864],[89.0404,22.0492],[89.0178,22.0503]]],[[[88.7268,22.0564],[88.7719,22.1064],[88.8498,22.1427],[88.8065,22.178],[88.7748,22.1452],[88.7657,22.1405],[88.7536,22.1367],[88.7456,22.1273],[88.7448,22.1256],[88.7436,22.1229],[88.7381,22.1104],[88.7381,22.1103],[88.7353,22.1051],[88.7205,22.0917],[88.7103,22.0851],[88.7082,22.0837],[88.7056,22.0817],[88.7041,22.0675],[88.7043,22.0666],[88.7268,22.0564]]],[[[89.0014,22.1992],[88.9727,22.1934],[88.9966,22.1401],[88.9804,22.0793],[89.0389,22.0555],[89.0311,22.0939],[89.0491,22.1329],[89.0224,22.1484],[89.0014,22.1992]]],[[[88.8977,22.5489],[88.8672,22.5305],[88.8615,22.4132],[88.9045,22.4117],[88.908,22.4342],[88.9007,22.4446],[88.8975,22.4592],[88.8923,22.4659],[88.8963,22.4719],[88.8931,22.4867],[88.8977,22.5489]]],[[[88.7181,21.9072],[88.6961,21.8422],[88.7258,21.7944],[88.7772,21.8217],[88.7656,21.8261],[88.7647,21.8378],[88.775,21.865],[88.7181,21.9072]]],[[[88.8317,21.7661],[88.7819,21.7325],[88.8192,21.7033],[88.809,21.6399],[88.8599,21.6431],[88.84,21.7156],[88.8612,21.7617],[88.8317,21.7661]]],[[[88.7162,21.8074],[88.695,21.7439],[88.7111,21.6902],[88.7603,21.685],[88.7591,21.7586],[88.727,21.781],[88.7162,21.8074]]],[[[89.0592,21.7218],[89.0185,21.7082],[89.0261,21.6439],[89.0494,21.6202],[89.0929,21.6369],[89.0919,21.6667],[89.0592,21.7218]]],[[[88.9801,21.8931],[88.9797,21.8694],[88.9512,21.8417],[88.9763,21.8043],[89.0202,21.8178],[89.031,21.8628],[88.9801,21.8931]]],[[[88.776,22.1819],[88.8268,22.1957],[88.8062,22.2077],[88.801,22.228],[88.8254,22.2409],[88.8071,22.283],[88.79,22.2594],[88.7872,22.2578],[88.7697,22.2414],[88.7632,22.2414],[88.7515,22.2275],[88.7498,22.2162],[88.7498,22.1969],[88.7556,22.1964],[88.7598,22.1938],[88.768,22.1938],[88.7697,22.1912],[88.7697,22.191],[88.7699,22.1903],[88.77,22.1898],[88.776,22.1819]]],[[[88.8831,21.7453],[88.8731,21.6944],[88.8858,21.6611],[88.9219,21.6329],[88.9419,21.6897],[88.8831,21.7453]]],[[[88.8635,22.1673],[88.8465,22.1213],[88.8723,22.0878],[88.9227,22.109],[88.8861,22.1648],[88.8635,22.1673]]],[[[88.8561,21.8653],[88.8392,21.8486],[88.835,21.7817],[88.8911,21.7625],[88.8772,21.8517],[88.8556,21.8572],[88.8561,21.8653]]],[[[88.9845,21.7057],[88.9717,21.6976],[88.9524,21.7015],[88.965,21.644],[88.9929,21.6434],[89.0003,21.6021],[89.0288,21.6048],[89.0221,21.6546],[88.9943,21.649],[88.9845,21.7057]]],[[[88.7236,21.9319],[88.7292,21.8997],[88.7967,21.8767],[88.7994,21.9197],[88.7236,21.9319]]],[[[88.7719,21.6531],[88.7356,21.6446],[88.738,21.6104],[88.7531,21.6046],[88.7576,21.601],[88.7569,21.5961],[88.7504,21.5922],[88.7489,21.5794],[88.7981,21.5919],[88.7719,21.6531]]],[[[88.8347,21.6072],[88.8283,21.5769],[88.8539,21.55],[88.8925,21.5794],[88.8347,21.6072]]],[[[88.7892,21.8786],[88.7769,21.8653],[88.7658,21.8306],[88.7856,21.8256],[88.7944,21.8125],[88.8211,21.825],[88.8289,21.8633],[88.7892,21.8786]]],[[[88.8058,22.0831],[88.779,22.103],[88.7479,22.0593],[88.7808,22.0486],[88.8058,22.0831]]],[[[88.9247,21.7623],[88.9225,21.7211],[88.9502,21.7023],[88.9722,21.6986],[88.9653,21.75],[88.9247,21.7623]]],[[[88.8179,22.123],[88.8055,22.0851],[88.8659,22.0815],[88.8472,22.1173],[88.8179,22.123]]],[[[88.8067,21.7067],[88.7492,21.6733],[88.7967,21.6556],[88.8067,21.7067]]],[[[88.9997,21.7855],[88.9668,21.7722],[88.9767,21.7286],[89.0048,21.7161],[88.9997,21.7855]]],[[[88.9158,21.8258],[88.9028,21.8206],[88.8947,21.8128],[88.8856,21.8103],[88.9056,21.7517],[88.9372,21.8175],[88.9158,21.8258]]],[[[88.7289,21.6371],[88.708,21.5901],[88.7405,21.5731],[88.7473,21.5888],[88.7571,21.5996],[88.7362,21.6103],[88.7289,21.6371]]],[[[89.0127,21.7648],[89.0209,21.7173],[89.0558,21.7299],[89.0127,21.7648]]],[[[88.6993,21.6977],[88.6871,21.6836],[88.7251,21.6382],[88.7414,21.6537],[88.6993,21.6977]]]]},"properties":{"DISTRICT":"North 24 Parganas","ST_NM":"West Bengal","ST_CEN_CD":19,"DT_CEN_CD":11,"censuscode":337}},
{"type":"Feature","geometry":{"type":"Polygon","coordinates":[[[93.0726,25.7746],[93.0203,25.7958],[92.9722,25.7901],[92.9326,25.803],[92.9222,25.7707],[92.8223,25.7399],[92.8128,25.702],[92.7508,25.6001],[92.7032,25.5997],[92.6616,25.5794],[92.6455,25.5351],[92.5819,25.4929],[92.6078,25.4162],[92.6513,25.4293],[92.761,25.3327],[92.7848,25.3299],[92.7926,25.2841],[92.7701,25.2663],[92.7799,25.2004],[92.7475,25.2051],[92.6774,25.1797],[92.622,25.1153],[92.5821,25.1295],[92.5434,25.0973],[92.6435,25.1168],[92.702,25.1087],[92.7566,25.1386],[92.7837,25.0866],[92.8413,25.0531],[92.9018,25.0794],[92.9461,25.0704],[92.9625,25.0882],[93.0192,25.0953],[93.0177,25.0611],[93.0719,24.9972],[93.1707,24.9966],[93.2524,24.9716],[93.2484,25.0152],[93.2965,25.044],[93.3353,25.0921],[93.3527,25.1781],[93.4032,25.2593],[93.4736,25.3054],[93.4516,25.3403],[93.4779,25.376],[93.4567,25.4381],[93.3903,25.4655],[93.3904,25.482],[93.3318,25.5433],[93.307,25.5286],[93.2007,25.557],[93.1731,25.5953],[93.192,25.6253],[93.1334,25.6838],[93.1451,25.7129],[93.1479,25.7374],[93.109,25.7742],[93.0726,25.7746]]]},"properties":{"DISTRICT":"Dima Hasao","ST_NM":"Assam","ST_CEN_CD":18,"DT_CEN_CD":16,"censuscode":315}},
{"type":"Feature","geometry":{"type":"Polygon","coordinates":[[[77.2507,28.6624],[77.3281,28.6739],[77.3358,28.6774],[77.3373,28.6797],[77.3164,28.7122],[77.2143,28.7835],[77.246,28.7339],[77.2507,28.6624]]]},"properties":{"DISTRICT":"North East","ST_NM":"NCT of Delhi","ST_CEN_CD":7,"DT_CEN_CD":3,"censuscode":92}},
{"type":"Feature","geometry":{"type":"Polygon","coordinates":[[[74.1188,15.6525],[74.0731,15.6283],[73.9945,15.6112],[73.968,15.6311],[73.9633,15.6894],[73.9372,15.7436],[73.9002,15.7444],[73.8569,15.7996],[73.8115,15.742],[73.7775,15.7253],[73.6757,15.728],[73.7016,15.6907],[73.7649,15.4998],[73.8056,15.4937],[73.8044,15.4555],[73.8401,15.4485],[73.9235,15.4044],[74.0053,15.3473],[74.0111,15.3084],[74.0707,15.2926],[74.1035,15.3682],[74.0726,15.4113],[74.1267,15.4376],[74.1861,15.445],[74.2498,15.4918],[74.2773,15.5217],[74.2477,15.5681],[74.2609,15.6193],[74.2486,15.6564],[74.1188,15.6525]]]},"properties":{"DISTRICT":"North Goa","ST_NM":"Goa","ST_CEN_CD":30,"DT_CEN_CD":1,"censuscode":585}},
{"type":"Feature","geometry":{"type":"Polygon","coordinates":[[[92.2334,24.5017],[92.1704,24.5275],[92.1543,24.5032],[92.1718,24.4216],[92.1393,24.4217],[92.1242,24.3822],[92.0945,24.3744],[91.9746,24.3828],[91.9279,24.3391],[91.9447,24.2747],[91.9131,24.1404],[91.9685,24.0718],[92.0534,24.0991],[92.0928,23.9996],[92.0956,23.9338],[92.1294,23.9308],[92.1576,23.8477],[92.1621,23.7528],[92.1712,23.7378],[92.1814,23.7081],[92.244,23.71],[92.2685,23.7244],[92.2589,23.8134],[92.2873,23.8653],[92.3094,23.8609],[92.3307,23.91],[92.313,23.9328],[92.3286,23.9879],[92.3168,24.0158],[92.3267,24.0746],[92.3244,24.2039],[92.2965,24.2499],[92.2128,24.2476],[92.2731,24.3867],[92.2566,24.4345],[92.2312,24.4586],[92.2334,24.5017]]]},"properties":{"DISTRICT":"North Tripura","ST_NM":"Tripura","ST_CEN_CD":16,"DT_CEN_CD":4,"censuscode":292}},
{"type":"Feature","geometry":{"type":"Polygon","coordinates":[[[77.1709,28.6683],[77.22,28.7147],[77.1659,28.7473],[77.2105,28.7865],[77.2276,28.83],[77.1972,28.8615],[77.06,28.868],[77.0417,28.8316],[76.9897,28.8316],[76.9524,28.8156],[76.9475,28.7984],[76.9637,28.6948],[77.0984,28.6876],[77.1709,28.6683]]]},"properties":{"DISTRICT":"North West","ST_NM":"NCT of Delhi","ST_CEN_CD":7,"DT_CEN_CD":1,"censuscode":90}},
{"type":"Feature","geometry":{"type":"Polygon","coordinates":[[[82.7029,20.7257],[82.6916,20.7727],[82.6863,20.8835],[82.7014,20.9403],[82.6938,21.0217],[82.6615,21.0765],[82.6392,21.0901],[82.6297,21.0397],[82.5603,20.9448],[82.4905,20.9029],[82.485,20.8501],[82.4229,20.8298],[82.4088,20.8657],[82.3493,20.8732],[82.3405,20.8229],[82.3507,20.7023],[82.375,20.6332],[82.3315,20.5576],[82.3879,20.5137],[82.3956,20.4565],[82.4366,20.4298],[82.4174,20.4068],[82.4013,20.3397],[82.4299,20.3139],[82.4126,20.2678],[82.4211,20.2067],[82.3865,20.1491],[82.4033,20.0537],[82.5512,20.0171],[82.59,19.995],[82.6581,20.0045],[82.7048,19.9978],[82.7387,20.0243],[82.7904,20.1016],[82.8115,20.0993],[82.825,20.1655],[82.849,20.1963],[82.8624,20.2703],[82.8144,20.2951],[82.8232,20.3218],[82.8062,20.384],[82.7649,20.3545],[82.7322,20.3842],[82.6867,20.4501],[82.7075,20.5002],[82.7158,20.5703],[82.7432,20.623],[82.7029,20.7257]]]},"properties":{"DISTRICT":"Nuapada","ST_NM":"Odisha","ST_CEN_CD":21,"DT_CEN_CD":25,"censuscode":394}},
{"type":"Feature","geometry":{"type":"Polygon","coordinates":[[[76.2769,18.557],[76.2543,18.5768],[76.0987,18.5878],[76.0517,18.5747],[75.9939,18.6201],[75.9161,18.6503],[75.8628,18.6499],[75.8254,18.6706],[75.7828,18.662],[75.6728,18.6904],[75.6664,18.65],[75.6212,18.6613],[75.5874,18.6971],[75.491,18.6261],[75.4525,18.5887],[75.4226,18.5353],[75.3459,18.5617],[75.3144,18.5185],[75.3011,18.5032],[75.3016,18.4293],[75.2855,18.4117],[75.3603,18.37],[75.429,18.264],[75.4287,18.1807],[75.4675,18.1619],[75.5509,18.1449],[75.5537,18.197],[75.5748,18.2401],[75.6301,18.2452],[75.6189,18.2743],[75.6555,18.3329],[75.6897,18.3242],[75.7319,18.3605],[75.7113,18.393],[75.7285,18.434],[75.7638,18.44],[75.7988,18.3841],[75.8837,18.366],[75.9244,18.3023],[75.9273,18.2607],[75.9605,18.1609],[75.9418,18.1254],[75.9617,18.0897],[76.0162,18.0395],[75.9966,17.9925],[75.9129,17.9783],[75.9073,18.004],[75.8575,18.0097],[75.8395,17.9785],[75.8454,17.8919],[75.8763,17.846],[75.9195,17.8323],[75.9397,17.8517],[76.0185,17.8291],[76.0031,17.7536],[76.0964,17.7787],[76.1455,17.7543],[76.1496,17.699],[76.1899,17.6824],[76.2396,17.6979],[76.2714,17.7275],[76.2992,17.7291],[76.3192,17.6971],[76.3793,17.6856],[76.3813,17.6596],[76.4296,17.646],[76.4857,17.6713],[76.4874,17.7151],[76.5248,17.7168],[76.5249,17.7605],[76.6055,17.7575],[76.6922,17.6818],[76.694,17.707],[76.7412,17.7809],[76.7781,17.8011],[76.79,17.8282],[76.7392,17.8587],[76.7424,17.8996],[76.6756,17.922],[76.6895,17.9704],[76.6768,17.9968],[76.6255,17.9998],[76.5967,18.0328],[76.5476,18.0242],[76.4284,18.0304],[76.3818,18.0893],[76.3313,18.0742],[76.277,18.1395],[76.3021,18.2297],[76.287,18.2484],[76.3163,18.2817],[76.3187,18.329],[76.2076,18.3878],[76.226,18.4289],[76.2717,18.42],[76.2553,18.5188],[76.2769,18.557]]]},"properties":{"DISTRICT":"Osmanabad","ST_NM":"Maharashtra","ST_CEN_CD":27,"DT_CEN_CD":29,"censuscode":525}},
{"type":"Feature","geometry":{"type":"Polygon","coordinates":[[[87.8374,24.7466],[87.7911,24.7188],[87.7823,24.7514],[87.7224,24.7639],[87.7116,24.7344],[87.6088,24.7787],[87.5745,24.8105],[87.511,24.7974],[87.4618,24.7926],[87.4387,24.7613],[87.4598,24.7324],[87.4737,24.6586],[87.4492,24.6257],[87.4661,24.5697],[87.392,24.5454],[87.4056,24.506],[87.5003,24.5252],[87.5742,24.5052],[87.5736,24.3799],[87.5892,24.3245],[87.5844,24.2584],[87.6468,24.2513],[87.6864,24.2479],[87.7414,24.2904],[87.8025,24.3835],[87.7932,24.4334],[87.8229,24.4697],[87.8036,24.4931],[87.8013,24.5635],[87.8533,24.5522],[87.8924,24.5639],[87.9167,24.6634],[87.8914,24.6792],[87.906,24.7226],[87.8374,24.7466]]]},"properties":{"DISTRICT":"Pakur","ST_NM":"Jharkhand","ST_CEN_CD":20,"DT_CEN_CD":8,"censuscode":353}},
{"type":"Feature","geometry":{"type":"Polygon","coordinates":[[[76.8392,10.3383],[76.8517,10.3678],[76.8195,10.423],[76.8295,10.4465],[76.8415,10.5931],[76.8166,10.6344],[76.8845,10.6376],[76.8867,10.7149],[76.9091,10.779],[76.8714,10.8079],[76.8286,10.8698],[76.7839,10.8896],[76.7434,10.8888],[76.6577,10.9366],[76.7007,11.0252],[76.7448,11.0717],[76.7508,11.1177],[76.7067,11.1404],[76.696,11.1654],[76.7365,11.2142],[76.7068,11.239],[76.6327,11.1932],[76.5873,11.2043],[76.5305,11.1976],[76.5152,11.2093],[76.447,11.2017],[76.4113,11.2053],[76.4121,11.1192],[76.3522,11.0926],[76.3244,11.0483],[76.3367,10.9982],[76.3209,10.9116],[76.2709,10.9164],[76.2329,10.8855],[76.1832,10.9099],[76.1328,10.8961],[76.0941,10.8386],[76.0455,10.8457],[76.0335,10.8252],[76.0402,10.7617],[76.0701,10.7272],[76.1321,10.72],[76.1634,10.7045],[76.2237,10.781],[76.252,10.7471],[76.2882,10.7569],[76.3566,10.744],[76.4709,10.7514],[76.4525,10.6769],[76.42,10.6282],[76.4116,10.5782],[76.435,10.532],[76.4804,10.4843],[76.5291,10.4632],[76.5589,10.4337],[76.5864,10.4354],[76.6218,10.3814],[76.6625,10.3837],[76.7576,10.3614],[76.7552,10.3364],[76.8392,10.3383]]]},"properties":{"DISTRICT":"Palakkad","ST_NM":"Kerala","ST_CEN_CD":32,"DT_CEN_CD":6,"censuscode":593}},
{"type":"Feature","geometry":{"type":"Polygon","coordinates":[[[84.3293,24.4893],[84.3006,24.5654],[84.2661,24.5371],[84.2283,24.5497],[84.1805,24.5413],[84.1174,24.4808],[84.0545,24.6115],[84,24.6371],[83.9801,24.5958],[83.9362,24.5471],[83.8758,24.532],[83.875,24.5284],[83.8721,24.5255],[83.8551,24.493],[83.8556,24.4077],[83.8211,24.3782],[83.8328,24.322],[83.8185,24.2913],[83.8996,24.1935],[83.905,24.1896],[83.97,24.1518],[83.9772,24.124],[83.867,24.0698],[83.8624,24.042],[83.8272,24.0016],[83.8319,23.9485],[83.907,23.9485],[83.9398,23.9195],[83.9329,23.8647],[83.956,23.8549],[84.0185,23.7956],[84.0387,23.7942],[84.0701,23.8574],[84.1379,23.9005],[84.14,23.9427],[84.1787,23.934],[84.2531,23.8977],[84.3341,23.9103],[84.3441,23.9512],[84.4013,23.9334],[84.4473,23.9608],[84.478,23.9377],[84.4845,23.8944],[84.5251,23.9006],[84.5647,23.9275],[84.5709,23.957],[84.5865,23.9711],[84.5883,23.979],[84.5856,23.9862],[84.5855,23.9862],[84.554,24.0162],[84.5748,24.0704],[84.5538,24.1033],[84.5802,24.1415],[84.5521,24.1531],[84.5284,24.1913],[84.4733,24.2102],[84.4564,24.261],[84.5009,24.2869],[84.486,24.3028],[84.4694,24.3174],[84.462,24.3385],[84.4024,24.3675],[84.3897,24.3894],[84.3434,24.3955],[84.3379,24.4308],[84.3008,24.4504],[84.3293,24.4893]]]},"properties":{"DISTRICT":"Palamu","ST_NM":"Jharkhand","ST_CEN_CD":20,"DT_CEN_CD":13,"censuscode":358}},
{"type":"Feature","geometry":{"type":"Polygon","coordinates":[[[74.2908,26.449],[74.2382,26.4613],[74.1747,26.4212],[74.0995,26.4464],[74.0698,26.4229],[73.9581,26.4193],[73.8731,26.4305],[73.8141,26.3495],[73.8136,26.287],[73.7901,26.2361],[73.8046,26.2068],[73.786,26.1636],[73.8103,26.1265],[73.8058,26.0998],[73.7239,26.1086],[73.6957,26.0636],[73.6501,26.0781],[73.6531,26.1262],[73.6287,26.147],[73.5767,26.1156],[73.5226,26.1029],[73.5294,26.0636],[73.4664,26.0853],[73.4306,26.1298],[73.3768,26.1563],[73.3409,26.1172],[73.3589,26.0752],[73.3163,26.0341],[73.2751,26.0432],[73.2074,26.0767],[73.1779,26.0543],[73.0588,26.0122],[73.05,25.9677],[72.9745,25.9351],[72.9581,25.9017],[72.842,25.8907],[72.8343,25.863],[72.8486,25.8418],[72.7777,25.8015],[72.8119,25.7736],[72.8889,25.7346],[72.8893,25.6949],[72.916,25.6826],[72.935,25.6388],[73.0563,25.5603],[73.0582,25.5079],[73.0968,25.4681],[73.0497,25.4005],[73.007,25.3685],[72.9724,25.3715],[72.9978,25.2888],[72.9933,25.2575],[72.9401,25.2437],[72.973,25.1929],[72.9552,25.142],[72.9988,25.1439],[73.0012,25.1011],[73.0498,25.1042],[73.0567,25.1592],[73.1186,25.1077],[73.1313,25.0645],[73.1079,25.0369],[73.0478,25.0046],[73.008,24.9216],[73.0282,24.8877],[73.1019,24.8451],[73.143,24.843],[73.1628,24.7812],[73.1448,24.7577],[73.231,24.7935],[73.2393,24.8302],[73.3277,24.9086],[73.3461,24.9605],[73.3296,24.9771],[73.3918,25.0664],[73.4235,25.0899],[73.4619,25.0894],[73.5033,25.1178],[73.5003,25.126],[73.6014,25.2034],[73.6121,25.2863],[73.6691,25.346],[73.7336,25.3821],[73.7793,25.4823],[73.8073,25.5111],[73.8647,25.6509],[73.9062,25.6852],[73.9066,25.7404],[73.9322,25.7697],[73.9437,25.831],[74.0089,25.8634],[74.0563,25.8289],[74.117,25.8661],[74.1603,25.9287],[74.1314,25.9633],[74.1829,26.0292],[74.221,26.0416],[74.2876,26.1207],[74.3026,26.1849],[74.3767,26.2063],[74.3646,26.2915],[74.3109,26.2517],[74.2535,26.2862],[74.304,26.3289],[74.3047,26.3825],[74.2908,26.449]]]},"properties":{"DISTRICT":"Pali","ST_NM":"Rajasthan","ST_CEN_CD":8,"DT_CEN_CD":20,"censuscode":118}},
{"type":"Feature","geometry":{"type":"Polygon","coordinates":[[[77.5212,28.1592],[77.4852,28.1759],[77.4611,28.1584],[77.4028,28.1751],[77.3619,28.2056],[77.3074,28.2268],[77.2392,28.2687],[77.2144,28.2601],[77.1787,28.1995],[77.1023,28.0053],[77.0745,27.9862],[77.1614,27.9429],[77.1947,27.9406],[77.2586,27.8772],[77.3219,27.875],[77.3382,27.8464],[77.3829,27.8581],[77.4313,27.8888],[77.4789,27.889],[77.4779,27.9272],[77.5284,27.9262],[77.5445,27.9876],[77.487,28.0434],[77.4794,28.0781],[77.5089,28.1169],[77.5212,28.1592]]]},"properties":{"DISTRICT":"Palwal","ST_NM":"Haryana","ST_CEN_CD":6,"DT_CEN_CD":21,"censuscode":89}},
{"type":"Feature","geometry":{"type":"Polygon","coordinates":[[[73.9595,23.3796],[73.9358,23.3397],[73.891,23.3354],[73.8635,23.3941],[73.8236,23.4452],[73.7796,23.4331],[73.7613,23.4571],[73.7136,23.4174],[73.7006,23.4544],[73.6289,23.4511],[73.6146,23.3903],[73.5667,23.3472],[73.5262,23.2855],[73.5767,23.2492],[73.5442,23.2248],[73.5444,23.1918],[73.4983,23.1524],[73.4302,23.1557],[73.3834,23.1329],[73.4244,23.0991],[73.4148,23.0291],[73.4519,22.9682],[73.372,22.8994],[73.3872,22.8514],[73.3512,22.7893],[73.3864,22.8068],[73.4273,22.7583],[73.3864,22.7383],[73.3927,22.6838],[73.416,22.6591],[73.3863,22.6224],[73.3734,22.5531],[73.4205,22.5475],[73.4072,22.5058],[73.4311,22.4564],[73.4226,22.4265],[73.4855,22.3458],[73.5503,22.3415],[73.5659,22.3267],[73.6306,22.3227],[73.6187,22.3592],[73.6439,22.3844],[73.7044,22.3573],[73.6588,22.3347],[73.6475,22.2988],[73.6993,22.2853],[73.7541,22.3453],[73.7382,22.3895],[73.7422,22.4381],[73.7266,22.4611],[73.7323,22.515],[73.7583,22.5461],[73.8047,22.5487],[73.8112,22.547],[73.858,22.5563],[73.8502,22.5898],[73.8024,22.6684],[73.8316,22.6906],[73.848,22.7427],[73.849,22.8144],[73.8815,22.8671],[73.8897,22.9482],[73.9072,22.9829],[73.9072,23.0458],[73.9193,23.0843],[73.9521,23.0995],[73.989,23.0798],[74.0232,23.0933],[73.9859,23.1552],[73.9981,23.283],[74.0009,23.3085],[74.003,23.3137],[74.0116,23.3315],[74.012,23.3325],[74.0009,23.3343],[73.9595,23.3796]]]},"properties":{"DISTRICT":"Panch Mahals","ST_NM":"Gujarat","ST_CEN_CD":24,"DT_CEN_CD":17,"censuscode":484}},
{"type":"Feature","geometry":{"type":"Polygon","coordinates":[[[77.0181,30.7484],[77.0115,30.8103],[76.9672,30.8073],[76.941,30.8335],[76.9157,30.8934],[76.8659,30.8669],[76.8362,30.8844],[76.8238,30.9267],[76.7834,30.9028],[76.7825,30.8729],[76.8412,30.8288],[76.8602,30.7887],[76.8415,30.76],[76.8495,30.7104],[76.833,30.6819],[76.8763,30.6676],[76.9265,30.5956],[76.898,30.5363],[76.9312,30.5031],[76.9302,30.4998],[76.9357,30.4971],[76.9395,30.4913],[76.9416,30.4803],[76.9546,30.4731],[76.9952,30.5109],[77.0446,30.5314],[77.0701,30.5755],[77.1252,30.5633],[77.126,30.5639],[77.1707,30.5952],[77.1669,30.6844],[77.0903,30.7406],[77.0181,30.7484]]]},"properties":{"DISTRICT":"Panchkula","ST_NM":"Haryana","ST_CEN_CD":6,"DT_CEN_CD":1,"censuscode":69}},
{"type":"Feature","geometry":{"type":"Polygon","coordinates":[[[77.1346,29.4483],[77.0766,29.4407],[76.9635,29.4581],[76.8687,29.4904],[76.837,29.4691],[76.8061,29.4819],[76.7556,29.4664],[76.7336,29.3926],[76.65,29.3688],[76.6353,29.3165],[76.682,29.2703],[76.7112,29.251],[76.7767,29.2774],[76.8011,29.2265],[76.8674,29.2041],[76.9159,29.2192],[77.0139,29.2169],[77.0119,29.1915],[77.1028,29.1635],[77.1432,29.1667],[77.1404,29.2677],[77.1533,29.2964],[77.1575,29.34],[77.1346,29.4483]]]},"properties":{"DISTRICT":"Panipat","ST_NM":"Haryana","ST_CEN_CD":6,"DT_CEN_CD":7,"censuscode":75}},
{"type":"Feature","geometry":{"type":"MultiPolygon","coordinates":[[[[80.4813,24.9763],[80.4336,25.0266],[80.4681,25.0656],[80.4022,25.0679],[80.3758,25.0213],[80.3221,24.9994],[80.2749,25.026],[80.15,24.9363],[80.0544,24.9381],[80.0352,24.9217],[80.0626,24.8592],[80.093,24.8234],[80.0645,24.782],[79.9977,24.7232],[79.9598,24.6566],[79.8973,24.693],[79.8445,24.5969],[79.8881,24.57],[79.8678,24.5071],[79.8681,24.4579],[79.8835,24.3743],[79.8596,24.3501],[79.8144,24.3857],[79.7974,24.3729],[79.8587,24.2986],[79.8139,24.2836],[79.845,24.2468],[79.8125,24.1589],[79.7707,24.1095],[79.762,24.0727],[79.7881,24.0309],[79.8454,24.0218],[79.857,23.9919],[79.8388,23.9331],[79.8706,23.8902],[79.8662,23.8288],[79.9412,23.8286],[79.9711,23.8624],[80.0152,23.9758],[80.0602,23.9929],[80.1569,23.944],[80.1752,24.0005],[80.2358,23.9753],[80.2281,23.9504],[80.3099,23.9135],[80.3576,23.967],[80.3948,24.0232],[80.4439,24.0352],[80.4577,24.0872],[80.5114,24.0773],[80.6233,24.1591],[80.639,24.1843],[80.6019,24.2095],[80.5788,24.2996],[80.541,24.3198],[80.5032,24.3733],[80.4721,24.3764],[80.4622,24.4358],[80.4249,24.4418],[80.4641,24.5842],[80.3684,24.6907],[80.3879,24.7108],[80.4124,24.7742],[80.4406,24.7468],[80.5398,24.8085],[80.6079,24.8339],[80.6344,24.8653],[80.5804,24.9005],[80.4967,24.9104],[80.4813,24.9763]]],[[[80.2896,25.0558],[80.3531,25.0544],[80.3556,25.1258],[80.2896,25.0558]]]]},"properties":{"DISTRICT":"Panna","ST_NM":"Madhya Pradesh","ST_CEN_CD":23,"DT_CEN_CD":9,"censuscode":426}},
{"type":"Feature","geometry":{"type":"Polygon","coordinates":[[[93.518,27.6498],[93.3325,27.6693],[93.2946,27.6573],[93.2421,27.6145],[93.3333,27.5541],[93.3024,27.5259],[93.3275,27.4512],[93.3729,27.4115],[93.3751,27.3709],[93.2927,27.3289],[93.2976,27.2901],[93.2296,27.2506],[93.2246,27.2048],[93.2761,27.2108],[93.2975,27.1629],[93.248,27.1537],[93.2161,27.1162],[93.2752,27.1031],[93.3157,27.0789],[93.3457,27.0362],[93.3429,27.0007],[93.3929,26.9574],[93.4701,26.9361],[93.5861,26.9497],[93.6776,26.968],[93.7001,26.9917],[93.7208,27.0161],[93.8386,27.075],[93.8106,27.1487],[93.8695,27.1957],[93.9031,27.2384],[94.0022,27.3316],[94.0631,27.3604],[94.0886,27.4014],[94.1625,27.4633],[94.2239,27.5038],[94.2088,27.5308],[94.1539,27.5301],[94.123,27.4969],[94.0719,27.482],[94.0486,27.4988],[93.9452,27.5109],[93.8559,27.4645],[93.8307,27.4243],[93.8389,27.363],[93.744,27.3523],[93.6692,27.3358],[93.6036,27.3671],[93.5712,27.4715],[93.6107,27.4933],[93.621,27.5318],[93.518,27.6498]]]},"properties":{"DISTRICT":"Papum Pare","ST_NM":"Arunanchal Pradesh","ST_CEN_CD":12,"DT_CEN_CD":4,"censuscode":248}},
{"type":"Feature","geometry":{"type":"Polygon","coordinates":[[[76.6469,19.8656],[76.6234,19.8425],[76.533,19.8504],[76.4939,19.7602],[76.4879,19.6769],[76.4536,19.6666],[76.4426,19.5407],[76.3958,19.5308],[76.3655,19.4684],[76.3152,19.464],[76.2909,19.4321],[76.2853,19.3663],[76.2651,19.3337],[76.2133,19.3182],[76.2093,19.2775],[76.2265,19.2414],[76.3124,19.2609],[76.3651,19.234],[76.3527,19.1927],[76.3613,19.1561],[76.321,19.1141],[76.3552,19.1026],[76.3783,19.1311],[76.4118,19.0925],[76.4391,19.0882],[76.4563,19.0076],[76.479,19.0007],[76.4788,18.9564],[76.5105,18.9273],[76.5396,18.9494],[76.584,18.9448],[76.5846,18.8826],[76.623,18.8691],[76.6481,18.8219],[76.6674,18.819],[76.676,18.7613],[76.7271,18.7493],[76.7455,18.7742],[76.8165,18.7994],[76.8851,18.8348],[76.9954,18.8274],[77.019,18.843],[77.0128,18.8779],[76.9571,18.8744],[76.951,18.9067],[77.0206,18.9342],[77.0548,18.9882],[77.0627,19.0674],[77.1041,19.1037],[77.0884,19.1722],[77.0381,19.2013],[77.0514,19.2303],[77.0133,19.2516],[76.9214,19.2559],[76.9322,19.2967],[76.893,19.3114],[76.8958,19.3783],[76.9199,19.4132],[76.9692,19.5452],[76.9428,19.6221],[76.9034,19.6438],[76.8572,19.6451],[76.8509,19.7043],[76.7845,19.7007],[76.76,19.6844],[76.7338,19.7165],[76.7143,19.7706],[76.6875,19.7811],[76.7061,19.8358],[76.6786,19.8461],[76.6469,19.8656]]]},"properties":{"DISTRICT":"Parbhani","ST_NM":"Maharashtra","ST_CEN_CD":27,"DT_CEN_CD":17,"censuscode":513}},
{"type":"Feature","geometry":{"type":"Polygon","coordinates":[[[84.7632,27.0002],[84.6462,27.0467],[84.6712,27.0907],[84.6878,27.1549],[84.6914,27.2233],[84.6262,27.3365],[84.4244,27.3712],[84.3405,27.3754],[84.2774,27.3967],[84.2551,27.4497],[84.1552,27.4866],[84.1172,27.5209],[84.0702,27.4809],[84.0632,27.4535],[84.0257,27.4353],[83.936,27.4488],[83.8453,27.4417],[83.8371,27.4219],[83.8863,27.376],[83.8666,27.3449],[83.8648,27.3079],[83.9181,27.3271],[83.9081,27.2758],[83.9119,27.2489],[83.9581,27.2352],[83.995,27.1787],[83.9513,27.1167],[83.9648,27.083],[84.034,27.0417],[84.0592,26.9879],[84.0448,26.9458],[84.0616,26.8888],[84.1412,26.8529],[84.186,26.8506],[84.2381,26.8671],[84.2616,26.8422],[84.2617,26.806],[84.234,26.7544],[84.2516,26.7282],[84.3074,26.7507],[84.3349,26.6817],[84.4115,26.6688],[84.4166,26.6356],[84.4926,26.6025],[84.551,26.656],[84.5995,26.6871],[84.6567,26.6796],[84.7244,26.7426],[84.721,26.7808],[84.7455,26.8103],[84.7357,26.842],[84.6847,26.8907],[84.7181,26.9504],[84.7632,27.0002]]]},"properties":{"DISTRICT":"Pashchim Champaran","ST_NM":"Bihar","ST_CEN_CD":10,"DT_CEN_CD":1,"censuscode":203}},
{"type":"Feature","geometry":{"type":"Polygon","coordinates":[[[87.5248,22.9302],[87.4798,22.9127],[87.4261,22.9242],[87.3599,22.9525],[87.3208,22.9434],[87.2865,22.911],[87.1679,22.881],[87.1332,22.8453],[87.0627,22.8491],[87.0541,22.8238],[87.0876,22.7381],[87.038,22.7192],[87.0208,22.6676],[86.9509,22.6697],[86.9272,22.6266],[86.8467,22.6847],[86.7893,22.711],[86.66,22.7875],[86.6123,22.7989],[86.5605,22.7111],[86.642,22.6585],[86.6396,22.6007],[86.6569,22.5793],[86.7611,22.5778],[86.7892,22.5478],[86.7943,22.4782],[86.7503,22.4742],[86.769,22.4266],[86.8489,22.3999],[86.8342,22.3285],[86.8934,22.2854],[86.8906,22.2561],[86.8254,22.2646],[86.7964,22.2216],[86.7279,22.2193],[86.7205,22.1476],[86.7953,22.1581],[86.8112,22.1184],[86.8528,22.1026],[86.9621,22.0877],[87.0224,22.0457],[87.0391,21.9937],[87.0027,21.9121],[87.035,21.87],[87.0993,21.865],[87.0982,21.9125],[87.1645,21.9385],[87.1652,21.967],[87.2394,21.9589],[87.2566,21.9256],[87.2393,21.9002],[87.2493,21.8611],[87.2851,21.804],[87.3565,21.7906],[87.3779,21.7713],[87.4436,21.7692],[87.4507,21.8892],[87.4809,21.9012],[87.4881,21.9568],[87.4674,22.0289],[87.4971,22.0904],[87.539,22.0842],[87.6723,22.1079],[87.7037,22.1286],[87.7302,22.1921],[87.7012,22.2288],[87.7062,22.2832],[87.7238,22.322],[87.6483,22.3412],[87.6584,22.4613],[87.6783,22.4839],[87.7378,22.4905],[87.795,22.482],[87.8489,22.5142],[87.8862,22.5093],[87.8458,22.5612],[87.8552,22.5975],[87.8165,22.6169],[87.7449,22.7389],[87.7458,22.7731],[87.6852,22.8026],[87.6363,22.8124],[87.6189,22.8509],[87.5922,22.8434],[87.51,22.9037],[87.5248,22.9302]]]},"properties":{"DISTRICT":"Pashchim Medinipur","ST_NM":"West Bengal","ST_CEN_CD":19,"DT_CEN_CD":18,"censuscode":344}},
{"type":"Feature","geometry":{"type":"Polygon","coordinates":[[[85.5168,22.8086],[85.458,22.8017],[85.4324,22.8353],[85.3903,22.8414],[85.3425,22.885],[85.31,22.8828],[85.196,22.8124],[85.1487,22.8062],[85.1428,22.738],[85.123,22.7086],[85.1159,22.6578],[85.0775,22.6141],[85.0802,22.5706],[85.0689,22.4813],[85.0635,22.4476],[85.0895,22.3815],[85.0805,22.3517],[85.1117,22.2943],[85.0769,22.2754],[85.0759,22.2339],[85.0318,22.1574],[85.0302,22.1154],[85.1054,22.0996],[85.217,22.0468],[85.2372,22.004],[85.2804,22.0837],[85.3694,22.1581],[85.4165,22.1597],[85.4919,22.1202],[85.5971,22.0783],[85.6506,22.0941],[85.6779,22.0554],[85.7283,22.0621],[85.8079,22.1147],[85.7848,22.0403],[85.762,22.0124],[85.7901,21.9827],[85.8999,21.9824],[85.9483,22.0232],[86.0083,22.117],[86.0004,22.1357],[86.0324,22.1891],[85.9755,22.2471],[86.0235,22.3082],[85.9986,22.3418],[86.0273,22.3853],[85.9593,22.4594],[85.9666,22.482],[85.8992,22.5265],[85.9103,22.6034],[85.8837,22.6188],[85.863,22.6619],[85.8679,22.6917],[85.8283,22.7194],[85.7269,22.6853],[85.6835,22.729],[85.7113,22.7424],[85.702,22.8074],[85.6488,22.8494],[85.6095,22.8252],[85.5689,22.8319],[85.5168,22.8086]]]},"properties":{"DISTRICT":"Pashchimi Singhbhum","ST_NM":"Jharkhand","ST_CEN_CD":20,"DT_CEN_CD":23,"censuscode":368}},
{"type":"Feature","geometry":{"type":"Polygon","coordinates":[[[71.9696,23.5315],[71.9569,23.591],[72.0063,23.6348],[72.0508,23.621],[72.0604,23.5747],[72.1943,23.6398],[72.2309,23.6431],[72.2836,23.6147],[72.3085,23.6691],[72.2686,23.6944],[72.3007,23.799],[72.2906,23.8479],[72.3424,23.8918],[72.3939,23.8818],[72.4783,23.9302],[72.4718,23.9602],[72.4271,23.9789],[72.3658,23.971],[72.3541,24.025],[72.2307,24.0653],[72.2165,24.1042],[72.1539,24.1144],[72.1644,24.0746],[72.1256,24.0402],[72.0979,24.0478],[72.0661,24.0206],[72.0196,24.0185],[72.036,23.9825],[71.9634,23.9934],[71.9307,24.0106],[71.9292,23.9529],[71.9723,23.8921],[71.8679,23.8705],[71.8581,23.8489],[71.8079,23.8547],[71.7533,23.8415],[71.7091,23.8817],[71.7167,23.9263],[71.669,23.9705],[71.6013,23.9434],[71.5875,23.9766],[71.4433,23.9829],[71.4447,23.941],[71.3161,23.9816],[71.2645,23.9215],[71.2118,23.9305],[71.1001,23.9008],[71.062,23.8356],[71.0545,23.7786],[71.069,23.6897],[71.0372,23.6658],[71.0484,23.6228],[71.0738,23.6023],[71.1393,23.6289],[71.1367,23.6606],[71.1782,23.7106],[71.2241,23.713],[71.2227,23.6609],[71.3034,23.6466],[71.3766,23.6447],[71.4219,23.5673],[71.4562,23.5624],[71.446,23.4804],[71.5203,23.5098],[71.5326,23.4815],[71.6105,23.5037],[71.7678,23.4706],[71.7603,23.418],[71.7983,23.4003],[71.8352,23.4218],[71.8636,23.4751],[71.942,23.507],[71.9696,23.5315]]]},"properties":{"DISTRICT":"Patan","ST_NM":"Gujarat","ST_CEN_CD":24,"DT_CEN_CD":3,"censuscode":470}},
{"type":"Feature","geometry":{"type":"Polygon","coordinates":[[[77.2844,9.2713],[77.2275,9.2959],[77.2484,9.3851],[77.2053,9.4509],[77.142,9.4893],[77.0487,9.451],[77.068,9.4164],[76.9405,9.4297],[76.8856,9.4444],[76.8023,9.4537],[76.7643,9.439],[76.7477,9.4733],[76.6541,9.4802],[76.603,9.4566],[76.5913,9.4173],[76.5343,9.416],[76.5157,9.4001],[76.5015,9.3207],[76.5547,9.3235],[76.564,9.3495],[76.6246,9.3398],[76.655,9.3042],[76.6643,9.2669],[76.6445,9.2112],[76.6843,9.1768],[76.6561,9.1489],[76.6603,9.0934],[76.7592,9.073],[76.7849,9.1133],[76.8292,9.0932],[76.8757,9.1302],[76.9293,9.1389],[76.9307,9.1715],[77.0002,9.1321],[77.0561,9.1219],[77.167,9.0758],[77.2086,9.0705],[77.2129,9.097],[77.2688,9.1518],[77.2672,9.1991],[77.2844,9.2713]]]},"properties":{"DISTRICT":"Pathanamthitta","ST_NM":"Kerala","ST_CEN_CD":32,"DT_CEN_CD":12,"censuscode":599}},
{"type":"Feature","geometry":{"type":"Polygon","coordinates":[[[76.7699,30.4338],[76.8049,30.4779],[76.7903,30.5063],[76.7456,30.5316],[76.7228,30.5621],[76.6679,30.5836],[76.6297,30.646],[76.5802,30.6472],[76.5923,30.6042],[76.5816,30.5711],[76.5011,30.5612],[76.4922,30.5145],[76.5038,30.4734],[76.4896,30.4413],[76.447,30.4483],[76.384,30.4224],[76.339,30.4506],[76.3227,30.5432],[76.2929,30.5742],[76.1023,30.52],[76.0807,30.5119],[76.0808,30.4588],[75.9904,30.3378],[76.0484,30.3368],[76.0668,30.3163],[76.1565,30.3138],[76.2034,30.2841],[76.1005,30.2256],[76.0771,30.2291],[76.0504,30.1885],[76.1063,30.1145],[76.0833,30.0641],[76.0571,30.0735],[76.0125,30.0178],[76.0315,29.9645],[75.9913,29.9475],[75.9827,29.9069],[76.0602,29.8684],[76.1016,29.8073],[76.1274,29.7928],[76.2134,29.8416],[76.2208,29.839],[76.2533,29.8653],[76.1939,29.8903],[76.2152,29.9405],[76.2008,30.0006],[76.2099,30.0344],[76.2628,30.1154],[76.3401,30.1058],[76.4018,30.1238],[76.4343,30.1598],[76.4665,30.0964],[76.5129,30.0727],[76.5668,30.0948],[76.6353,30.1453],[76.6397,30.1511],[76.6511,30.2019],[76.6025,30.2502],[76.6833,30.3152],[76.751,30.3556],[76.7127,30.3896],[76.7699,30.4338]]]},"properties":{"DISTRICT":"Patiala","ST_NM":"Punjab","ST_CEN_CD":3,"DT_CEN_CD":14,"censuscode":48}},
{"type":"Feature","geometry":{"type":"Polygon","coordinates":[[[85.195,25.624],[85.1416,25.6264],[85.1106,25.6579],[85.0881,25.7112],[85.0308,25.7316],[84.985,25.7253],[84.9535,25.7016],[84.8835,25.7116],[84.8538,25.6954],[84.8349,25.6573],[84.819,25.575],[84.7709,25.5372],[84.756,25.4909],[84.7782,25.447],[84.7051,25.3154],[84.7427,25.2678],[84.7882,25.253],[84.8117,25.2187],[84.8645,25.2161],[84.8673,25.2161],[84.9065,25.2895],[84.9389,25.2781],[84.9937,25.3206],[85.0312,25.2855],[85.1199,25.2842],[85.1328,25.3086],[85.1814,25.3089],[85.1938,25.3389],[85.1886,25.4022],[85.3076,25.3955],[85.3616,25.4028],[85.4063,25.461],[85.4984,25.4286],[85.5786,25.4246],[85.5909,25.3849],[85.6285,25.3811],[85.6507,25.34],[85.7154,25.3557],[85.7547,25.3175],[85.8109,25.2917],[85.9055,25.2936],[85.9324,25.3232],[85.9907,25.313],[86.0292,25.2931],[86.0645,25.3341],[85.9672,25.4042],[85.8727,25.4413],[85.8861,25.5019],[85.8386,25.5184],[85.805,25.5469],[85.7359,25.5267],[85.6826,25.4791],[85.6394,25.4634],[85.5399,25.4888],[85.5388,25.5055],[85.4966,25.4945],[85.3115,25.5155],[85.2516,25.5961],[85.195,25.624]]]},"properties":{"DISTRICT":"Patna","ST_NM":"Bihar","ST_CEN_CD":10,"DT_CEN_CD":28,"censuscode":230}},
{"type":"Feature","geometry":{"type":"Polygon","coordinates":[[[78.8449,11.5196],[78.8164,11.5074],[78.7909,11.4517],[78.8223,11.4251],[78.7861,11.3897],[78.7412,11.4473],[78.7001,11.4534],[78.6517,11.4196],[78.6654,11.372],[78.6543,11.3308],[78.7328,11.321],[78.7387,11.2939],[78.7124,11.2481],[78.7014,11.1924],[78.6726,11.1639],[78.7013,11.0706],[78.7411,11.0744],[78.7621,11.1216],[78.8108,11.1118],[78.8088,11.0797],[78.8842,11.1009],[78.9663,11.0943],[79.009,11.0568],[79.0697,11.1059],[79.0627,11.1401],[79.101,11.23],[79.132,11.3329],[79.1699,11.3775],[79.1081,11.4011],[79.0343,11.3931],[78.9651,11.4011],[78.8758,11.505],[78.8449,11.5196]]]},"properties":{"DISTRICT":"Perambalur","ST_NM":"Tamil Nadu","ST_CEN_CD":33,"DT_CEN_CD":14,"censuscode":615}},
{"type":"Feature","geometry":{"type":"Polygon","coordinates":[[[93.9351,25.6465],[93.8684,25.6838],[93.8238,25.6962],[93.7223,25.6783],[93.6991,25.6843],[93.6051,25.6634],[93.5439,25.6993],[93.4834,25.642],[93.4184,25.6174],[93.3735,25.5656],[93.3318,25.5433],[93.3904,25.482],[93.3903,25.4655],[93.4567,25.4381],[93.4779,25.376],[93.4516,25.3403],[93.4736,25.3054],[93.5037,25.2494],[93.5625,25.2425],[93.6073,25.1978],[93.6865,25.3269],[93.7805,25.4202],[93.8084,25.4611],[93.8133,25.4802],[93.7638,25.5111],[93.779,25.5336],[93.836,25.5586],[93.9431,25.5586],[93.919,25.5972],[93.9351,25.6465]]]},"properties":{"DISTRICT":"Peren","ST_NM":"Nagaland","ST_CEN_CD":13,"DT_CEN_CD":11,"censuscode":271}},
{"type":"Feature","geometry":{"type":"Polygon","coordinates":[[[94.7155,25.7576],[94.6631,25.7753],[94.5588,25.7771],[94.5464,25.809],[94.4687,25.8306],[94.4422,25.8878],[94.3539,25.9238],[94.238,25.7232],[94.2156,25.6746],[94.2149,25.6094],[94.194,25.5471],[94.222,25.4914],[94.3015,25.489],[94.4244,25.5471],[94.4212,25.5702],[94.4729,25.6157],[94.4923,25.6084],[94.5384,25.6451],[94.5719,25.6916],[94.5958,25.6808],[94.5825,25.6283],[94.5544,25.5797],[94.556,25.5066],[94.6238,25.4627],[94.6808,25.4532],[94.8108,25.4885],[94.8514,25.5564],[94.8873,25.5861],[94.8556,25.6093],[94.8503,25.65],[94.8612,25.7166],[94.8337,25.7524],[94.7574,25.7802],[94.7155,25.7576]]]},"properties":{"DISTRICT":"Phek","ST_NM":"Nagaland","ST_CEN_CD":13,"DT_CEN_CD":6,"censuscode":266}},
{"type":"Feature","geometry":{"type":"Polygon","coordinates":[[[80.0703,28.8292],[80.0523,28.7771],[80,28.711],[79.9412,28.7205],[79.9238,28.7589],[79.8523,28.8026],[79.8363,28.8387],[79.7863,28.8857],[79.7215,28.8731],[79.678,28.8422],[79.6425,28.8528],[79.6726,28.7435],[79.6294,28.709],[79.5997,28.6159],[79.6755,28.5827],[79.6852,28.5285],[79.7473,28.5074],[79.7444,28.4659],[79.7009,28.376],[79.6783,28.3062],[79.6852,28.2631],[79.7282,28.2188],[79.7144,28.205],[79.7817,28.1598],[79.8404,28.2086],[79.9373,28.1159],[79.9652,28.1676],[79.9419,28.3109],[80.0149,28.3583],[80.0724,28.3322],[80.1078,28.3834],[80.1444,28.3869],[80.1717,28.3523],[80.2518,28.4081],[80.2463,28.4549],[80.301,28.4533],[80.324,28.4811],[80.3586,28.4611],[80.4186,28.4807],[80.4335,28.5026],[80.3717,28.5949],[80.3037,28.6165],[80.3285,28.6744],[80.2822,28.7089],[80.2476,28.7582],[80.1994,28.7665],[80.1334,28.8221],[80.0703,28.8292]]]},"properties":{"DISTRICT":"Pilibhit","ST_NM":"Uttar Pradesh","ST_CEN_CD":9,"DT_CEN_CD":20,"censuscode":151}},
{"type":"Feature","geometry":{"type":"Polygon","coordinates":[[[80.2466,29.4426],[80.3518,29.5148],[80.3494,29.5474],[80.4138,29.5978],[80.4246,29.6355],[80.3948,29.6687],[80.3704,29.725],[80.4101,29.7897],[80.4418,29.8055],[80.4898,29.7937],[80.5552,29.8537],[80.5725,29.9231],[80.629,29.9638],[80.6816,29.9606],[80.7443,30.0021],[80.7625,30.0479],[80.8111,30.0945],[80.8748,30.1305],[80.8679,30.1719],[80.9028,30.216],[80.9367,30.1766],[81.043,30.1985],[81.0343,30.2451],[81.0084,30.2649],[80.8257,30.3144],[80.7869,30.3425],[80.7458,30.3966],[80.6082,30.4766],[80.581,30.483],[80.5452,30.4554],[80.4999,30.4848],[80.3829,30.5212],[80.2927,30.5688],[80.2549,30.5597],[80.2257,30.5766],[80.2238,30.6394],[80.1954,30.6642],[80.2347,30.6916],[80.2523,30.7351],[80.2055,30.7582],[80.1745,30.8065],[80.1182,30.7741],[80.1016,30.7863],[80.1039,30.7223],[80.0373,30.7327],[79.9807,30.7052],[80.0346,30.6348],[80.0424,30.6014],[79.9967,30.538],[80.0369,30.4403],[80.0381,30.4034],[79.9994,30.364],[79.9935,30.3143],[80.0295,30.3123],[80.0695,30.2787],[80.0882,30.2284],[80.1191,30.2241],[80.106,30.1446],[80.0853,30.113],[80.072,30.0241],[80.0978,29.9662],[80.144,29.9403],[80.1574,29.8989],[80.0574,29.9015],[80.0136,29.8848],[80.0126,29.8523],[80.0348,29.7844],[79.9804,29.759],[79.9338,29.767],[79.9071,29.7979],[79.8562,29.768],[79.8964,29.7015],[79.9564,29.679],[80.0097,29.5484],[80.0718,29.5208],[80.1007,29.5265],[80.1462,29.4725],[80.2466,29.4426]]]},"properties":{"DISTRICT":"Pithoragarh","ST_NM":"Uttarakhand","ST_CEN_CD":5,"DT_CEN_CD":7,"censuscode":62}},
{"type":"Feature","geometry":{"type":"Polygon","coordinates":[[[70.0751,21.7324],[70.0558,21.7016],[70.0211,21.7078],[70.0098,21.8009],[69.9905,21.808],[69.9333,21.7802],[69.8812,21.7673],[69.8671,21.7354],[69.8176,21.7403],[69.8152,21.8225],[69.7399,21.8314],[69.714,21.7929],[69.6112,21.8633],[69.6575,21.8691],[69.6728,21.9046],[69.7193,21.9349],[69.7166,21.9743],[69.6209,21.94],[69.581,21.9448],[69.5437,21.9227],[69.5356,21.8912],[69.488,21.8937],[69.4895,21.8548],[69.449,21.8508],[69.4074,21.8905],[69.374,21.8276],[69.584,21.6379],[69.6021,21.6374],[69.701,21.5415],[69.7712,21.4654],[69.9818,21.2268],[70.0147,21.2784],[69.9772,21.2932],[69.979,21.3323],[69.9427,21.3688],[70,21.4726],[69.981,21.5303],[69.9926,21.5781],[70.046,21.5944],[70.0328,21.6351],[70.0901,21.6457],[70.1219,21.679],[70.1479,21.6617],[70.1192,21.7054],[70.0751,21.7324]]]},"properties":{"DISTRICT":"Porbandar","ST_NM":"Gujarat","ST_CEN_CD":24,"DT_CEN_CD":11,"censuscode":478}},
{"type":"Feature","geometry":{"type":"Polygon","coordinates":[[[80.4392,15.8063],[80.4325,15.8486],[80.4525,15.8787],[80.4452,15.9127],[80.4062,15.8932],[80.3787,15.986],[80.4017,16.0114],[80.3061,16.0536],[80.2334,16.0314],[80.1515,16.0443],[80.1019,16.009],[80.0711,16.0688],[80.0139,16.1149],[79.9999,16.1388],[79.8753,16.1618],[79.8662,16.1397],[79.9215,16.0782],[79.8718,16.0251],[79.9052,16.0066],[79.9248,15.9647],[79.8873,15.9199],[79.8024,15.939],[79.7679,15.8965],[79.76,15.8243],[79.7046,15.8987],[79.6172,15.9378],[79.5693,15.9469],[79.5607,16.0061],[79.5832,16.0214],[79.5574,16.1415],[79.5751,16.1966],[79.5558,16.3048],[79.5327,16.3181],[79.4983,16.3014],[79.4638,16.3107],[79.3685,16.2429],[79.3037,16.2298],[79.2255,16.1812],[79.2,16.2298],[79.1308,16.2449],[79.0278,16.2511],[78.9156,16.1978],[78.9285,16.1405],[78.921,16.1157],[78.9333,16.0698],[78.9211,15.9999],[78.9018,15.9643],[78.8332,15.9072],[78.8127,15.8748],[78.7916,15.7374],[78.7733,15.6633],[78.7798,15.5326],[78.7737,15.4063],[78.7536,15.3626],[78.7435,15.3054],[78.75,15.1824],[78.7696,15.1857],[78.823,15.2081],[78.9057,15.1975],[78.9524,15.2251],[78.9624,15.1798],[79.0681,15.1763],[79.0577,15.1419],[79.0764,15.0547],[79.0894,15.0853],[79.1309,15.1017],[79.1989,15.0876],[79.2557,15.1083],[79.305,15.0925],[79.3184,15.1155],[79.3605,15.0863],[79.4673,15.0637],[79.5523,15.0231],[79.5632,15.0431],[79.7439,15.0318],[79.781,15.0614],[79.8051,15.056],[79.782,14.9757],[79.8581,14.9539],[79.9113,15.0058],[79.9804,15.0159],[80.0002,14.9871],[80.0488,15.0184],[80.051,15.1127],[80.0873,15.2159],[80.0796,15.2575],[80.0999,15.3259],[80.1305,15.3805],[80.1967,15.4625],[80.2396,15.6141],[80.2775,15.6821],[80.3452,15.7522],[80.4392,15.8063]]]},"properties":{"DISTRICT":"Prakasam","ST_NM":"Andhra Pradesh","ST_CEN_CD":28,"DT_CEN_CD":18,"censuscode":549}},
{"type":"Feature","geometry":{"type":"Polygon","coordinates":[[[74.7734,23.5404],[74.8023,23.5311],[74.851,23.5544],[74.8857,23.6034],[74.9395,23.6273],[74.924,23.6654],[74.9241,23.7161],[74.9399,23.7627],[74.9103,23.7977],[74.9052,23.865],[74.9147,23.9093],[74.9637,23.9705],[74.9934,24.0265],[74.96,24.1069],[74.9008,24.1711],[74.8806,24.2133],[74.9046,24.2427],[74.8759,24.2749],[74.7667,24.2704],[74.755,24.276],[74.784,24.3137],[74.785,24.3643],[74.8582,24.4483],[74.8152,24.4891],[74.7796,24.4803],[74.716,24.5052],[74.7136,24.5061],[74.707,24.5011],[74.6914,24.4921],[74.6734,24.4876],[74.611,24.4749],[74.591,24.4931],[74.5427,24.4786],[74.5364,24.4017],[74.5058,24.3783],[74.5207,24.3152],[74.5106,24.2792],[74.4823,24.261],[74.4682,24.2218],[74.4167,24.2449],[74.4147,24.2921],[74.3979,24.3035],[74.3977,24.296],[74.3912,24.2848],[74.3939,24.2684],[74.3836,24.2353],[74.3599,24.1929],[74.3739,24.1619],[74.4323,24.1157],[74.4222,24.0675],[74.3796,24.0709],[74.3599,24.0916],[74.328,24.048],[74.3362,24.0018],[74.3248,23.9374],[74.3262,23.9363],[74.3669,23.9335],[74.3841,23.9058],[74.434,23.9061],[74.4798,23.9241],[74.5262,23.8827],[74.5134,23.8443],[74.5515,23.8259],[74.5567,23.7425],[74.5282,23.7342],[74.5325,23.673],[74.5205,23.6372],[74.5987,23.6304],[74.643,23.6405],[74.6723,23.6656],[74.7216,23.6147],[74.7729,23.5887],[74.7734,23.5404]]]},"properties":{"DISTRICT":"Pratapgarh","ST_NM":"Rajasthan","ST_CEN_CD":8,"DT_CEN_CD":33,"censuscode":131}},
{"type":"Feature","geometry":{"type":"Polygon","coordinates":[[[82.4323,26.0088],[82.378,26.031],[82.357,26.0073],[82.3202,26.0403],[82.2479,26.0569],[82.2034,26.0151],[82.1868,26.0412],[82.1062,26.0747],[82.0668,26.0518],[81.965,26.0785],[81.9329,26.0517],[81.885,26.0803],[81.8615,26.046],[81.7869,26.0263],[81.7704,26.0679],[81.6849,26.1171],[81.6194,26.1783],[81.6122,26.1522],[81.5412,26.1188],[81.5637,26.0639],[81.5585,26.0008],[81.5716,25.9733],[81.4345,25.9192],[81.4121,25.8962],[81.3352,25.87],[81.3368,25.8101],[81.405,25.7467],[81.3689,25.7121],[81.4666,25.6345],[81.5312,25.6191],[81.5694,25.5679],[81.6144,25.5928],[81.6134,25.6086],[81.6073,25.6128],[81.6114,25.6191],[81.6386,25.6299],[81.6513,25.6169],[81.6597,25.612],[81.7236,25.644],[81.7509,25.6685],[81.7548,25.7335],[81.806,25.7487],[81.8433,25.7255],[81.9176,25.7139],[81.946,25.74],[82.0134,25.7455],[82.0267,25.7091],[82.0631,25.6589],[82.1107,25.6541],[82.1189,25.6591],[82.1246,25.6633],[82.1243,25.681],[82.144,25.6844],[82.1519,25.6823],[82.1561,25.6824],[82.1561,25.6791],[82.1968,25.7393],[82.1769,25.8204],[82.2175,25.8378],[82.2559,25.8325],[82.2893,25.8593],[82.2964,25.8917],[82.376,25.9133],[82.3495,25.9615],[82.3686,25.979],[82.4263,25.9813],[82.4323,26.0088]]]},"properties":{"DISTRICT":"Pratapgarh","ST_NM":"Uttar Pradesh","ST_CEN_CD":9,"DT_CEN_CD":42,"censuscode":173}},
{"type":"Feature","geometry":{"type":"Polygon","coordinates":[[[78.8714,10.7059],[78.8208,10.6932],[78.7898,10.6467],[78.7447,10.6464],[78.7425,10.7079],[78.7083,10.7296],[78.6831,10.6689],[78.6595,10.703],[78.6296,10.7042],[78.5956,10.6566],[78.5695,10.6788],[78.5257,10.6732],[78.5284,10.6273],[78.4812,10.6364],[78.4508,10.605],[78.4828,10.5393],[78.4984,10.4842],[78.5708,10.4874],[78.5881,10.4558],[78.5621,10.4306],[78.5247,10.4359],[78.5077,10.3749],[78.5224,10.3259],[78.5148,10.2652],[78.4726,10.2033],[78.5077,10.1872],[78.5368,10.2532],[78.5727,10.2561],[78.5809,10.2846],[78.6469,10.2579],[78.6723,10.2046],[78.672,10.1542],[78.7082,10.1736],[78.7679,10.1642],[78.7677,10.1931],[78.8107,10.2114],[78.817,10.1691],[78.8467,10.1249],[78.9093,10.1292],[78.9624,10.0946],[78.935,10.0716],[78.9301,10.0217],[78.975,9.9902],[78.9905,9.9453],[79.0462,9.8599],[79.1141,9.8462],[79.1255,9.8886],[79.2223,10.007],[79.2635,10.0358],[79.2264,10.1039],[79.2289,10.1403],[79.204,10.1601],[79.1524,10.1669],[79.1443,10.2191],[79.1172,10.2368],[79.1322,10.2727],[79.1221,10.307],[79.1497,10.3427],[79.1549,10.3989],[79.1321,10.4259],[79.1536,10.4742],[79.1404,10.4979],[79.187,10.5401],[79.1836,10.5753],[79.1457,10.6034],[79.0709,10.6362],[79.0638,10.6683],[78.9382,10.686],[78.9085,10.6709],[78.8714,10.7059]]]},"properties":{"DISTRICT":"Pudukkottai","ST_NM":"Tamil Nadu","ST_CEN_CD":33,"DT_CEN_CD":20,"censuscode":621}},
{"type":"Feature","geometry":{"type":"Polygon","coordinates":[[[75.055,33.8271],[75.1913,33.9168],[75.1889,34.0443],[75.1489,34.0842],[75.0462,34.0637],[74.9942,34.0173],[74.9294,33.9789],[74.9204,33.9171],[74.8447,33.8364],[74.7803,33.804],[74.8005,33.7771],[74.8442,33.7839],[74.8847,33.8301],[74.9775,33.8343],[75.0217,33.7926],[75.055,33.8271]]]},"properties":{"DISTRICT":"Pulwama","ST_NM":"Jammu & Kashmir","ST_CEN_CD":1,"DT_CEN_CD":12,"censuscode":12}},
{"type":"Feature","geometry":{"type":"Polygon","coordinates":[[[74.3201,33.9556],[74.2655,33.9882],[74.1624,34.01],[74.1489,33.9283],[73.9698,33.8525],[73.9448,33.8367],[73.8845,33.7428],[73.8815,33.6498],[73.9207,33.5617],[73.9728,33.5669],[74.0042,33.5336],[74.0585,33.5483],[74.0815,33.5216],[74.0738,33.4367],[74.0869,33.4047],[74.1288,33.3754],[74.2102,33.4783],[74.2732,33.5457],[74.3434,33.5724],[74.3861,33.5664],[74.4462,33.5115],[74.516,33.4736],[74.5545,33.4769],[74.5239,33.567],[74.5144,33.6628],[74.4526,33.7507],[74.4196,33.7688],[74.3938,33.826],[74.4134,33.8569],[74.3201,33.9556]]]},"properties":{"DISTRICT":"Punch","ST_NM":"Jammu & Kashmir","ST_CEN_CD":1,"DT_CEN_CD":5,"censuscode":5}},
{"type":"Feature","geometry":{"type":"Polygon","coordinates":[[[74.8339,18.3392],[74.7944,18.3551],[74.8085,18.386],[74.7838,18.4061],[74.7346,18.3979],[74.7147,18.4303],[74.7269,18.4797],[74.7008,18.5057],[74.6637,18.4886],[74.6436,18.4498],[74.5805,18.4733],[74.5498,18.5138],[74.573,18.5322],[74.5438,18.5834],[74.4757,18.6476],[74.4757,18.6891],[74.4249,18.7489],[74.3995,18.7413],[74.386,18.8081],[74.3974,18.8304],[74.3113,18.8534],[74.2944,18.9032],[74.2231,18.9761],[74.2148,19.0069],[74.1752,19.0418],[74.2106,19.1251],[74.236,19.1233],[74.271,19.1855],[74.2289,19.2045],[74.0848,19.2311],[74.0268,19.2688],[74.0283,19.3103],[74,19.3575],[73.931,19.3406],[73.8843,19.3763],[73.8572,19.3588],[73.8013,19.3949],[73.7816,19.386],[73.798,19.3362],[73.7161,19.3265],[73.6739,19.3026],[73.6904,19.2443],[73.6652,19.2401],[73.609,19.1894],[73.5386,19.1743],[73.5274,19.1292],[73.5244,19.0584],[73.5468,19.018],[73.5119,18.9723],[73.4622,18.9659],[73.4584,18.9295],[73.4276,18.8626],[73.387,18.8467],[73.3521,18.7231],[73.3849,18.6928],[73.3889,18.6543],[73.3309,18.5952],[73.3236,18.5593],[73.3872,18.5024],[73.4018,18.3999],[73.4444,18.36],[73.424,18.3054],[73.4731,18.3011],[73.4801,18.2713],[73.5325,18.2474],[73.529,18.2175],[73.5816,18.1792],[73.5994,18.1893],[73.6536,18.1725],[73.5969,18.1064],[73.6129,18.058],[73.6586,18.0284],[73.7056,18.0482],[73.7917,18.0221],[73.8577,18.0316],[73.8733,18.0525],[73.9024,18.1605],[73.9458,18.1805],[73.9784,18.1547],[74.0774,18.1213],[74.1177,18.1303],[74.1628,18.1065],[74.2413,18.0971],[74.303,18.0686],[74.3575,18.0961],[74.3765,18.0736],[74.433,18.0651],[74.4643,18.0473],[74.4933,18.0587],[74.5687,18.0562],[74.6411,18.0445],[74.6652,18.0688],[74.71,18.0293],[74.8638,17.9913],[74.8674,17.951],[74.9171,17.9448],[74.9435,17.9247],[75.0177,17.9074],[75.0723,17.9143],[75.1148,17.9366],[75.135,17.9696],[75.025,17.981],[75.0907,18.0637],[75.1303,18.0754],[75.1581,18.121],[75.0938,18.1222],[75.1096,18.2143],[75.082,18.2179],[75.022,18.1875],[74.9861,18.2414],[74.9511,18.2634],[74.8332,18.2463],[74.7966,18.2793],[74.8423,18.2957],[74.8339,18.3392]]]},"properties":{"DISTRICT":"Pune","ST_NM":"Maharashtra","ST_CEN_CD":27,"DT_CEN_CD":25,"censuscode":521}},
{"type":"Feature","geometry":{"type":"Polygon","coordinates":[[[85.2576,26.7562],[85.2092,26.7605],[85.1793,26.8146],[85.1956,26.869],[85.1055,26.871],[85.0672,26.8498],[85.0329,26.8745],[84.9616,26.9628],[84.901,26.9733],[84.829,27.0208],[84.7632,27.0002],[84.7181,26.9504],[84.6847,26.8907],[84.7357,26.842],[84.7455,26.8103],[84.721,26.7808],[84.7244,26.7426],[84.6567,26.6796],[84.5995,26.6871],[84.551,26.656],[84.4926,26.6025],[84.5129,26.5333],[84.5808,26.4853],[84.5938,26.4372],[84.6614,26.4627],[84.7125,26.4274],[84.7305,26.383],[84.7685,26.3415],[84.8113,26.3177],[84.8102,26.2873],[84.8768,26.2552],[84.9052,26.3214],[85.0272,26.3188],[85.0641,26.3417],[85.1153,26.3134],[85.1981,26.3247],[85.2023,26.2944],[85.2572,26.3087],[85.2831,26.3493],[85.2671,26.3992],[85.2108,26.4267],[85.2135,26.4541],[85.1864,26.4984],[85.225,26.5036],[85.2248,26.5498],[85.2638,26.5898],[85.2688,26.6377],[85.2418,26.6782],[85.263,26.6942],[85.2576,26.7562]]]},"properties":{"DISTRICT":"Purba Champaran","ST_NM":"Bihar","ST_CEN_CD":10,"DT_CEN_CD":2,"censuscode":204}},
{"type":"Feature","geometry":{"type":"MultiPolygon","coordinates":[[[[87.8862,22.5093],[87.8489,22.5142],[87.795,22.482],[87.7378,22.4905],[87.6783,22.4839],[87.6584,22.4613],[87.6483,22.3412],[87.7238,22.322],[87.7062,22.2832],[87.7012,22.2288],[87.7302,22.1921],[87.7037,22.1286],[87.6723,22.1079],[87.539,22.0842],[87.4971,22.0904],[87.4674,22.0289],[87.4881,21.9568],[87.4809,21.9012],[87.4507,21.8892],[87.4436,21.7692],[87.4472,21.734],[87.4751,21.7121],[87.472,21.6507],[87.4902,21.6026],[87.6674,21.6324],[87.7067,21.6446],[87.7593,21.684],[87.8366,21.7162],[87.9609,21.8261],[88.0036,21.9039],[88.0528,22.0133],[88.0833,22.0214],[88.1669,22.0736],[88.1936,22.1108],[88.1356,22.1847],[88.0656,22.1897],[88.0347,22.2094],[87.9904,22.2095],[87.9375,22.2647],[87.9428,22.3644],[87.916,22.4173],[87.9046,22.4217],[87.8834,22.441],[87.8987,22.4791],[87.8862,22.5093]]],[[[88.1253,21.9952],[88.0939,22.0114],[88.0703,21.9908],[88.0671,21.92],[88.0817,21.9652],[88.1253,21.9952]]]]},"properties":{"DISTRICT":"Purba Medinipur","ST_NM":"West Bengal","ST_CEN_CD":19,"DT_CEN_CD":19,"censuscode":345}},
{"type":"Feature","geometry":{"type":"Polygon","coordinates":[[[86.5605,22.7111],[86.4844,22.7256],[86.4595,22.7628],[86.4217,22.7796],[86.4383,22.8635],[86.4685,22.8996],[86.438,22.9187],[86.5177,22.9691],[86.5029,22.9927],[86.4219,22.9976],[86.3986,22.977],[86.3656,22.9994],[86.3378,22.9916],[86.2851,23.0134],[86.2402,22.9961],[86.1976,22.969],[86.1967,22.8184],[86.1727,22.7937],[86.1594,22.7483],[86.1647,22.6767],[86.1571,22.6367],[86.0676,22.5518],[86.1071,22.4936],[86.208,22.4738],[86.226,22.4526],[86.2935,22.4289],[86.3582,22.3491],[86.4298,22.3101],[86.5053,22.3447],[86.5298,22.3067],[86.5837,22.3017],[86.6507,22.2653],[86.6534,22.2397],[86.7279,22.2193],[86.7964,22.2216],[86.8254,22.2646],[86.8906,22.2561],[86.8934,22.2854],[86.8342,22.3285],[86.8489,22.3999],[86.769,22.4266],[86.7503,22.4742],[86.7943,22.4782],[86.7892,22.5478],[86.7611,22.5778],[86.6569,22.5793],[86.6396,22.6007],[86.642,22.6585],[86.5605,22.7111]]]},"properties":{"DISTRICT":"Purbi Singhbhum","ST_NM":"Jharkhand","ST_CEN_CD":20,"DT_CEN_CD":12,"censuscode":357}},
{"type":"Feature","geometry":{"type":"Polygon","coordinates":[[[86.0827,20.1063],[85.9893,20.111],[85.9042,20.1232],[85.8894,20.1764],[85.8677,20.1903],[85.8272,20.1584],[85.7253,20.1427],[85.6894,20.149],[85.6803,20.0715],[85.6242,20.0659],[85.6313,20.0245],[85.6114,20.0006],[85.5657,20.0118],[85.5697,19.9687],[85.5098,19.9459],[85.5669,19.9168],[85.5356,19.8864],[85.4285,19.8935],[85.3281,19.8009],[85.2534,19.7807],[85.244,19.7477],[85.1954,19.7177],[85.1845,19.6755],[85.1773,19.5576],[85.1389,19.5237],[85.178,19.4638],[85.2141,19.4941],[85.3509,19.5839],[85.4448,19.6324],[85.5635,19.6824],[85.6964,19.7513],[85.8978,19.817],[86.0455,19.8415],[86.2287,19.8945],[86.2987,19.9345],[86.3666,19.9477],[86.3682,19.9749],[86.2823,20.0553],[86.2257,20.0381],[86.1895,20.0535],[86.1537,20.0424],[86.0774,20.0823],[86.0827,20.1063]]]},"properties":{"DISTRICT":"Puri","ST_NM":"Odisha","ST_CEN_CD":21,"DT_CEN_CD":18,"censuscode":387}},
{"type":"Feature","geometry":{"type":"Polygon","coordinates":[[[87.8242,25.9331],[87.8115,25.9583],[87.8235,26.0011],[87.8668,26.0931],[87.8239,26.1108],[87.6776,26.1109],[87.6161,26.0596],[87.6253,26.0262],[87.5606,25.9857],[87.4889,25.9736],[87.4118,25.99],[87.3962,25.9606],[87.3517,25.9806],[87.2679,25.984],[87.1769,25.9423],[87.1034,25.9688],[87.0818,25.9604],[86.9929,25.9338],[87.0413,25.8353],[87.0106,25.7442],[87.0525,25.6878],[87.03,25.6507],[87.0638,25.5652],[87.0567,25.5276],[87.1025,25.5145],[87.0853,25.4552],[87.111,25.4334],[87.1725,25.4499],[87.2317,25.4515],[87.2128,25.4839],[87.2292,25.5367],[87.2682,25.5579],[87.2544,25.5978],[87.2621,25.669],[87.2436,25.6984],[87.2615,25.7169],[87.3398,25.6817],[87.4897,25.6732],[87.5554,25.6798],[87.6691,25.6886],[87.6876,25.7452],[87.7389,25.763],[87.8044,25.7654],[87.8215,25.8113],[87.8245,25.8816],[87.8242,25.9331]]]},"properties":{"DISTRICT":"Purnia","ST_NM":"Bihar","ST_CEN_CD":10,"DT_CEN_CD":9,"censuscode":211}},
{"type":"Feature","geometry":{"type":"Polygon","coordinates":[[[86.8995,23.64],[86.8502,23.6785],[86.8012,23.6954],[86.7437,23.6796],[86.7166,23.6991],[86.5963,23.6642],[86.5344,23.6309],[86.4871,23.637],[86.4447,23.6217],[86.3638,23.545],[86.3577,23.4657],[86.306,23.4458],[86.2306,23.4378],[86.1611,23.5062],[86.1446,23.5719],[86.0435,23.5853],[86.0171,23.563],[86.0474,23.4922],[85.9441,23.4571],[85.8838,23.4777],[85.8671,23.4301],[85.902,23.379],[85.8724,23.3668],[85.8676,23.3054],[85.8325,23.2652],[85.8411,23.1943],[85.8636,23.1966],[85.8952,23.1541],[85.921,23.1319],[85.9879,23.1483],[86.0429,23.146],[86.0502,23.1143],[86.1216,23.0961],[86.1814,23.0156],[86.2402,22.9961],[86.2851,23.0134],[86.3378,22.9916],[86.3656,22.9994],[86.3986,22.977],[86.4219,22.9976],[86.5029,22.9927],[86.5177,22.9691],[86.438,22.9187],[86.4685,22.8996],[86.4383,22.8635],[86.4217,22.7796],[86.4595,22.7628],[86.4844,22.7256],[86.5605,22.7111],[86.6123,22.7989],[86.6201,22.8256],[86.7046,22.8721],[86.6924,22.9297],[86.7333,23.0255],[86.7451,23.0944],[86.7162,23.1215],[86.7748,23.2309],[86.7726,23.2906],[86.7839,23.3417],[86.8421,23.3823],[86.8493,23.4424],[86.8749,23.4972],[86.8875,23.6263],[86.8995,23.64]]]},"properties":{"DISTRICT":"Puruliya","ST_NM":"West Bengal","ST_CEN_CD":19,"DT_CEN_CD":14,"censuscode":340}},
{"type":"Feature","geometry":{"type":"Polygon","coordinates":[[[81.5421,26.521],[81.4901,26.5387],[81.4619,26.5708],[81.4165,26.5644],[81.3833,26.5869],[81.3572,26.5459],[81.3161,26.539],[81.2826,26.5698],[81.1904,26.6045],[81.166,26.5925],[81.127,26.5595],[81.1039,26.5624],[81.0776,26.5227],[81.0446,26.5021],[81,26.5349],[81.0031,26.4899],[80.9847,26.4733],[81.0261,26.4029],[81.038,26.3609],[81,26.3455],[80.9988,26.3138],[80.9518,26.3074],[80.9385,26.3567],[80.9014,26.35],[80.8461,26.3711],[80.8319,26.349],[80.8878,26.2919],[80.8122,26.2077],[80.7318,26.1761],[80.6761,26.1213],[80.7083,26.0866],[80.761,26.073],[80.8115,26.0329],[80.8516,26.0364],[80.9402,26.0657],[81.0193,26.0634],[81.0719,25.9967],[81.1164,25.9549],[81.2166,25.9264],[81.221,25.874],[81.2968,25.8437],[81.3368,25.8101],[81.3352,25.87],[81.4121,25.8962],[81.4345,25.9192],[81.5716,25.9733],[81.5585,26.0008],[81.5637,26.0639],[81.5412,26.1188],[81.6122,26.1522],[81.6194,26.1783],[81.5945,26.221],[81.5843,26.2761],[81.5554,26.3086],[81.566,26.3842],[81.5469,26.4241],[81.5713,26.4487],[81.5421,26.521]]]},"properties":{"DISTRICT":"Rae Bareli","ST_NM":"Uttar Pradesh","ST_CEN_CD":9,"DT_CEN_CD":27,"censuscode":158}},
{"type":"Feature","geometry":{"type":"Polygon","coordinates":[[[77.2886,16.407],[77.1712,16.435],[77.1453,16.4783],[77.115,16.4822],[77.0588,16.5177],[77.0266,16.5016],[77.0111,16.5454],[76.9724,16.5531],[76.9702,16.5051],[76.9124,16.4858],[76.8826,16.493],[76.848,16.4335],[76.7472,16.4121],[76.6051,16.3394],[76.5804,16.3404],[76.515,16.2994],[76.4788,16.2901],[76.407,16.2352],[76.3293,16.1911],[76.2984,16.1822],[76.2815,16.1498],[76.241,16.1653],[76.2461,16.1112],[76.303,16.0726],[76.3124,15.9974],[76.3023,15.969],[76.3282,15.9308],[76.2856,15.9013],[76.3092,15.892],[76.3573,15.906],[76.4276,15.8877],[76.4512,15.851],[76.4402,15.7839],[76.444,15.7359],[76.5319,15.6993],[76.5879,15.6968],[76.6,15.6728],[76.6541,15.6651],[76.6926,15.6454],[76.6904,15.5945],[76.7479,15.5905],[76.7753,15.5572],[76.814,15.5466],[76.8357,15.5612],[76.8341,15.6157],[76.8735,15.6646],[76.9186,15.6998],[76.9277,15.7348],[77.0282,15.8339],[77.0806,15.9141],[77.1474,15.945],[77.2532,15.9623],[77.3582,15.9484],[77.4312,15.9471],[77.5144,15.9258],[77.515,16.0071],[77.4955,16.0354],[77.5078,16.078],[77.4914,16.1204],[77.4996,16.1917],[77.4922,16.2543],[77.5956,16.3165],[77.5892,16.3326],[77.5235,16.3745],[77.4859,16.3821],[77.4161,16.3669],[77.2886,16.407]]]},"properties":{"DISTRICT":"Raichur","ST_NM":"Karnataka","ST_CEN_CD":29,"DT_CEN_CD":5,"censuscode":559}},
{"type":"Feature","geometry":{"type":"Polygon","coordinates":[[[83.4377,22.672],[83.388,22.6578],[83.402,22.7258],[83.385,22.743],[83.2537,22.7692],[83.2372,22.7857],[83.1655,22.7725],[83.1548,22.7383],[83.122,22.7274],[83.1144,22.6769],[83.0942,22.5757],[83.1089,22.5111],[83.089,22.4737],[83.114,22.4235],[83.1109,22.3647],[83.0378,22.2493],[83.053,22.1989],[83.0305,22.169],[82.9689,22.1624],[82.9409,22.122],[83.015,22.0738],[83.008,22.0281],[83.0244,22.0078],[83.0079,21.9635],[83.0936,21.9726],[83.1171,21.9314],[83.1552,21.9145],[83.2021,21.9175],[83.2194,21.8832],[83.1841,21.8452],[83.2401,21.7899],[83.27,21.7123],[83.0891,21.7139],[83.028,21.7373],[82.9513,21.7218],[82.9845,21.6418],[82.9305,21.557],[82.9346,21.4945],[83,21.4576],[83.0484,21.4795],[83.0542,21.4414],[83.111,21.4269],[83.1485,21.3635],[83.1836,21.3996],[83.2257,21.3817],[83.2772,21.3783],[83.382,21.3434],[83.401,21.4028],[83.3575,21.4472],[83.3493,21.4885],[83.3695,21.5755],[83.3879,21.6157],[83.4484,21.6522],[83.4902,21.6426],[83.4269,21.6779],[83.4635,21.6972],[83.4913,21.7444],[83.4831,21.7765],[83.4985,21.8114],[83.5384,21.8346],[83.5806,21.8324],[83.5786,21.8746],[83.6076,21.9135],[83.5423,21.966],[83.5557,22.0091],[83.5455,22.0577],[83.6074,22.0679],[83.5644,22.1023],[83.6131,22.1599],[83.6529,22.2268],[83.7001,22.2477],[83.7527,22.2434],[83.8047,22.2918],[83.768,22.3245],[83.7411,22.3784],[83.6941,22.3781],[83.6509,22.3949],[83.6394,22.4187],[83.5854,22.4555],[83.5962,22.5328],[83.4704,22.5063],[83.4067,22.5537],[83.4042,22.6157],[83.4377,22.672]]]},"properties":{"DISTRICT":"Raigarh","ST_NM":"Chhattisgarh","ST_CEN_CD":22,"DT_CEN_CD":4,"censuscode":403}},
{"type":"Feature","geometry":{"type":"Polygon","coordinates":[[[73.5274,19.1292],[73.4726,19.1349],[73.3501,19.1287],[73.2466,19.0639],[73.1946,19.125],[73.1768,19.109],[73.0469,19.0979],[73.0461,19.017],[73.009,18.9867],[72.9586,18.9873],[72.8968,18.9788],[72.9145,18.9508],[72.8695,18.9108],[72.84,18.8453],[72.8649,18.8043],[72.8529,18.6927],[72.8677,18.6204],[72.9078,18.5785],[72.9097,18.501],[72.8921,18.4593],[72.9134,18.3593],[72.9622,18.3156],[72.9327,18.2807],[72.9405,18.2317],[72.9762,18.1992],[72.9858,18.1578],[72.9708,18.1292],[73.0115,18.0461],[73.0078,18.0144],[73.0285,17.9637],[73.0694,17.9868],[73.1156,17.9785],[73.1346,18.0156],[73.1776,18.0604],[73.2238,18.0543],[73.2661,18.0693],[73.297,18.058],[73.3048,18.0233],[73.3472,18.0246],[73.3441,17.9719],[73.3782,17.9117],[73.409,17.8854],[73.4383,17.9013],[73.4627,17.865],[73.5087,17.8526],[73.5348,17.8825],[73.5701,17.8768],[73.5467,17.9037],[73.6359,17.9683],[73.626,17.9846],[73.6586,18.0284],[73.6129,18.058],[73.5969,18.1064],[73.6536,18.1725],[73.5994,18.1893],[73.5816,18.1792],[73.529,18.2175],[73.5325,18.2474],[73.4801,18.2713],[73.4731,18.3011],[73.424,18.3054],[73.4444,18.36],[73.4018,18.3999],[73.3872,18.5024],[73.3236,18.5593],[73.3309,18.5952],[73.3889,18.6543],[73.3849,18.6928],[73.3521,18.7231],[73.387,18.8467],[73.4276,18.8626],[73.4584,18.9295],[73.4622,18.9659],[73.5119,18.9723],[73.5468,19.018],[73.5244,19.0584],[73.5274,19.1292]]]},"properties":{"DISTRICT":"Raigarh","ST_NM":"Maharashtra","ST_CEN_CD":27,"DT_CEN_CD":24,"censuscode":520}},
{"type":"Feature","geometry":{"type":"Polygon","coordinates":[[[82.4396,21.7376],[82.3906,21.711],[82.3324,21.7124],[82.2911,21.7508],[82.2178,21.7566],[82.193,21.7732],[82.1895,21.836],[82.1257,21.8335],[82.102,21.8563],[82.0384,21.8837],[82.0284,21.8621],[81.9579,21.8459],[81.9427,21.8151],[81.8929,21.7749],[81.8491,21.7578],[81.8075,21.7705],[81.7368,21.7656],[81.6995,21.7503],[81.7256,21.7106],[81.664,21.646],[81.6994,21.6173],[81.6689,21.5457],[81.632,21.5063],[81.6395,21.4042],[81.5857,21.3359],[81.5533,21.333],[81.5357,21.2979],[81.5466,21.2445],[81.6031,21.2062],[81.6067,21.1596],[81.5842,21.124],[81.5839,21.072],[81.613,21.0244],[81.6597,20.9985],[81.7085,21.0162],[81.7518,21.0102],[81.7839,20.9703],[81.838,20.9398],[81.878,20.9624],[81.8922,20.8713],[81.924,20.8188],[81.9111,20.7905],[81.9271,20.7486],[81.9726,20.7297],[82.013,20.6751],[81.9975,20.6396],[82.0181,20.5771],[82.0215,20.5289],[82.0566,20.4779],[82.0831,20.4125],[82.0803,20.3671],[82.1083,20.2893],[82.1426,20.2865],[82.1747,20.2591],[82.1355,20.1863],[82.1361,20.1468],[82.0941,20.1018],[82.0426,20.0959],[82.0175,20.0491],[82.0655,20.0542],[82.1237,20.0149],[82.1918,19.9857],[82.2382,20.0027],[82.2693,19.9763],[82.3059,19.8884],[82.3471,19.835],[82.3964,19.8868],[82.45,19.908],[82.4833,19.9056],[82.605,19.8658],[82.5794,19.8331],[82.5927,19.7765],[82.6265,19.7916],[82.6534,19.8308],[82.7061,19.8323],[82.7186,19.854],[82.708,19.9119],[82.7185,19.9884],[82.7048,19.9978],[82.6581,20.0045],[82.59,19.995],[82.5512,20.0171],[82.4033,20.0537],[82.3865,20.1491],[82.4211,20.2067],[82.4126,20.2678],[82.4299,20.3139],[82.4013,20.3397],[82.4174,20.4068],[82.4366,20.4298],[82.3956,20.4565],[82.3879,20.5137],[82.3315,20.5576],[82.375,20.6332],[82.3507,20.7023],[82.3405,20.8229],[82.3493,20.8732],[82.2886,20.9129],[82.2844,20.9353],[82.2275,20.9501],[82.1994,20.9408],[82.164,21.0134],[82.1033,21.0278],[82.0077,21.0866],[81.9985,21.1319],[82.016,21.1611],[82.0197,21.2192],[82.0684,21.271],[82.1281,21.2959],[82.1662,21.3276],[82.1942,21.3777],[82.2416,21.4331],[82.2769,21.4005],[82.2468,21.3645],[82.2608,21.3089],[82.3007,21.2677],[82.3184,21.2898],[82.3944,21.2654],[82.3976,21.2885],[82.4655,21.3229],[82.5536,21.3191],[82.6505,21.3456],[82.6992,21.3299],[82.7044,21.372],[82.6901,21.4812],[82.733,21.4898],[82.7724,21.5195],[82.8282,21.5014],[82.8378,21.5362],[82.8759,21.5504],[82.9201,21.4879],[82.9346,21.4945],[82.9305,21.557],[82.9845,21.6418],[82.9513,21.7218],[82.8666,21.6886],[82.7954,21.7227],[82.7038,21.727],[82.6579,21.7103],[82.6292,21.7294],[82.6001,21.7128],[82.5416,21.7375],[82.4813,21.7262],[82.4455,21.743],[82.4396,21.7376]]]},"properties":{"DISTRICT":"Raipur","ST_NM":"Chhattisgarh","ST_CEN_CD":22,"DT_CEN_CD":11,"censuscode":410}},
{"type":"Feature","geometry":{"type":"Polygon","coordinates":[[[78.8074,23.2359],[78.7571,23.2483],[78.7702,23.2947],[78.7187,23.3513],[78.664,23.3331],[78.6304,23.3636],[78.6227,23.4184],[78.6538,23.4445],[78.6788,23.4939],[78.7353,23.5312],[78.7383,23.5762],[78.5941,23.5465],[78.5709,23.5639],[78.506,23.5564],[78.5003,23.5877],[78.5147,23.6491],[78.4781,23.6395],[78.444,23.6985],[78.4334,23.7445],[78.3686,23.7257],[78.4265,23.674],[78.3772,23.6538],[78.2927,23.6737],[78.2684,23.596],[78.242,23.5808],[78.2216,23.5288],[78.1972,23.5355],[78.1341,23.5164],[78.1348,23.4835],[78.0859,23.4503],[78.0151,23.4737],[77.9926,23.4265],[78.0483,23.4013],[78.0503,23.3676],[78.0222,23.345],[77.9608,23.3724],[77.9578,23.4148],[77.9153,23.4523],[77.8785,23.442],[77.8113,23.4613],[77.7349,23.5345],[77.6727,23.5179],[77.6256,23.4638],[77.5682,23.5014],[77.522,23.5176],[77.4923,23.4272],[77.5589,23.4238],[77.5503,23.3913],[77.5833,23.3533],[77.6256,23.3291],[77.593,23.3058],[77.5987,23.2446],[77.5679,23.1446],[77.5061,23.1062],[77.3834,23.0894],[77.3614,23.0565],[77.3651,23.0013],[77.4184,22.9672],[77.4379,22.9198],[77.5214,22.8705],[77.5812,22.8671],[77.6291,22.8307],[77.6722,22.8429],[77.6844,22.8753],[77.7539,22.9024],[77.7779,22.8971],[77.8439,22.9395],[77.965,22.9611],[77.9488,22.9021],[78.0102,22.9296],[78.034,22.9077],[78.0098,22.8555],[78.0291,22.8028],[78.0724,22.8111],[78.1034,22.7901],[78.1369,22.8449],[78.2139,22.8918],[78.239,22.8671],[78.2806,22.8685],[78.3253,22.9179],[78.362,22.9253],[78.3965,22.9624],[78.4423,22.9851],[78.4636,23.0042],[78.5449,23.0165],[78.5862,23.0112],[78.6231,23.0306],[78.7263,23.0445],[78.752,23.074],[78.7964,23.0921],[78.7912,23.1279],[78.8137,23.2115],[78.8074,23.2359]]]},"properties":{"DISTRICT":"Raisen","ST_NM":"Madhya Pradesh","ST_CEN_CD":23,"DT_CEN_CD":29,"censuscode":446}},
{"type":"Feature","geometry":{"type":"Polygon","coordinates":[[[74.5545,33.4769],[74.516,33.4736],[74.4462,33.5115],[74.3861,33.5664],[74.3434,33.5724],[74.2732,33.5457],[74.2102,33.4783],[74.1288,33.3754],[74.1537,33.328],[74.1733,33.2046],[74.2172,33.1461],[74.3553,33.108],[74.4005,33.0715],[74.445,33.0637],[74.491,33.0764],[74.5417,33.0632],[74.6254,33.1023],[74.6123,33.1496],[74.5677,33.1608],[74.5165,33.1921],[74.5278,33.2279],[74.6451,33.2162],[74.6647,33.2403],[74.6474,33.2943],[74.6409,33.4044],[74.6012,33.4525],[74.5545,33.4769]]]},"properties":{"DISTRICT":"Rajouri","ST_NM":"Jammu & Kashmir","ST_CEN_CD":1,"DT_CEN_CD":6,"censuscode":6}},
{"type":"Feature","geometry":{"type":"Polygon","coordinates":[[[76.8816,24.1305],[76.7949,24.1214],[76.7728,24.1603],[76.7245,24.1573],[76.678,24.189],[76.7064,24.2444],[76.6826,24.2662],[76.6201,24.2584],[76.5751,24.2091],[76.5833,24.1763],[76.5267,24.1589],[76.5119,24.1959],[76.4669,24.2246],[76.4152,24.2052],[76.3563,24.2446],[76.3211,24.2468],[76.2796,24.2123],[76.2186,24.2126],[76.2272,24.1529],[76.248,24.1374],[76.2041,24.0996],[76.2205,24.0519],[76.2658,24.0529],[76.3149,23.9214],[76.2998,23.8973],[76.3581,23.8494],[76.3977,23.762],[76.405,23.6722],[76.43,23.6544],[76.4445,23.5724],[76.4361,23.5603],[76.4896,23.5107],[76.5286,23.5724],[76.5915,23.55],[76.6032,23.5612],[76.6661,23.5245],[76.6955,23.4869],[76.7627,23.4967],[76.7973,23.4558],[76.8501,23.4954],[76.9103,23.4983],[76.9388,23.4719],[76.9627,23.5007],[77.0096,23.4989],[77.0519,23.4806],[77.1089,23.5222],[77.1502,23.574],[77.1562,23.6109],[77.1387,23.6414],[77.17,23.6866],[77.2221,23.8205],[77.2276,23.8959],[77.1863,23.8981],[77.164,23.9487],[77.1885,24.0048],[77.1826,24.0825],[77.1018,24.0873],[77.0291,24.0825],[77.0019,24.0571],[76.9577,24.0732],[76.8816,24.1305]]]},"properties":{"DISTRICT":"Rajgarh","ST_NM":"Madhya Pradesh","ST_CEN_CD":23,"DT_CEN_CD":25,"censuscode":442}},
{"type":"Feature","geometry":{"type":"Polygon","coordinates":[[[71.0449,23.171],[70.9834,23.173],[70.831,23.1258],[70.7782,23.159],[70.7,23.1225],[70.5947,23.0562],[70.554,23.0182],[70.5407,22.9593],[70.4763,22.9732],[70.4385,22.9674],[70.4365,22.9642],[70.4873,22.9328],[70.5794,22.9151],[70.6045,22.8804],[70.6458,22.8592],[70.648,22.7867],[70.6148,22.7646],[70.6235,22.7271],[70.6147,22.653],[70.574,22.6313],[70.5367,22.5289],[70.5858,22.486],[70.4955,22.4745],[70.4598,22.4392],[70.5036,22.4267],[70.474,22.3757],[70.5278,22.3403],[70.492,22.2967],[70.5216,22.2454],[70.5749,22.2382],[70.5847,22.1678],[70.5614,22.1433],[70.5476,22.048],[70.4537,22.0506],[70.4149,22.0286],[70.3288,22.0486],[70.3263,22.0175],[70.2588,21.9941],[70.2157,21.9649],[70.2153,21.9076],[70.1779,21.8943],[70.1446,21.9408],[70.1273,21.865],[70.0974,21.8476],[70.0898,21.8],[70.0301,21.7912],[70.0751,21.7324],[70.1192,21.7054],[70.1479,21.6617],[70.1271,21.6373],[70.1626,21.6118],[70.2174,21.6356],[70.2621,21.613],[70.245,21.5657],[70.2586,21.5261],[70.2941,21.5461],[70.3015,21.5871],[70.3662,21.5978],[70.3672,21.6369],[70.4368,21.6585],[70.5439,21.6443],[70.6111,21.6246],[70.6411,21.6506],[70.7206,21.6106],[70.7395,21.6443],[70.7769,21.6617],[70.7932,21.6652],[70.8011,21.7127],[70.8257,21.7432],[70.8852,21.7346],[70.8939,21.7637],[70.9771,21.7298],[71.0468,21.756],[71.047,21.8231],[71.0587,21.9033],[71.1153,21.919],[71.1232,21.9374],[71.2008,21.9737],[71.1987,22],[71.2476,22.0093],[71.2645,21.957],[71.2968,21.9741],[71.2744,22.0167],[71.3071,22.042],[71.3442,21.9848],[71.3922,21.9781],[71.4595,22.0063],[71.4542,22.0303],[71.5043,22.0531],[71.5004,22.111],[71.4697,22.137],[71.4788,22.1843],[71.4301,22.2106],[71.4576,22.2304],[71.4334,22.261],[71.3889,22.2226],[71.3877,22.2754],[71.3419,22.2593],[71.3067,22.2811],[71.232,22.2767],[71.2186,22.2208],[71.2828,22.2106],[71.2894,22.1636],[71.1884,22.1734],[71.1556,22.1663],[71.1049,22.2482],[71.0604,22.2774],[71.0616,22.3035],[71.0222,22.3294],[71.0114,22.4102],[71.0564,22.4355],[71.0766,22.4039],[71.1222,22.4354],[71.1311,22.4783],[71.1633,22.5009],[71.1347,22.5422],[71.1012,22.5126],[71.0756,22.5566],[71.1102,22.6394],[71.162,22.6806],[71.1235,22.756],[71.0426,22.7717],[71.0286,22.7998],[70.9877,22.7919],[70.9789,22.8468],[71.0181,22.8732],[70.9938,22.9321],[70.9959,22.9678],[70.9536,23.0107],[71.0001,23.1036],[71.0636,23.0949],[71.0449,23.171]]]},"properties":{"DISTRICT":"Rajkot","ST_NM":"Gujarat","ST_CEN_CD":24,"DT_CEN_CD":9,"censuscode":476}},
{"type":"Feature","geometry":{"type":"Polygon","coordinates":[[[81.1764,21.7032],[81.1275,21.7079],[81.1018,21.7313],[81.0002,21.7252],[80.9536,21.7649],[80.9427,21.8042],[80.9116,21.8203],[80.8447,21.8299],[80.8185,21.7641],[80.7897,21.7397],[80.747,21.7566],[80.7143,21.6717],[80.7286,21.6175],[80.7163,21.6042],[80.7376,21.5391],[80.7372,21.4725],[80.6911,21.3732],[80.6634,21.3314],[80.6796,21.3119],[80.6456,21.2555],[80.5681,21.2065],[80.4641,21.1735],[80.442,21.0998],[80.4553,21.0504],[80.4305,21.0105],[80.4659,20.9292],[80.5421,20.9324],[80.5566,20.8901],[80.5628,20.821],[80.5502,20.7931],[80.5671,20.7132],[80.5852,20.6803],[80.5258,20.6633],[80.4884,20.6186],[80.5264,20.5863],[80.5856,20.6158],[80.6198,20.5923],[80.6104,20.4352],[80.5929,20.3941],[80.6237,20.3279],[80.549,20.309],[80.5178,20.2717],[80.4634,20.271],[80.3898,20.2438],[80.4203,20.1897],[80.4007,20.1462],[80.4583,20.1471],[80.5473,20.1123],[80.5851,20.1752],[80.6247,20.1874],[80.6675,20.2218],[80.6911,20.191],[80.7291,20.2024],[80.7305,20.2669],[80.8315,20.3085],[80.8664,20.3851],[80.8865,20.3852],[80.946,20.4407],[80.9721,20.4721],[80.9443,20.5082],[80.9535,20.5466],[80.9936,20.5765],[80.9888,20.6101],[80.938,20.6319],[80.9451,20.6571],[80.8823,20.6572],[80.8139,20.6956],[80.8055,20.7202],[80.8263,20.7641],[80.8703,20.7873],[80.9375,20.7806],[80.9524,20.8442],[80.9953,20.8801],[80.9656,20.9129],[80.9582,20.9902],[80.9872,21.0061],[81.0263,20.9929],[81.12,21.0073],[81.1609,21.1013],[81.2064,21.1027],[81.2162,21.1715],[81.1966,21.2215],[81.1637,21.2368],[81.1636,21.2875],[81.1876,21.3195],[81.1929,21.3906],[81.1732,21.4374],[81.1959,21.5143],[81.1422,21.557],[81.1775,21.597],[81.1764,21.7032]]]},"properties":{"DISTRICT":"Rajnandgaon","ST_NM":"Chhattisgarh","ST_CEN_CD":22,"DT_CEN_CD":9,"censuscode":408}},
{"type":"Feature","geometry":{"type":"MultiPolygon","coordinates":[[[[74.1836,25.8483],[74.117,25.8661],[74.0563,25.8289],[74.0933,25.7671],[74.0169,25.7466],[74.0128,25.7037],[73.949,25.6506],[73.9062,25.6852],[73.8647,25.6509],[73.8073,25.5111],[73.7793,25.4823],[73.7336,25.3821],[73.6691,25.346],[73.6121,25.2863],[73.6014,25.2034],[73.5003,25.126],[73.5033,25.1178],[73.5008,25.0535],[73.5232,25.0314],[73.5069,24.9756],[73.5615,24.934],[73.5695,24.8799],[73.6116,24.7746],[73.7028,24.789],[73.7564,24.7386],[73.7961,24.7448],[73.8553,24.8867],[73.931,24.8815],[73.9582,24.854],[74.0018,24.8922],[74.0455,24.8328],[74.1215,24.8518],[74.1881,24.9298],[74.1998,24.9786],[74.2276,24.9951],[74.271,24.9916],[74.3198,25.032],[74.2595,25.0651],[74.2166,25.0483],[74.1888,25.0601],[74.1648,25.1274],[74.0799,25.149],[74.123,25.2418],[74.0501,25.2363],[74.0269,25.2721],[74.0321,25.385],[74.0222,25.4325],[74.0448,25.4989],[74.0984,25.515],[74.0665,25.5801],[74.1051,25.5917],[74.1173,25.6362],[74.094,25.6733],[74.0983,25.716],[74.1959,25.7393],[74.2069,25.7741],[74.1836,25.8483]]],[[[74.3889,25.9623],[74.3908,26.0054],[74.3459,26.0226],[74.2926,25.9811],[74.2897,25.9379],[74.2323,25.9345],[74.2676,25.8714],[74.3455,25.9026],[74.3281,25.9299],[74.3889,25.9623]]],[[[74.2583,25.8675],[74.2223,25.898],[74.1968,25.8537],[74.2247,25.8435],[74.2583,25.8675]]]]},"properties":{"DISTRICT":"Rajsamand","ST_NM":"Rajasthan","ST_CEN_CD":8,"DT_CEN_CD":25,"censuscode":123}},
{"type":"Feature","geometry":{"type":"Polygon","coordinates":[[[77.2047,13.1838],[77.1569,13.1912],[77.0731,13.1241],[77.0838,13.0866],[77.073,13.0456],[77.1377,12.9954],[77.1687,12.9296],[77.1438,12.9153],[77.1334,12.8581],[77.1571,12.825],[77.1495,12.783],[77.1003,12.7742],[77.0813,12.7461],[77.0767,12.6783],[77.1001,12.6669],[77.115,12.553],[77.1477,12.4616],[77.1667,12.4822],[77.2143,12.486],[77.2695,12.4649],[77.2873,12.3919],[77.3145,12.3899],[77.3337,12.3531],[77.3228,12.3071],[77.3406,12.2829],[77.4359,12.2819],[77.473,12.2446],[77.4803,12.2707],[77.5285,12.2785],[77.5663,12.3062],[77.6141,12.3628],[77.6353,12.4863],[77.5884,12.5159],[77.5798,12.5668],[77.5989,12.6571],[77.6183,12.7056],[77.4777,12.7539],[77.4666,12.8088],[77.413,12.8757],[77.3783,12.8534],[77.3489,12.8675],[77.3449,12.937],[77.3307,12.9727],[77.3103,13.103],[77.2706,13.1318],[77.2237,13.1486],[77.2047,13.1838]]]},"properties":{"DISTRICT":"Ramanagara","ST_NM":"Karnataka","ST_CEN_CD":29,"DT_CEN_CD":30,"censuscode":584}},
{"type":"Feature","geometry":{"type":"Polygon","coordinates":[[[78.9905,9.9453],[78.9571,9.9211],[78.9167,9.9164],[78.8732,9.8612],[78.8844,9.7539],[78.8226,9.7735],[78.7618,9.7717],[78.7246,9.7093],[78.7765,9.7187],[78.7998,9.6914],[78.7855,9.6508],[78.8202,9.5933],[78.7544,9.5773],[78.708,9.5981],[78.6538,9.5433],[78.6173,9.5359],[78.5419,9.5847],[78.5167,9.5821],[78.4508,9.6188],[78.4186,9.5959],[78.3768,9.5663],[78.3842,9.5161],[78.3488,9.5148],[78.3304,9.479],[78.2756,9.4456],[78.2199,9.4442],[78.2449,9.3769],[78.2966,9.3887],[78.3375,9.3658],[78.3766,9.3181],[78.3776,9.2917],[78.3321,9.2615],[78.2828,9.2751],[78.2726,9.202],[78.2991,9.2033],[78.2761,9.141],[78.3239,9.1309],[78.3913,9.0939],[78.4223,9.1134],[78.5274,9.136],[78.5743,9.128],[78.6002,9.1475],[78.6516,9.1574],[78.6729,9.1937],[78.7216,9.203],[78.8776,9.2566],[78.9049,9.2482],[78.9418,9.2707],[78.9878,9.2752],[79.0938,9.2599],[79.1014,9.2893],[79.0518,9.3],[78.9876,9.3542],[78.9004,9.4567],[78.9155,9.4996],[78.9253,9.5864],[78.9547,9.6257],[78.9916,9.7126],[79.0557,9.7714],[79.1141,9.8462],[79.0462,9.8599],[78.9905,9.9453]]]},"properties":{"DISTRICT":"Ramanathapuram","ST_NM":"Tamil Nadu","ST_CEN_CD":33,"DT_CEN_CD":25,"censuscode":626}},
{"type":"Feature","geometry":{"type":"Polygon","coordinates":[[[75.1527,33.5786],[75.1198,33.5431],[75.1231,33.4703],[75.0728,33.4527],[75.0098,33.4612],[75.0372,33.4065],[75.0182,33.2214],[75.0764,33.1643],[75.2152,33.1305],[75.2915,33.0969],[75.3006,33.1848],[75.3334,33.2185],[75.3189,33.2973],[75.4171,33.3583],[75.3487,33.3929],[75.238,33.4953],[75.1925,33.5609],[75.1527,33.5786]]]},"properties":{"DISTRICT":"Ramban","ST_NM":"Jammu & Kashmir","ST_CEN_CD":1,"DT_CEN_CD":17,"censuscode":17}},
{"type":"Feature","geometry":{"type":"Polygon","coordinates":[[[85.8838,23.4777],[85.8155,23.5627],[85.7739,23.6567],[85.6648,23.611],[85.6151,23.6222],[85.6217,23.7792],[85.5974,23.7999],[85.5937,23.8467],[85.6472,23.9331],[85.579,23.9116],[85.526,23.8565],[85.4927,23.8022],[85.4549,23.7857],[85.4785,23.7555],[85.4496,23.7185],[85.4493,23.6877],[85.4086,23.6742],[85.3395,23.7008],[85.2926,23.6886],[85.2516,23.697],[85.2265,23.6989],[85.2233,23.6899],[85.2055,23.6434],[85.2683,23.5802],[85.4526,23.5494],[85.4837,23.554],[85.5513,23.538],[85.6075,23.4818],[85.6751,23.4509],[85.7223,23.4419],[85.7587,23.46],[85.8167,23.4538],[85.8671,23.4301],[85.8838,23.4777]]]},"properties":{"DISTRICT":"Ramgarh","ST_NM":"Jharkhand","ST_CEN_CD":20,"DT_CEN_CD":16,"censuscode":361}},
{"type":"Feature","geometry":{"type":"Polygon","coordinates":[[[79.4074,28.8793],[79.4132,28.9262],[79.2907,28.9587],[79.1466,29.0758],[79.1542,29.1136],[79.0848,29.1459],[79.0247,29.1431],[78.9727,29.1556],[78.9699,29.1232],[78.9352,29.0795],[78.9498,29.0328],[78.8917,28.9736],[78.9022,28.9485],[78.8878,28.8975],[78.9382,28.8552],[78.9757,28.7632],[78.946,28.7129],[78.8794,28.6904],[78.8392,28.6602],[78.9051,28.6035],[78.9377,28.5625],[78.9409,28.517],[78.9204,28.4794],[79.0001,28.3848],[79.0001,28.4315],[79.0383,28.4381],[79.0785,28.483],[79.1404,28.4899],[79.1833,28.557],[79.2219,28.5725],[79.239,28.6386],[79.2859,28.6803],[79.3045,28.7188],[79.3881,28.7573],[79.3852,28.794],[79.407,28.8371],[79.4074,28.8793]]]},"properties":{"DISTRICT":"Rampur","ST_NM":"Uttar Pradesh","ST_CEN_CD":9,"DT_CEN_CD":5,"censuscode":136}},
{"type":"Feature","geometry":{"type":"Polygon","coordinates":[[[85.8671,23.4301],[85.8167,23.4538],[85.7587,23.46],[85.7223,23.4419],[85.6751,23.4509],[85.6075,23.4818],[85.5513,23.538],[85.4837,23.554],[85.4526,23.5494],[85.2683,23.5802],[85.2055,23.6434],[85.2233,23.6899],[85.2265,23.6989],[85.1888,23.7098],[85.1656,23.6664],[85.1075,23.664],[85.0555,23.7102],[85.0538,23.7135],[85.0361,23.6896],[85.0177,23.687],[84.9639,23.7138],[84.935,23.6908],[84.9224,23.6463],[84.9455,23.6077],[84.9206,23.5458],[84.8863,23.5575],[84.9453,23.5005],[84.8863,23.4021],[84.9045,23.3643],[84.898,23.3201],[84.9138,23.2438],[84.9511,23.2282],[84.9208,23.1685],[84.8862,23.14],[84.9041,23.0552],[84.9426,23.0115],[84.9842,23.0313],[84.9971,23.0727],[85.0368,23.1049],[85.0541,23.2007],[85.0911,23.2204],[85.1364,23.2189],[85.1895,23.2443],[85.2791,23.2182],[85.3149,23.1842],[85.3372,23.2038],[85.374,23.1841],[85.4629,23.1769],[85.472,23.2134],[85.5535,23.2775],[85.585,23.2722],[85.5417,23.1586],[85.5517,23.1289],[85.6027,23.104],[85.5802,23.0525],[85.6156,22.982],[85.6139,22.9333],[85.7045,22.9439],[85.763,22.9333],[85.8288,22.904],[85.8699,22.9122],[85.8483,22.9867],[85.827,22.9963],[85.8078,23.0531],[85.8226,23.0858],[85.8728,23.1452],[85.8952,23.1541],[85.8636,23.1966],[85.8411,23.1943],[85.8325,23.2652],[85.8676,23.3054],[85.8724,23.3668],[85.902,23.379],[85.8671,23.4301]]]},"properties":{"DISTRICT":"Ranchi","ST_NM":"Jharkhand","ST_CEN_CD":20,"DT_CEN_CD":19,"censuscode":364}},
{"type":"Feature","geometry":{"type":"Polygon","coordinates":[[[78.72,17.6667],[78.6639,17.6958],[78.6156,17.669],[78.5718,17.6872],[78.5134,17.6858],[78.4303,17.7009],[78.4203,17.6696],[78.3872,17.6652],[78.3545,17.5235],[78.297,17.4915],[78.3063,17.4655],[78.263,17.419],[78.2187,17.4398],[78.2139,17.4864],[78.1671,17.4632],[78.1344,17.488],[78.0853,17.4971],[78.0544,17.4598],[78.0195,17.4754],[77.9229,17.574],[77.8743,17.5809],[77.8559,17.6433],[77.7742,17.602],[77.7614,17.5593],[77.6898,17.5087],[77.615,17.473],[77.6147,17.4473],[77.5765,17.4325],[77.5374,17.4439],[77.514,17.4302],[77.5247,17.3651],[77.4601,17.348],[77.4378,17.2913],[77.4583,17.279],[77.384,17.2229],[77.3636,17.1648],[77.38,17.1411],[77.4666,17.1074],[77.4857,17.1338],[77.4791,17.1746],[77.5395,17.1661],[77.5802,17.1301],[77.6175,17.1671],[77.7281,17.2059],[77.7667,17.2021],[77.7881,17.1536],[77.7708,17.1291],[77.7549,17.0619],[77.7685,17.0193],[77.7403,16.938],[77.738,16.8808],[77.7954,16.8746],[77.8659,16.8533],[77.9691,16.8692],[78.0111,16.9017],[78.0142,16.9501],[77.9792,17.0083],[77.9404,17.0236],[77.9229,17.0623],[77.9359,17.0858],[77.9906,17.1031],[77.9926,17.1269],[78.0554,17.1959],[78.0856,17.1951],[78.1025,17.1014],[78.1322,17.1124],[78.1828,17.0999],[78.1734,17.171],[78.2944,17.2242],[78.3078,17.1506],[78.3398,17.1205],[78.3891,17.0349],[78.4532,17],[78.5108,17.0133],[78.5621,16.9807],[78.5852,16.9518],[78.6499,16.9554],[78.7017,16.933],[78.707,16.9625],[78.7898,16.9734],[78.8307,17.0178],[78.8502,17.0871],[78.8393,17.125],[78.7955,17.1409],[78.7946,17.1729],[78.8271,17.2364],[78.7711,17.2585],[78.7473,17.2968],[78.7406,17.3594],[78.7604,17.4441],[78.7133,17.4392],[78.7134,17.5244],[78.6877,17.578],[78.72,17.6667]],[[78.5116,17.4543],[78.5402,17.4627],[78.5153,17.3297],[78.4824,17.3035],[78.4405,17.3446],[78.4012,17.3566],[78.3925,17.4122],[78.4115,17.4333],[78.4488,17.4276],[78.4788,17.4731],[78.5116,17.4543]]]},"properties":{"DISTRICT":"Rangareddy","ST_NM":"Andhra Pradesh","ST_CEN_CD":28,"DT_CEN_CD":6,"censuscode":537}},
{"type":"Feature","geometry":{"type":"Polygon","coordinates":[[[75.6861,23.7569],[75.6776,23.7784],[75.5674,23.812],[75.5639,23.8545],[75.4578,23.9171],[75.3726,23.8697],[75.3326,23.839],[75.2997,23.8521],[75.1988,23.8284],[75.1309,23.8301],[75.088,23.8152],[75.0506,23.8234],[75.0249,23.784],[74.9706,23.7942],[74.9399,23.7627],[74.9241,23.7161],[74.924,23.6654],[74.9395,23.6273],[74.8857,23.6034],[74.851,23.5544],[74.8023,23.5311],[74.7734,23.5404],[74.7416,23.5166],[74.6122,23.4587],[74.5718,23.4166],[74.571,23.3807],[74.5444,23.3612],[74.5321,23.3205],[74.547,23.2842],[74.6139,23.282],[74.6307,23.2608],[74.6999,23.2694],[74.7398,23.2266],[74.7833,23.2374],[74.7804,23.1472],[74.8194,23.1325],[74.8854,23.1347],[74.9171,23.1587],[74.9903,23.1392],[75.0092,23.1109],[75.1043,23.1104],[75.2351,23.0876],[75.2415,23.1359],[75.2287,23.2135],[75.2647,23.2458],[75.2609,23.3009],[75.2153,23.3291],[75.1652,23.3988],[75.1579,23.4357],[75.1769,23.4673],[75.1835,23.5184],[75.2739,23.542],[75.2795,23.5875],[75.398,23.6019],[75.4045,23.5812],[75.4969,23.526],[75.5146,23.5886],[75.5039,23.6194],[75.5245,23.6688],[75.5644,23.6575],[75.6218,23.6616],[75.6456,23.7083],[75.6874,23.7148],[75.6911,23.7471],[75.6861,23.7569]]]},"properties":{"DISTRICT":"Ratlam","ST_NM":"Madhya Pradesh","ST_CEN_CD":23,"DT_CEN_CD":17,"censuscode":434}},
{"type":"Feature","geometry":{"type":"Polygon","coordinates":[[[73.5701,17.8768],[73.5348,17.8825],[73.5087,17.8526],[73.4627,17.865],[73.4383,17.9013],[73.409,17.8854],[73.3782,17.9117],[73.3441,17.9719],[73.3472,18.0246],[73.3048,18.0233],[73.297,18.058],[73.2661,18.0693],[73.2238,18.0543],[73.1776,18.0604],[73.1346,18.0156],[73.1156,17.9785],[73.0694,17.9868],[73.0285,17.9637],[73.0759,17.8778],[73.0977,17.8083],[73.1381,17.7186],[73.1171,17.6931],[73.145,17.6037],[73.1446,17.5491],[73.1836,17.5081],[73.1946,17.4639],[73.188,17.3837],[73.2191,17.3714],[73.2429,17.3198],[73.2197,17.2751],[73.2825,17.1113],[73.2941,17.0557],[73.2821,17.0136],[73.2947,16.9749],[73.2824,16.8931],[73.2935,16.8343],[73.3176,16.7971],[73.3044,16.7428],[73.3275,16.6754],[73.32,16.5995],[73.3411,16.5606],[73.3655,16.5161],[73.4653,16.4933],[73.4887,16.5145],[73.541,16.5149],[73.5812,16.5434],[73.6615,16.5759],[73.6897,16.6239],[73.7681,16.6034],[73.7682,16.6598],[73.854,16.6502],[73.866,16.6699],[73.8245,16.7165],[73.8411,16.7388],[73.7917,16.7628],[73.7529,16.8129],[73.7693,16.8541],[73.7485,16.9049],[73.7931,16.9121],[73.7658,16.9626],[73.7878,16.9928],[73.8339,16.9906],[73.8231,17.0379],[73.7887,17.0931],[73.6895,17.1583],[73.7093,17.1697],[73.7186,17.2023],[73.6962,17.2626],[73.6821,17.3634],[73.6613,17.3761],[73.7077,17.4656],[73.6963,17.4881],[73.7416,17.5315],[73.7422,17.5604],[73.7032,17.658],[73.6567,17.6986],[73.5663,17.7219],[73.6025,17.7947],[73.5701,17.8768]]]},"properties":{"DISTRICT":"Ratnagiri","ST_NM":"Maharashtra","ST_CEN_CD":27,"DT_CEN_CD":32,"censuscode":528}},
{"type":"Feature","geometry":{"type":"Polygon","coordinates":[[[83.4962,19.9596],[83.4937,19.9594],[83.4852,19.9611],[83.4814,19.9635],[83.4745,19.9638],[83.4523,19.9725],[83.4489,19.9688],[83.4429,19.9332],[83.4086,19.9234],[83.4275,19.8444],[83.4543,19.7882],[83.4558,19.74],[83.4151,19.6837],[83.3862,19.667],[83.3734,19.6202],[83.3332,19.5962],[83.2669,19.5987],[83.2637,19.5519],[83.2453,19.5059],[83.1682,19.4321],[83.1355,19.5092],[83.1215,19.5009],[83.0735,19.5618],[83.0468,19.5572],[83.027,19.5124],[83,19.4982],[82.9918,19.4473],[82.9394,19.4497],[82.9369,19.4077],[82.9575,19.3249],[82.9188,19.3046],[82.8908,19.2543],[82.9023,19.2294],[82.8862,19.1899],[82.8824,19.1881],[82.8788,19.1841],[82.9505,19.1548],[82.9808,19.1528],[83.0309,19.0805],[83.0318,19.0572],[83.0638,19.0442],[83.0689,19.0467],[83.071,19.0494],[83.0703,19.0647],[83.0762,19.0809],[83.1376,19.1367],[83.1862,19.1143],[83.1994,19.1642],[83.2497,19.1627],[83.2441,19.1265],[83.2077,19.1303],[83.1892,19.0929],[83.1902,19.0149],[83.2066,18.9757],[83.2415,18.9726],[83.2388,19.0233],[83.26,19.0353],[83.2773,19.1142],[83.3411,19.1014],[83.3506,19.0291],[83.3484,19.0168],[83.3487,19.0169],[83.3542,19.0177],[83.3628,19.0172],[83.3702,19.0026],[83.4167,19.0041],[83.4505,18.9558],[83.4824,19.0083],[83.4672,19.0775],[83.4752,19.0777],[83.4847,19.0831],[83.5131,19.0726],[83.5214,19.0327],[83.6121,19.1008],[83.6268,19.1497],[83.6921,19.052],[83.7134,18.9935],[83.734,18.9838],[83.7535,18.9266],[83.7782,18.91],[83.7488,18.9921],[83.796,19.0161],[83.8142,19.0313],[83.8629,18.9793],[83.8979,18.9835],[83.9134,19.0174],[83.952,18.9891],[83.9879,19.0204],[83.9663,19.0427],[84.0135,19.0934],[84.0243,19.1415],[83.9871,19.1589],[83.9843,19.2052],[84.0217,19.2846],[84.03,19.3454],[84.0173,19.3741],[83.947,19.3975],[83.9442,19.4198],[83.9786,19.4855],[83.9772,19.5303],[83.9361,19.5661],[83.9272,19.6303],[83.9432,19.635],[83.9206,19.6792],[83.874,19.6741],[83.8435,19.7096],[83.814,19.717],[83.8088,19.7168],[83.7927,19.7116],[83.7811,19.7118],[83.7728,19.7142],[83.7691,19.7129],[83.7677,19.7083],[83.7612,19.6746],[83.7508,19.6663],[83.7443,19.658],[83.7405,19.6545],[83.7344,19.6545],[83.7289,19.6586],[83.724,19.6684],[83.701,19.6862],[83.6375,19.6724],[83.6449,19.7036],[83.6283,19.7425],[83.6195,19.815],[83.5453,19.8428],[83.528,19.8744],[83.5624,19.9247],[83.4962,19.9596]]]},"properties":{"DISTRICT":"Rayagada","ST_NM":"Odisha","ST_CEN_CD":21,"DT_CEN_CD":27,"censuscode":396}},
{"type":"Feature","geometry":{"type":"Polygon","coordinates":[[[75.0764,33.1643],[75.0182,33.2214],[75.0372,33.4065],[75.0098,33.4612],[74.9208,33.4661],[74.84,33.4582],[74.8013,33.4712],[74.7537,33.5248],[74.7072,33.5207],[74.6897,33.4865],[74.6192,33.4702],[74.6012,33.4525],[74.6409,33.4044],[74.6474,33.2943],[74.6647,33.2403],[74.6451,33.2162],[74.5278,33.2279],[74.5165,33.1921],[74.5677,33.1608],[74.6123,33.1496],[74.6254,33.1023],[74.5417,33.0632],[74.5786,33.0338],[74.5913,32.9962],[74.6688,32.9572],[74.7298,33.0242],[74.782,33.0318],[74.8457,32.9632],[74.8124,32.9186],[74.8353,32.8799],[74.8857,32.8705],[74.9467,32.8771],[74.9621,32.9448],[75.0448,33.0015],[75.0443,33.0435],[75.0167,33.0919],[75.0355,33.1365],[75.0764,33.1643]]]},"properties":{"DISTRICT":"Reasi","ST_NM":"Jammu & Kashmir","ST_CEN_CD":1,"DT_CEN_CD":20,"censuscode":20}},
{"type":"Feature","geometry":{"type":"Polygon","coordinates":[[[82.1083,24.8073],[82.0901,24.8194],[82.0734,24.8207],[82.0131,24.8479],[81.9631,24.8364],[81.911,24.8812],[81.9186,24.9176],[81.91,24.9798],[81.8377,25.0162],[81.8,25.0069],[81.7248,25.0498],[81.6552,25.0718],[81.6403,25.0999],[81.5994,25.1196],[81.6281,25.1523],[81.5424,25.1848],[81.5271,25.1484],[81.5004,25.1453],[81.4921,25.0715],[81.4448,25.0927],[81.4362,25.1301],[81.3974,25.1207],[81.3578,25.1638],[81.277,25.1615],[81.254,25.1019],[81.2699,25.0649],[81.21,24.9922],[81.2142,24.9358],[81.1696,24.955],[81.1605,24.9128],[81.1249,24.8983],[81.0984,24.8339],[81.0534,24.7958],[81.1402,24.7308],[81.1774,24.6922],[81.157,24.5419],[81.1669,24.4979],[81.2252,24.4905],[81.2444,24.4381],[81.2913,24.3963],[81.2722,24.3298],[81.3062,24.3224],[81.3735,24.3613],[81.4564,24.3934],[81.5485,24.4424],[81.641,24.4709],[81.7381,24.5118],[81.7646,24.5027],[81.7865,24.5046],[81.886,24.5297],[81.8958,24.5533],[81.9511,24.5736],[81.9634,24.5536],[82.0615,24.5764],[82.0703,24.601],[82.1231,24.5927],[82.1994,24.6157],[82.2995,24.5959],[82.3067,24.5989],[82.302,24.6115],[82.3,24.6624],[82.2512,24.6993],[82.2466,24.7519],[82.2039,24.7612],[82.1676,24.7897],[82.1083,24.8073]]]},"properties":{"DISTRICT":"Rewa","ST_NM":"Madhya Pradesh","ST_CEN_CD":23,"DT_CEN_CD":13,"censuscode":430}},
{"type":"Feature","geometry":{"type":"Polygon","coordinates":[[[76.6672,28.3808],[76.6218,28.4281],[76.6045,28.4039],[76.5187,28.4031],[76.5153,28.4263],[76.4496,28.4273],[76.432,28.4617],[76.3756,28.4281],[76.3498,28.436],[76.3002,28.4318],[76.2997,28.4251],[76.2907,28.4253],[76.2906,28.4234],[76.3005,28.3827],[76.3308,28.3646],[76.3596,28.3461],[76.371,28.3252],[76.3453,28.2233],[76.3163,28.1788],[76.3617,28.1615],[76.3683,28.1386],[76.4809,28.1447],[76.5063,28.1017],[76.4784,28.0815],[76.4641,28.0416],[76.547,28.0342],[76.5394,27.9744],[76.555,27.9664],[76.6074,28.0048],[76.6686,28.014],[76.6565,28.0872],[76.6909,28.0927],[76.7187,28.1273],[76.7479,28.1239],[76.8004,28.1521],[76.7992,28.1886],[76.8634,28.22],[76.8549,28.2346],[76.7702,28.2408],[76.7222,28.2624],[76.6821,28.2628],[76.6863,28.315],[76.6616,28.3177],[76.6651,28.3715],[76.6672,28.3808]]]},"properties":{"DISTRICT":"Rewari","ST_NM":"Haryana","ST_CEN_CD":6,"DT_CEN_CD":17,"censuscode":85}},
{"type":"Feature","geometry":{"type":"Polygon","coordinates":[[[92.1804,26.0779],[92.1352,26.0443],[92.055,26.0313],[91.9933,26.0396],[91.9362,26.0133],[91.8856,26.0287],[91.8783,26.0964],[91.8219,26.1175],[91.7929,26.0858],[91.7338,26.0581],[91.7226,25.9529],[91.6717,25.9043],[91.6326,25.9436],[91.6348,26.0214],[91.5727,26.0265],[91.5539,25.9739],[91.486,25.8901],[91.4776,25.8563],[91.4713,25.8581],[91.3452,25.8353],[91.3625,25.8061],[91.4614,25.788],[91.5899,25.8114],[91.6623,25.8139],[91.7009,25.8042],[91.7526,25.8267],[91.7914,25.7817],[91.7683,25.7493],[91.8113,25.7328],[91.831,25.6882],[91.8115,25.6429],[91.9839,25.6461],[92.1361,25.6407],[92.1621,25.6716],[92.1665,25.7431],[92.1549,25.8111],[92.1829,25.8699],[92.2268,25.8999],[92.1618,25.9136],[92.1675,25.9628],[92.2577,26.0272],[92.3035,26.0747],[92.2432,26.0608],[92.1804,26.0779]]]},"properties":{"DISTRICT":"Ri Bhoi","ST_NM":"Meghalaya","ST_CEN_CD":17,"DT_CEN_CD":5,"censuscode":297}},
{"type":"Feature","geometry":{"type":"Polygon","coordinates":[[[76.9029,28.8621],[76.8122,28.8646],[76.8272,28.9035],[76.7837,28.9273],[76.7577,28.9636],[76.7297,28.9678],[76.7325,29.0094],[76.6787,29.0627],[76.6393,29.0559],[76.5669,29.0667],[76.5401,29.1043],[76.5124,29.0805],[76.4791,29.0963],[76.4465,29.0599],[76.4048,29.0809],[76.3015,29.0868],[76.2346,29.0524],[76.2398,28.9968],[76.2199,28.9809],[76.2371,28.9013],[76.3002,28.9046],[76.3599,28.8657],[76.3326,28.8055],[76.4058,28.7515],[76.3805,28.7091],[76.4059,28.6812],[76.407,28.6822],[76.4185,28.7224],[76.4531,28.7372],[76.5759,28.7356],[76.5971,28.7754],[76.6478,28.8065],[76.7116,28.7859],[76.7108,28.7669],[76.7854,28.7429],[76.9029,28.8621]]]},"properties":{"DISTRICT":"Rohtak","ST_NM":"Haryana","ST_CEN_CD":6,"DT_CEN_CD":14,"censuscode":82}},
{"type":"Feature","geometry":{"type":"Polygon","coordinates":[[[83.5251,24.548],[83.5061,24.5259],[83.608,24.5122],[83.7565,24.5096],[83.7895,24.5226],[83.8661,24.5364],[83.8758,24.532],[83.9362,24.5471],[83.9801,24.5958],[84,24.6371],[84.0896,24.7704],[84.1716,24.8499],[84.31,25.0021],[84.3147,25.0162],[84.4255,25.0786],[84.4481,25.1285],[84.4657,25.1613],[84.4079,25.1933],[84.3581,25.192],[84.3212,25.2154],[84.3364,25.2976],[84.2789,25.3535],[84.2755,25.3595],[84.1401,25.3711],[84.1165,25.3576],[84.0462,25.374],[84.0367,25.3414],[84.0601,25.3073],[84.0358,25.2671],[83.9898,25.2642],[83.9064,25.2936],[83.8998,25.2932],[83.8969,25.2895],[83.8986,25.2622],[83.8352,25.2433],[83.8168,25.1997],[83.8257,25.152],[83.8092,25.1137],[83.8235,25.0365],[83.8003,25.0103],[83.812,24.9601],[83.7654,24.9124],[83.7628,24.8727],[83.7196,24.8323],[83.7323,24.8066],[83.777,24.794],[83.7828,24.7385],[83.7658,24.7276],[83.7329,24.6467],[83.7528,24.6315],[83.7491,24.5769],[83.709,24.5423],[83.6641,24.5545],[83.6082,24.5406],[83.5568,24.5435],[83.5342,24.5417],[83.5302,24.5433],[83.5251,24.548]]]},"properties":{"DISTRICT":"Rohtas","ST_NM":"Bihar","ST_CEN_CD":10,"DT_CEN_CD":32,"censuscode":234}},
{"type":"Feature","geometry":{"type":"Polygon","coordinates":[[[79.279,30.7261],[79.0914,30.7764],[79.0332,30.8067],[79.0182,30.7531],[78.9574,30.7354],[78.9147,30.6913],[78.9093,30.6265],[78.8594,30.5512],[78.87,30.5153],[78.8254,30.482],[78.8492,30.4593],[78.8372,30.3927],[78.8603,30.3461],[78.8592,30.3033],[78.8964,30.2566],[79.0469,30.31],[79.0908,30.297],[79.0487,30.2602],[79.0445,30.2183],[79.0799,30.2204],[79.1203,30.292],[79.1586,30.3318],[79.1083,30.3685],[79.1659,30.3889],[79.1689,30.4369],[79.264,30.5676],[79.2974,30.5623],[79.3572,30.6276],[79.3517,30.6515],[79.3082,30.6746],[79.3002,30.7166],[79.2963,30.7203],[79.2898,30.7231],[79.279,30.7261]]]},"properties":{"DISTRICT":"Rudraprayag","ST_NM":"Uttarakhand","ST_CEN_CD":5,"DT_CEN_CD":3,"censuscode":58}},
{"type":"Feature","geometry":{"type":"Polygon","coordinates":[[[76.3371,30.8587],[76.3484,30.8301],[76.3923,30.8307],[76.4201,30.798],[76.4103,30.7585],[76.471,30.7457],[76.5334,30.7651],[76.5597,30.787],[76.5354,30.8392],[76.5598,30.8653],[76.5678,30.8684],[76.6856,30.9185],[76.693,30.9261],[76.7145,30.9287],[76.7313,30.9348],[76.739,30.939],[76.6236,31.0009],[76.6126,31.0503],[76.6395,31.107],[76.6031,31.1245],[76.6043,31.1797],[76.6494,31.2098],[76.5846,31.2771],[76.5599,31.2529],[76.4808,31.3074],[76.4421,31.3224],[76.3958,31.408],[76.33,31.3999],[76.3441,31.3427],[76.2913,31.3074],[76.3517,31.2383],[76.3387,31.2258],[76.3875,31.1488],[76.4267,31.1245],[76.4365,31.0804],[76.4662,31.0401],[76.52,30.9951],[76.5119,30.9798],[76.3624,30.9706],[76.3084,30.9916],[76.3243,30.9308],[76.3694,30.8992],[76.3371,30.8587]]]},"properties":{"DISTRICT":"Rupnagar","ST_NM":"Punjab","ST_CEN_CD":3,"DT_CEN_CD":17,"censuscode":51}},
{"type":"Feature","geometry":{"type":"Polygon","coordinates":[[[73.3664,23.8136],[73.3559,23.8538],[73.3827,23.9049],[73.4164,23.9225],[73.4071,23.9974],[73.4103,24.0502],[73.3316,24.1144],[73.3229,24.0618],[73.2872,24.0268],[73.2485,24.0106],[73.1966,24.0448],[73.2199,24.0977],[73.1677,24.1109],[73.1193,24.14],[73.0785,24.1848],[73.1121,24.2623],[73.1696,24.3007],[73.1834,24.3346],[73.0812,24.3943],[73.1026,24.4201],[73.0908,24.4946],[73.0473,24.4652],[73.009,24.4824],[72.977,24.4511],[72.9866,24.421],[72.9601,24.3923],[72.9612,24.3512],[72.9686,24.3032],[73.0299,24.2806],[72.9804,24.1655],[72.9483,24.1277],[72.9484,24.0976],[72.9033,24.0222],[72.8652,24.0163],[72.8524,23.979],[72.8158,23.9448],[72.7881,23.8331],[72.8085,23.7927],[72.7976,23.7397],[72.8335,23.6696],[72.8176,23.6336],[72.8407,23.6025],[72.8073,23.5825],[72.8301,23.5403],[72.8076,23.503],[72.8017,23.5022],[72.8182,23.4612],[72.7962,23.4229],[72.7415,23.4021],[72.7633,23.3528],[72.8072,23.3514],[72.8613,23.3125],[72.9072,23.3215],[72.9207,23.2641],[72.9586,23.2434],[72.9969,23.2582],[72.9734,23.1668],[73.0152,23.1607],[73.0687,23.1611],[73.1191,23.1857],[73.1574,23.1894],[73.1738,23.1419],[73.2061,23.1446],[73.2131,23.1098],[73.2738,23.0588],[73.3291,23.0824],[73.3409,23.1289],[73.3738,23.1384],[73.3764,23.1727],[73.3437,23.2008],[73.3753,23.2372],[73.453,23.2827],[73.4759,23.271],[73.5262,23.2855],[73.5667,23.3472],[73.6146,23.3903],[73.6289,23.4511],[73.6333,23.5298],[73.6572,23.6215],[73.6154,23.6501],[73.5671,23.6523],[73.5228,23.6095],[73.4974,23.6344],[73.5066,23.6959],[73.4754,23.7079],[73.4469,23.7516],[73.3664,23.8136]]]},"properties":{"DISTRICT":"Sabar Kantha","ST_NM":"Gujarat","ST_CEN_CD":24,"DT_CEN_CD":5,"censuscode":472}},
{"type":"Feature","geometry":{"type":"Polygon","coordinates":[[[78.9936,24.4189],[78.9748,24.3527],[78.9144,24.297],[78.9164,24.2687],[78.8856,24.2498],[78.8647,24.2093],[78.817,24.2043],[78.791,24.1809],[78.7607,24.243],[78.7052,24.2302],[78.6237,24.2917],[78.5848,24.3526],[78.5062,24.3898],[78.4409,24.2932],[78.3917,24.2686],[78.3475,24.3033],[78.3327,24.334],[78.3687,24.3736],[78.2668,24.4493],[78.0927,24.3191],[78.0972,24.2611],[78.0724,24.2563],[78.059,24.2288],[78.0971,24.2095],[78.1342,24.2109],[78.1176,24.1262],[78.1354,24.1157],[78.1185,24.0408],[78.1824,24.0114],[78.2119,24.0679],[78.2781,24.0288],[78.2906,23.9853],[78.289,23.9263],[78.2732,23.8441],[78.2985,23.8283],[78.2866,23.7838],[78.2639,23.7685],[78.2601,23.7243],[78.2927,23.6737],[78.3772,23.6538],[78.4265,23.674],[78.3686,23.7257],[78.4334,23.7445],[78.444,23.6985],[78.4781,23.6395],[78.5147,23.6491],[78.5003,23.5877],[78.506,23.5564],[78.5709,23.5639],[78.5941,23.5465],[78.7383,23.5762],[78.7353,23.5312],[78.6788,23.4939],[78.6538,23.4445],[78.6227,23.4184],[78.6304,23.3636],[78.664,23.3331],[78.7187,23.3513],[78.7702,23.2947],[78.7571,23.2483],[78.8074,23.2359],[78.8941,23.2127],[78.9309,23.2323],[78.9811,23.1978],[79.0968,23.2015],[79.1476,23.1712],[79.1896,23.22],[79.2301,23.2899],[79.211,23.3132],[79.2362,23.3388],[79.1933,23.3635],[79.1827,23.4308],[79.286,23.4771],[79.2995,23.513],[79.3318,23.5258],[79.2981,23.5732],[79.3026,23.6757],[79.2854,23.7447],[79.2217,23.7844],[79.2461,23.8285],[79.1833,23.8334],[79.1128,23.8796],[79.0757,23.9313],[79.1175,23.9776],[79.1816,24.0076],[79.1459,24.1009],[79.0758,24.1289],[79.056,24.1707],[79.0498,24.2232],[79.1376,24.2532],[79.1728,24.2772],[79.1843,24.3253],[79.233,24.339],[79.2476,24.376],[79.2387,24.4162],[79.1678,24.4298],[79.1351,24.4122],[79.0734,24.4027],[79.0544,24.3698],[79.0061,24.391],[78.9936,24.4189]]]},"properties":{"DISTRICT":"Sagar","ST_NM":"Madhya Pradesh","ST_CEN_CD":23,"DT_CEN_CD":10,"censuscode":427}},
{"type":"Feature","geometry":{"type":"Polygon","coordinates":[[[77.9446,30.2417],[77.8255,30.2856],[77.7239,30.3337],[77.6871,30.3796],[77.6489,30.4052],[77.5762,30.3996],[77.588,30.3796],[77.6051,30.3659],[77.5833,30.3063],[77.5451,30.2819],[77.486,30.1837],[77.4362,30.1636],[77.4132,30.1083],[77.3441,30.0596],[77.2827,30.0435],[77.2627,29.9836],[77.2232,29.9359],[77.1916,29.8974],[77.1944,29.8684],[77.1642,29.7884],[77.1247,29.7437],[77.1438,29.6946],[77.2027,29.6796],[77.2999,29.6707],[77.3417,29.6451],[77.3906,29.6463],[77.4463,29.6697],[77.4888,29.6325],[77.625,29.613],[77.6665,29.5741],[77.6968,29.6144],[77.7442,29.6038],[77.8231,29.667],[77.7698,29.7105],[77.7769,29.7801],[77.7424,29.8478],[77.7156,29.8624],[77.7455,29.9082],[77.7314,29.9276],[77.7709,30.0413],[77.7992,30.0947],[77.8327,30.0884],[77.909,30.181],[77.9446,30.2417]]]},"properties":{"DISTRICT":"Saharanpur","ST_NM":"Uttar Pradesh","ST_CEN_CD":9,"DT_CEN_CD":1,"censuscode":132}},
{"type":"Feature","geometry":{"type":"Polygon","coordinates":[[[86.635,26.0285],[86.5523,26.0349],[86.5167,25.9984],[86.4627,26.0587],[86.4289,26.0754],[86.3774,26.0442],[86.3686,25.938],[86.3111,25.8668],[86.3617,25.8563],[86.3833,25.8123],[86.4145,25.7939],[86.4172,25.7282],[86.4627,25.6891],[86.4807,25.6375],[86.5122,25.6111],[86.5688,25.6014],[86.598,25.6208],[86.6916,25.6431],[86.7342,25.6613],[86.7801,25.6232],[86.8082,25.6382],[86.8767,25.7165],[86.8588,25.7623],[86.8541,25.8368],[86.8407,25.8674],[86.7132,25.8667],[86.6756,25.9359],[86.6504,25.9227],[86.618,25.9468],[86.6126,26.0075],[86.635,26.0285]]]},"properties":{"DISTRICT":"Saharsa","ST_NM":"Bihar","ST_CEN_CD":10,"DT_CEN_CD":12,"censuscode":214}},
{"type":"Feature","geometry":{"type":"Polygon","coordinates":[[[87.7933,25.2211],[87.789,25.2467],[87.7136,25.2569],[87.69,25.3106],[87.6128,25.3118],[87.5534,25.3314],[87.5445,25.2967],[87.4875,25.2956],[87.5016,25.2658],[87.4786,25.2414],[87.4781,25.1952],[87.5003,25.1372],[87.4764,25.1061],[87.5192,25.0574],[87.4591,24.9329],[87.4869,24.8179],[87.511,24.7974],[87.5745,24.8105],[87.6088,24.7787],[87.7116,24.7344],[87.7224,24.7639],[87.7823,24.7514],[87.7911,24.7188],[87.8374,24.7466],[87.8706,24.7753],[87.9023,24.8553],[87.9717,24.8822],[87.967,24.9368],[87.9119,24.9866],[87.8698,25.0406],[87.8054,25.0719],[87.7783,25.0998],[87.7767,25.1529],[87.7933,25.2211]]]},"properties":{"DISTRICT":"Sahibganj","ST_NM":"Jharkhand","ST_CEN_CD":20,"DT_CEN_CD":7,"censuscode":352}},
{"type":"Feature","geometry":{"type":"Polygon","coordinates":[[[76.7396,30.9358],[76.739,30.939],[76.7313,30.9348],[76.7145,30.9287],[76.693,30.9261],[76.6856,30.9185],[76.5678,30.8684],[76.5598,30.8653],[76.5354,30.8392],[76.5597,30.787],[76.5334,30.7651],[76.5405,30.7582],[76.5468,30.7104],[76.5802,30.6472],[76.6297,30.646],[76.6679,30.5836],[76.7228,30.5621],[76.7456,30.5316],[76.7903,30.5063],[76.8049,30.4779],[76.7699,30.4338],[76.7933,30.411],[76.8524,30.4166],[76.9104,30.3584],[76.94,30.3844],[76.9027,30.4325],[76.9067,30.4855],[76.9288,30.4953],[76.9312,30.5031],[76.898,30.5363],[76.9265,30.5956],[76.8763,30.6676],[76.833,30.6819],[76.8075,30.6655],[76.7283,30.7096],[76.7038,30.7564],[76.7727,30.7953],[76.8415,30.76],[76.8602,30.7887],[76.8412,30.8288],[76.7825,30.8729],[76.7834,30.9028],[76.7396,30.9358]]]},"properties":{"DISTRICT":"Sahibzada Ajit Singh Nagar","ST_NM":"Punjab","ST_CEN_CD":3,"DT_CEN_CD":18,"censuscode":52}},
{"type":"Feature","geometry":{"type":"Polygon","coordinates":[[[93.1017,22.7841],[93.0315,22.7958],[93.0059,22.7535],[92.9419,22.7897],[92.9199,22.7643],[92.937,22.7067],[92.934,22.6634],[92.9551,22.6274],[92.9346,22.5546],[92.9321,22.3947],[92.8832,22.3569],[92.8656,22.3237],[92.8258,22.3303],[92.8416,22.2164],[92.8545,22.0636],[92.9131,21.963],[92.9395,22.0162],[92.9981,22.0533],[93.0133,22.103],[93.0442,22.1361],[93.0512,22.2006],[93.1172,22.1958],[93.1602,22.1795],[93.1488,22.2452],[93.1876,22.2467],[93.1991,22.2778],[93.1881,22.4242],[93.1319,22.4719],[93.113,22.5518],[93.1431,22.5831],[93.1123,22.6362],[93.0956,22.6983],[93.1103,22.7412],[93.1017,22.7841]]]},"properties":{"DISTRICT":"Saiha","ST_NM":"Mizoram","ST_CEN_CD":15,"DT_CEN_CD":8,"censuscode":288}},
{"type":"Feature","geometry":{"type":"Polygon","coordinates":[[[78.627,11.8635],[78.5961,11.8186],[78.5425,11.8004],[78.4542,11.8239],[78.4343,11.8589],[78.4037,11.8699],[78.3555,11.7925],[78.3303,11.7954],[78.3678,11.8765],[78.2563,11.935],[78.2353,11.975],[78.146,11.9625],[78.0364,11.9278],[77.9738,11.8925],[77.8665,11.913],[77.8468,11.893],[77.7624,11.9114],[77.7382,11.9369],[77.6759,11.9492],[77.6851,11.8744],[77.6689,11.8209],[77.7226,11.792],[77.6926,11.7164],[77.691,11.6589],[77.7032,11.6308],[77.7502,11.6585],[77.7394,11.6019],[77.7472,11.5641],[77.7336,11.5108],[77.6963,11.4584],[77.7392,11.4411],[77.7697,11.4788],[77.8303,11.4645],[77.8468,11.4198],[77.8736,11.4086],[77.9129,11.4504],[77.9723,11.4656],[77.9818,11.5262],[78.0581,11.5115],[78.1039,11.5527],[78.1594,11.5352],[78.2456,11.5516],[78.3053,11.5852],[78.3291,11.5552],[78.387,11.5823],[78.4522,11.5933],[78.4541,11.5384],[78.4413,11.4934],[78.4456,11.3979],[78.4864,11.4031],[78.5521,11.3573],[78.5562,11.3148],[78.6433,11.3424],[78.6654,11.372],[78.6517,11.4196],[78.7001,11.4534],[78.7412,11.4473],[78.7861,11.3897],[78.8223,11.4251],[78.7909,11.4517],[78.8164,11.5074],[78.8449,11.5196],[78.816,11.5457],[78.8286,11.5763],[78.7794,11.6036],[78.8043,11.685],[78.7819,11.6986],[78.651,11.6635],[78.641,11.7599],[78.6903,11.7986],[78.6948,11.8455],[78.627,11.8635]]]},"properties":{"DISTRICT":"Salem","ST_NM":"Tamil Nadu","ST_CEN_CD":33,"DT_CEN_CD":7,"censuscode":608}},
{"type":"Feature","geometry":{"type":"Polygon","coordinates":[[[86.3111,25.8668],[86.2992,25.9018],[86.2674,25.9075],[86.2124,25.888],[86.1096,25.894],[86.0624,25.9189],[86.0396,25.9472],[85.9815,25.9366],[85.9178,25.9736],[85.8738,25.9852],[85.8668,26.022],[85.719,26.0473],[85.7151,26.0903],[85.6813,26.0269],[85.6273,26.005],[85.6335,25.9226],[85.6113,25.8718],[85.6056,25.7971],[85.6296,25.7693],[85.6124,25.7069],[85.5726,25.6799],[85.5341,25.5849],[85.5388,25.5055],[85.5399,25.4888],[85.6394,25.4634],[85.6826,25.4791],[85.7359,25.5267],[85.7755,25.5881],[85.8433,25.5762],[85.8305,25.6152],[85.8426,25.645],[85.9072,25.6419],[85.9461,25.6527],[85.9701,25.6201],[86.0264,25.6032],[86.0124,25.6734],[86.0184,25.7057],[86.0863,25.7272],[86.1136,25.7762],[86.1517,25.7652],[86.1822,25.7119],[86.194,25.6626],[86.293,25.6397],[86.328,25.6582],[86.3683,25.7067],[86.4172,25.7282],[86.4145,25.7939],[86.3833,25.8123],[86.3617,25.8563],[86.3111,25.8668]]]},"properties":{"DISTRICT":"Samastipur","ST_NM":"Bihar","ST_CEN_CD":10,"DT_CEN_CD":19,"censuscode":221}},
{"type":"Feature","geometry":{"type":"Polygon","coordinates":[[[75.2014,32.4095],[75.2474,32.4916],[75.246,32.5408],[75.3099,32.5618],[75.3718,32.6304],[75.2927,32.643],[75.1995,32.7116],[75.1609,32.77],[75.1324,32.7465],[75.0505,32.7234],[75.0108,32.6722],[74.9758,32.6619],[74.9468,32.5956],[74.8301,32.486],[74.9466,32.4434],[74.9915,32.4474],[75.0333,32.4927],[75.0898,32.4643],[75.11,32.4702],[75.1305,32.4061],[75.2014,32.4095]]]},"properties":{"DISTRICT":"Samba","ST_NM":"Jammu & Kashmir","ST_CEN_CD":1,"DT_CEN_CD":22,"censuscode":22}},
{"type":"Feature","geometry":{"type":"Polygon","coordinates":[[[84.6799,21.7345],[84.6548,21.7666],[84.5936,21.7577],[84.5287,21.8132],[84.5388,21.8605],[84.5226,21.9229],[84.529,21.9736],[84.504,21.978],[84.5137,22.0532],[84.4781,22.1886],[84.4211,22.1723],[84.2789,22.1078],[84.2666,22.0764],[84.2696,22.0141],[84.2963,22.0316],[84.3576,22.0365],[84.3892,22.0241],[84.3933,21.9923],[84.2968,21.7958],[84.2865,21.762],[84.2474,21.7688],[84.1902,21.7542],[84.1152,21.789],[84.0387,21.7591],[83.9689,21.7554],[83.9489,21.7203],[83.9685,21.6911],[83.9813,21.5953],[83.9641,21.5711],[83.8859,21.575],[83.8146,21.5911],[83.7999,21.5662],[83.8468,21.5273],[83.8868,21.4388],[83.8497,21.416],[83.8809,21.3901],[83.8716,21.3106],[83.9134,21.246],[83.8959,21.1781],[83.986,21.1347],[83.9909,21.0792],[84.0483,21.0441],[84.0707,21.0509],[84.148,21.0356],[84.161,20.9757],[84.1947,20.9766],[84.2417,20.9261],[84.2829,20.9271],[84.4074,20.979],[84.4165,21.0016],[84.4852,21.0825],[84.5353,21.0886],[84.5718,21.0658],[84.6709,21.0864],[84.6856,21.149],[84.7256,21.1493],[84.7448,21.1706],[84.7285,21.224],[84.7614,21.2331],[84.7664,21.2723],[84.7173,21.315],[84.6656,21.3116],[84.6325,21.2755],[84.5736,21.2617],[84.5702,21.3207],[84.5377,21.3807],[84.5003,21.363],[84.4822,21.4241],[84.5116,21.5593],[84.5531,21.5918],[84.4915,21.6377],[84.5134,21.6835],[84.5378,21.6756],[84.5787,21.7],[84.6277,21.6947],[84.6521,21.7396],[84.6799,21.7345]]]},"properties":{"DISTRICT":"Sambalpur","ST_NM":"Odisha","ST_CEN_CD":21,"DT_CEN_CD":3,"censuscode":372}},
{"type":"Feature","geometry":{"type":"Polygon","coordinates":[[[75.6044,17.3047],[75.564,17.288],[75.5152,17.2393],[75.4222,17.2648],[75.4033,17.2111],[75.3674,17.1909],[75.3618,17.2355],[75.2889,17.2152],[75.2693,17.1832],[75.225,17.1832],[75.248,17.255],[75.1918,17.2665],[75.1753,17.239],[75.0992,17.2432],[75.0796,17.2218],[75.0173,17.225],[74.9655,17.1939],[74.9265,17.1454],[74.9071,17.1739],[74.8666,17.1952],[74.9139,17.2752],[74.9619,17.2934],[74.9714,17.3444],[75.0072,17.3679],[75.0065,17.4105],[75.0343,17.4198],[75.0409,17.4738],[75.0276,17.4937],[74.9846,17.4657],[74.941,17.5126],[74.9888,17.5416],[74.9256,17.575],[74.9055,17.6265],[74.8587,17.556],[74.8613,17.5064],[74.8102,17.4518],[74.7557,17.474],[74.6898,17.485],[74.7,17.4549],[74.6947,17.3914],[74.6448,17.3954],[74.6105,17.4424],[74.5788,17.4106],[74.5347,17.4162],[74.4946,17.3829],[74.298,17.421],[74.2622,17.3842],[74.2886,17.3519],[74.2944,17.3155],[74.257,17.2932],[74.2788,17.1722],[74.248,17.1399],[74.1862,17.1488],[74.0969,17.1013],[74.0365,17.0911],[73.9872,17.1177],[73.8848,17.156],[73.8722,17.1892],[73.8329,17.2268],[73.7715,17.2479],[73.7319,17.2738],[73.6962,17.2626],[73.7186,17.2023],[73.7093,17.1697],[73.7568,17.1542],[73.7806,17.18],[73.8493,17.1527],[73.9153,17.0742],[73.981,17.0341],[73.9713,16.9931],[74.0227,16.9844],[74.0394,16.9239],[74.0777,16.9045],[74.1213,16.9114],[74.1481,16.8839],[74.1768,16.8988],[74.2499,16.886],[74.2976,16.8918],[74.3652,16.8528],[74.3959,16.8772],[74.4139,16.8419],[74.496,16.8555],[74.5357,16.8457],[74.5593,16.8067],[74.6318,16.7858],[74.6933,16.7168],[74.7318,16.7174],[74.7744,16.7502],[74.846,16.7619],[74.9118,16.7873],[74.9079,16.8575],[74.9447,16.8816],[74.9489,16.908],[75,16.9473],[75.0913,16.9227],[75.1687,16.8664],[75.1802,16.8437],[75.2272,16.8426],[75.2382,16.8646],[75.2801,16.8759],[75.282,16.9551],[75.3429,16.9541],[75.3925,16.978],[75.4289,16.9651],[75.4659,16.987],[75.4911,16.9469],[75.5282,16.9675],[75.5687,16.9654],[75.5683,17.0079],[75.608,17.0048],[75.6092,16.9714],[75.6437,16.9528],[75.6674,16.985],[75.6798,17.0728],[75.6728,17.1152],[75.6299,17.1617],[75.6292,17.1877],[75.6625,17.2153],[75.6561,17.2721],[75.6044,17.3047]]]},"properties":{"DISTRICT":"Sangli","ST_NM":"Maharashtra","ST_CEN_CD":27,"DT_CEN_CD":35,"censuscode":531}},
{"type":"Feature","geometry":{"type":"Polygon","coordinates":[[[76.0836,30.5618],[76.0355,30.5892],[76.028,30.6149],[75.9287,30.5759],[75.8764,30.6382],[75.8808,30.675],[75.7913,30.6597],[75.7404,30.6288],[75.6703,30.6499],[75.6558,30.6353],[75.6623,30.6308],[75.6678,30.6226],[75.6651,30.6132],[75.6855,30.6085],[75.6568,30.5437],[75.6826,30.5107],[75.667,30.4479],[75.6682,30.3778],[75.6536,30.332],[75.6633,30.3013],[75.7264,30.2789],[75.6827,30.2373],[75.6473,30.2381],[75.5605,30.1986],[75.5788,30.1435],[75.579,30.1434],[75.624,30.1428],[75.6453,30.1026],[75.6292,30.081],[75.6865,30.0065],[75.653,29.9822],[75.6466,29.952],[75.6735,29.9087],[75.7328,29.9331],[75.7601,29.8919],[75.7747,29.8346],[75.7367,29.8085],[75.7824,29.8223],[75.8307,29.8122],[75.8745,29.7491],[75.908,29.7522],[75.9494,29.7301],[76.0146,29.7475],[76.0523,29.7452],[76.1016,29.8073],[76.0602,29.8684],[75.9827,29.9069],[75.9913,29.9475],[76.0315,29.9645],[76.0125,30.0178],[76.0571,30.0735],[76.0833,30.0641],[76.1063,30.1145],[76.0504,30.1885],[76.0771,30.2291],[76.1005,30.2256],[76.2034,30.2841],[76.1565,30.3138],[76.0668,30.3163],[76.0484,30.3368],[75.9904,30.3378],[76.0808,30.4588],[76.0807,30.5119],[76.0878,30.5272],[76.0836,30.5618]]]},"properties":{"DISTRICT":"Sangrur","ST_NM":"Punjab","ST_CEN_CD":3,"DT_CEN_CD":19,"censuscode":53}},
{"type":"Feature","geometry":{"type":"Polygon","coordinates":[[[83.1275,27.1017],[83.0344,27.0958],[82.9474,27.0206],[82.9048,27.0211],[82.9152,26.9587],[82.8661,26.9393],[82.8485,26.9106],[82.8681,26.8875],[82.8399,26.8419],[82.8935,26.7892],[82.9796,26.7314],[82.9727,26.6832],[82.9474,26.6774],[82.8836,26.5706],[82.8819,26.5401],[83.0246,26.474],[83.0708,26.4078],[83.0961,26.4251],[83.0968,26.4838],[83.1973,26.5167],[83.1549,26.5422],[83.116,26.621],[83.0901,26.7149],[83.1339,26.7279],[83.1128,26.7665],[83.1148,26.8119],[83.1351,26.8644],[83.2173,26.8842],[83.2266,26.9868],[83.2069,27.017],[83.1745,27.0019],[83.1275,27.1017]]]},"properties":{"DISTRICT":"Sant Kabir Nagar","ST_NM":"Uttar Pradesh","ST_CEN_CD":9,"DT_CEN_CD":55,"censuscode":186}},
{"type":"Feature","geometry":{"type":"Polygon","coordinates":[[[82.6937,25.3945],[82.6171,25.4168],[82.6065,25.4504],[82.5446,25.4367],[82.5057,25.4721],[82.3808,25.5178],[82.3526,25.5145],[82.3493,25.5281],[82.3417,25.5336],[82.3356,25.5359],[82.3304,25.536],[82.3286,25.5339],[82.3274,25.5326],[82.3273,25.5302],[82.3291,25.5247],[82.3395,25.5124],[82.3292,25.4983],[82.3176,25.5214],[82.3054,25.4953],[82.3106,25.4611],[82.3533,25.4188],[82.3178,25.3973],[82.3193,25.343],[82.3022,25.3082],[82.2224,25.2755],[82.1947,25.2162],[82.2049,25.1904],[82.269,25.1821],[82.2437,25.2148],[82.2636,25.268],[82.3,25.2717],[82.3329,25.2126],[82.3607,25.2141],[82.4016,25.2596],[82.4672,25.2233],[82.4763,25.2468],[82.5392,25.2387],[82.5783,25.2505],[82.672,25.2482],[82.7018,25.326],[82.6827,25.3527],[82.6937,25.3945]]]},"properties":{"DISTRICT":"Sant Ravi Das Nagar(bhadohi)","ST_NM":"Uttar Pradesh","ST_CEN_CD":9,"DT_CEN_CD":67,"censuscode":198}},
{"type":"Feature","geometry":{"type":"Polygon","coordinates":[[[85.8952,23.1541],[85.8728,23.1452],[85.8226,23.0858],[85.8078,23.0531],[85.827,22.9963],[85.8483,22.9867],[85.8699,22.9122],[85.8288,22.904],[85.763,22.9333],[85.7045,22.9439],[85.6139,22.9333],[85.581,22.9057],[85.5804,22.866],[85.5414,22.866],[85.5168,22.8086],[85.5689,22.8319],[85.6095,22.8252],[85.6488,22.8494],[85.702,22.8074],[85.7113,22.7424],[85.6835,22.729],[85.7269,22.6853],[85.8283,22.7194],[85.8679,22.6917],[85.863,22.6619],[85.8837,22.6188],[85.9103,22.6034],[85.8992,22.5265],[85.9666,22.482],[85.9751,22.5031],[86.0676,22.5518],[86.1571,22.6367],[86.1647,22.6767],[86.1594,22.7483],[86.1727,22.7937],[86.1967,22.8184],[86.1976,22.969],[86.2402,22.9961],[86.1814,23.0156],[86.1216,23.0961],[86.0502,23.1143],[86.0429,23.146],[85.9879,23.1483],[85.921,23.1319],[85.8952,23.1541]]]},"properties":{"DISTRICT":"Saraikela-kharsawan","ST_NM":"Jharkhand","ST_CEN_CD":20,"DT_CEN_CD":24,"censuscode":369}},
{"type":"Feature","geometry":{"type":"Polygon","coordinates":[[[84.8987,26.2148],[84.7634,26.2109],[84.7809,26.1762],[84.7591,26.1412],[84.7193,26.1206],[84.708,26.0825],[84.616,26.0831],[84.5729,26.0332],[84.4727,26.0275],[84.4162,26.0324],[84.4405,25.9607],[84.4623,25.9482],[84.4592,25.8884],[84.5371,25.876],[84.5553,25.8396],[84.6294,25.7908],[84.6038,25.7375],[84.6312,25.7056],[84.7476,25.7077],[84.7801,25.6896],[84.8538,25.6954],[84.8835,25.7116],[84.9535,25.7016],[84.985,25.7253],[85.0308,25.7316],[85.0881,25.7112],[85.1106,25.6579],[85.1416,25.6264],[85.195,25.624],[85.2003,25.675],[85.176,25.7534],[85.182,25.7874],[85.1672,25.8328],[85.1253,25.8531],[85.1163,25.8914],[85.0831,25.9247],[85.0696,25.9715],[84.9761,25.9938],[84.9402,26.0167],[84.9519,26.1045],[84.9179,26.1425],[84.9235,26.1775],[84.8987,26.2148]]]},"properties":{"DISTRICT":"Saran (chhapra)","ST_NM":"Bihar","ST_CEN_CD":10,"DT_CEN_CD":17,"censuscode":219}},
{"type":"Feature","geometry":{"type":"Polygon","coordinates":[[[74.71,18.0293],[74.6652,18.0688],[74.6411,18.0445],[74.5687,18.0562],[74.4933,18.0587],[74.4643,18.0473],[74.433,18.0651],[74.3765,18.0736],[74.3575,18.0961],[74.303,18.0686],[74.2413,18.0971],[74.1628,18.1065],[74.1177,18.1303],[74.0774,18.1213],[73.9784,18.1547],[73.9458,18.1805],[73.9024,18.1605],[73.8733,18.0525],[73.8577,18.0316],[73.7917,18.0221],[73.7056,18.0482],[73.6586,18.0284],[73.626,17.9846],[73.6359,17.9683],[73.5467,17.9037],[73.5701,17.8768],[73.6025,17.7947],[73.5663,17.7219],[73.6567,17.6986],[73.7032,17.658],[73.7422,17.5604],[73.7416,17.5315],[73.6963,17.4881],[73.7077,17.4656],[73.6613,17.3761],[73.6821,17.3634],[73.6962,17.2626],[73.7319,17.2738],[73.7715,17.2479],[73.8329,17.2268],[73.8722,17.1892],[73.8848,17.156],[73.9872,17.1177],[74.0365,17.0911],[74.0969,17.1013],[74.1862,17.1488],[74.248,17.1399],[74.2788,17.1722],[74.257,17.2932],[74.2944,17.3155],[74.2886,17.3519],[74.2622,17.3842],[74.298,17.421],[74.4946,17.3829],[74.5347,17.4162],[74.5788,17.4106],[74.6105,17.4424],[74.6448,17.3954],[74.6947,17.3914],[74.7,17.4549],[74.6898,17.485],[74.7557,17.474],[74.8102,17.4518],[74.8613,17.5064],[74.8587,17.556],[74.9055,17.6265],[74.8888,17.675],[74.8195,17.747],[74.7563,17.7799],[74.7139,17.7832],[74.6853,17.81],[74.6788,17.85],[74.6257,17.8306],[74.6681,17.9753],[74.6647,18.0006],[74.71,18.0293]]]},"properties":{"DISTRICT":"Satara","ST_NM":"Maharashtra","ST_CEN_CD":27,"DT_CEN_CD":31,"censuscode":527}},
{"type":"Feature","geometry":{"type":"Polygon","coordinates":[[[81.1249,24.8983],[81.0846,24.9487],[81.0349,24.9513],[80.961,24.9358],[80.945,24.9688],[80.8647,24.9322],[80.8103,24.9407],[80.8584,24.9993],[80.8373,25.0261],[80.8789,25.0672],[80.8732,25.1197],[80.9138,25.1606],[80.8778,25.1847],[80.8269,25.1266],[80.7591,25.1377],[80.7272,25.1],[80.7842,25.0804],[80.7841,25.0578],[80.7226,25.0638],[80.6817,25.0502],[80.6028,25.1511],[80.5868,25.0842],[80.5138,25.0403],[80.4813,24.9763],[80.4967,24.9104],[80.5804,24.9005],[80.6344,24.8653],[80.6079,24.8339],[80.5398,24.8085],[80.4406,24.7468],[80.4124,24.7742],[80.3879,24.7108],[80.3684,24.6907],[80.4641,24.5842],[80.4249,24.4418],[80.4622,24.4358],[80.4721,24.3764],[80.5032,24.3733],[80.541,24.3198],[80.5788,24.2996],[80.6019,24.2095],[80.639,24.1843],[80.6233,24.1591],[80.5114,24.0773],[80.4577,24.0872],[80.4439,24.0352],[80.3948,24.0232],[80.3576,23.967],[80.4853,23.9954],[80.5331,24.03],[80.5353,24.0686],[80.579,24.0497],[80.7382,24.1352],[80.7457,24.1167],[80.7145,24.0697],[80.8008,24.0672],[80.7583,24.0293],[80.7612,23.9899],[80.8004,23.9734],[80.8094,24.0164],[80.8404,24.0261],[80.8664,24.075],[80.9582,24.0664],[80.9767,24.0678],[80.9858,24.0781],[81.0035,24.0934],[81.0117,24.0925],[81.1284,24.1343],[81.1585,24.1364],[81.2013,24.1098],[81.224,24.1473],[81.2858,24.1898],[81.3476,24.1901],[81.3733,24.2147],[81.3908,24.2649],[81.3519,24.2542],[81.3062,24.3224],[81.2722,24.3298],[81.2913,24.3963],[81.2444,24.4381],[81.2252,24.4905],[81.1669,24.4979],[81.157,24.5419],[81.1774,24.6922],[81.1402,24.7308],[81.0534,24.7958],[81.0984,24.8339],[81.1249,24.8983]]]},"properties":{"DISTRICT":"Satna","ST_NM":"Madhya Pradesh","ST_CEN_CD":23,"DT_CEN_CD":12,"censuscode":429}},
{"type":"Feature","geometry":{"type":"Polygon","coordinates":[[[77.3834,23.0894],[77.286,23.104],[77.2412,23.1944],[77.1902,23.2425],[77.2146,23.2556],[77.221,23.2989],[77.1825,23.3106],[77.1899,23.3598],[77.2309,23.3568],[77.2983,23.4316],[77.287,23.45],[77.2992,23.5143],[77.276,23.6105],[77.225,23.633],[77.17,23.6866],[77.1387,23.6414],[77.1562,23.6109],[77.1502,23.574],[77.1089,23.5222],[77.0519,23.4806],[77.0191,23.4072],[76.9971,23.3988],[76.9868,23.3102],[76.994,23.2853],[76.9534,23.2417],[76.9097,23.2307],[76.894,23.206],[76.8994,23.1328],[76.8642,23.1053],[76.808,23.1241],[76.7753,23.1716],[76.7343,23.1418],[76.7008,23.1569],[76.6882,23.1921],[76.6316,23.1959],[76.6277,23.1371],[76.5898,23.1097],[76.5384,23.1287],[76.4625,23.0713],[76.4517,22.9287],[76.5205,22.8618],[76.5198,22.8179],[76.5808,22.7733],[76.6258,22.7983],[76.6775,22.7847],[76.7047,22.8105],[76.7895,22.8338],[76.8267,22.8681],[76.9182,22.8608],[77.0002,22.8684],[77.0105,22.7963],[77.0278,22.7673],[77.0411,22.6718],[77.0883,22.6536],[77.0848,22.6257],[77.1186,22.5998],[77.1236,22.5595],[77.1648,22.5847],[77.2071,22.5687],[77.2676,22.6078],[77.2827,22.5734],[77.3185,22.562],[77.3496,22.5987],[77.4336,22.6258],[77.454,22.6457],[77.5055,22.648],[77.5283,22.6672],[77.5802,22.676],[77.6192,22.742],[77.6561,22.7297],[77.6893,22.7596],[77.7343,22.7548],[77.7756,22.7871],[77.7939,22.8314],[77.8414,22.8608],[77.8809,22.8199],[77.9385,22.8001],[77.9984,22.8183],[78.0291,22.8028],[78.0098,22.8555],[78.034,22.9077],[78.0102,22.9296],[77.9488,22.9021],[77.965,22.9611],[77.8439,22.9395],[77.7779,22.8971],[77.7539,22.9024],[77.6844,22.8753],[77.6722,22.8429],[77.6291,22.8307],[77.5812,22.8671],[77.5214,22.8705],[77.4379,22.9198],[77.4184,22.9672],[77.3651,23.0013],[77.3614,23.0565],[77.3834,23.0894]]]},"properties":{"DISTRICT":"Sehore","ST_NM":"Madhya Pradesh","ST_CEN_CD":23,"DT_CEN_CD":28,"censuscode":445}},
{"type":"Feature","geometry":{"type":"Polygon","coordinates":[[[94.4923,25.6084],[94.4729,25.6157],[94.4212,25.5702],[94.4244,25.5471],[94.3015,25.489],[94.222,25.4914],[94.194,25.5471],[94.152,25.5426],[94.1378,25.5185],[94.0913,25.5276],[94.0687,25.554],[94.0116,25.5704],[93.9431,25.5586],[93.836,25.5586],[93.779,25.5336],[93.7638,25.5111],[93.8133,25.4802],[93.8084,25.4611],[93.8333,25.4269],[93.8892,25.4227],[93.9222,25.3966],[93.8933,25.3507],[93.9555,25.2863],[93.9054,25.2712],[93.8304,25.2209],[93.7776,25.1499],[93.8041,25.0605],[93.7943,24.9623],[93.726,24.9334],[93.7057,24.9108],[93.7306,24.8718],[93.7165,24.8203],[93.6651,24.7928],[93.6871,24.707],[93.7003,24.6116],[93.7245,24.5915],[93.7649,24.6844],[93.7738,24.7372],[93.7952,24.7744],[93.7838,24.8047],[93.8111,24.8361],[93.8479,24.9508],[93.866,24.956],[93.9218,25.0553],[93.9754,25.075],[93.9846,25.055],[93.915,25.0003],[93.9262,24.9542],[93.9546,24.938],[94.0001,24.9556],[94.047,24.9573],[94.0684,24.9404],[94.0622,24.887],[94.1275,24.8998],[94.0878,24.8063],[94.0614,24.7026],[94.0872,24.6926],[94.115,24.6373],[94.1503,24.6181],[94.2035,24.6261],[94.1857,24.6708],[94.184,24.7656],[94.1629,24.7972],[94.1501,24.8752],[94.1736,24.9255],[94.1489,25.0004],[94.1526,25.0232],[94.1208,25.0691],[94.1317,25.112],[94.1958,25.1761],[94.222,25.182],[94.2587,25.2277],[94.2989,25.249],[94.3806,25.3572],[94.378,25.3878],[94.433,25.5094],[94.4923,25.6084]]]},"properties":{"DISTRICT":"Senapati","ST_NM":"Manipur","ST_CEN_CD":14,"DT_CEN_CD":1,"censuscode":272}},
{"type":"Feature","geometry":{"type":"Polygon","coordinates":[[[79.964,22.8526],[79.9001,22.8628],[79.8378,22.8311],[79.7228,22.9204],[79.6517,22.9255],[79.623,22.9547],[79.596,22.9438],[79.6253,22.8734],[79.5445,22.8176],[79.5202,22.7809],[79.5139,22.7199],[79.4551,22.7292],[79.4131,22.722],[79.4015,22.683],[79.3256,22.6156],[79.3714,22.6036],[79.3225,22.5423],[79.3419,22.483],[79.3174,22.4428],[79.2987,22.3793],[79.3467,22.3832],[79.354,22.3495],[79.2882,22.3228],[79.3112,22.2867],[79.3638,22.2636],[79.3679,22.2277],[79.3325,22.2146],[79.3432,22.1594],[79.4087,22.0404],[79.3972,21.9911],[79.3561,21.9647],[79.2768,21.8309],[79.2941,21.8096],[79.2767,21.7732],[79.2295,21.755],[79.2339,21.7206],[79.2907,21.6927],[79.4007,21.6735],[79.4174,21.6899],[79.4946,21.6731],[79.5185,21.6256],[79.5119,21.5894],[79.5411,21.6263],[79.5708,21.6339],[79.6076,21.676],[79.6012,21.7079],[79.6723,21.6934],[79.6577,21.7338],[79.6819,21.7446],[79.6924,21.7993],[79.7695,21.8066],[79.8008,21.8579],[79.8927,21.9285],[79.8639,21.966],[79.9241,21.9705],[79.9294,22.0618],[80.0051,22.0824],[80.0706,22.0813],[80.0452,22.1269],[80.0358,22.1863],[80.0971,22.2449],[80.0828,22.2985],[80.1003,22.3402],[80.0708,22.3764],[80.0926,22.4266],[80.0546,22.4576],[80.0355,22.528],[80.0086,22.5782],[80.0392,22.6071],[80.113,22.6271],[80.1527,22.602],[80.1929,22.6034],[80.1957,22.6518],[80.2353,22.6744],[80.2387,22.7141],[80.2854,22.7321],[80.2814,22.7862],[80.2157,22.8013],[80.1852,22.7662],[80.1031,22.771],[80.0746,22.7582],[80.0211,22.7939],[80.0048,22.8258],[79.964,22.8526]]]},"properties":{"DISTRICT":"Seoni","ST_NM":"Madhya Pradesh","ST_CEN_CD":23,"DT_CEN_CD":39,"censuscode":456}},
{"type":"Feature","geometry":{"type":"Polygon","coordinates":[[[93.0446,23.4107],[92.9719,23.4776],[92.9476,23.5141],[92.8809,23.5187],[92.8523,23.4803],[92.812,23.368],[92.8536,23.3226],[92.8126,23.2729],[92.7812,23.2995],[92.6893,23.328],[92.6915,23.2427],[92.8166,23.2255],[92.8491,23.2366],[92.8672,23.1768],[92.9255,23.1867],[92.9569,23.1654],[92.9604,23.1162],[93.0218,23.0789],[93.0418,23.0495],[93.128,23.0033],[93.1308,23.0443],[93.1966,23.0553],[93.1654,23.1792],[93.0506,23.2132],[93.0148,23.2738],[93.0465,23.3148],[93.0446,23.4107]]]},"properties":{"DISTRICT":"Serchhip","ST_NM":"Mizoram","ST_CEN_CD":15,"DT_CEN_CD":5,"censuscode":285}},
{"type":"Feature","geometry":{"type":"Polygon","coordinates":[[[81.6046,23.887],[81.5423,23.918],[81.5549,23.9539],[81.5029,23.9941],[81.5389,24.0696],[81.4744,24.1714],[81.4814,24.2403],[81.3908,24.2649],[81.3733,24.2147],[81.3476,24.1901],[81.2858,24.1898],[81.224,24.1473],[81.2013,24.1098],[81.1585,24.1364],[81.1284,24.1343],[81.0117,24.0925],[81.0069,24.088],[81.0023,24.0851],[81.0025,24.0708],[81.0608,24.0003],[81.0732,23.963],[81.1312,23.9667],[81.1622,23.8911],[81.2002,23.8843],[81.2237,23.8546],[81.1821,23.7956],[81.2141,23.745],[81.2475,23.7246],[81.2291,23.6792],[81.2524,23.5768],[81.3005,23.5576],[81.2933,23.4961],[81.3141,23.4286],[81.3493,23.3495],[81.3343,23.2967],[81.2888,23.2728],[81.2832,23.229],[81.2573,23.2088],[81.3327,23.1472],[81.3184,23.1102],[81.3758,23.0838],[81.3911,23.0614],[81.4416,23.0569],[81.5201,23.0814],[81.5289,23.0517],[81.5763,23.0333],[81.5929,23.0713],[81.5524,23.0915],[81.5692,23.1489],[81.6021,23.1928],[81.7199,23.2032],[81.7581,23.2136],[81.789,23.2592],[81.8717,23.2388],[81.8724,23.2974],[81.903,23.3351],[81.9703,23.3706],[81.9812,23.4165],[81.9792,23.4186],[81.9566,23.4955],[81.924,23.5308],[81.8348,23.5099],[81.8052,23.5474],[81.7368,23.5636],[81.7007,23.5218],[81.6621,23.53],[81.6387,23.4902],[81.6128,23.5093],[81.6103,23.5984],[81.6209,23.6592],[81.6508,23.6586],[81.695,23.7196],[81.677,23.7555],[81.6473,23.7693],[81.6502,23.8027],[81.6062,23.8517],[81.6046,23.887]]]},"properties":{"DISTRICT":"Shahdol","ST_NM":"Madhya Pradesh","ST_CEN_CD":23,"DT_CEN_CD":43,"censuscode":460}},
{"type":"Feature","geometry":{"type":"Polygon","coordinates":[[[75.892,31.2758],[75.9021,31.2559],[75.8121,31.2221],[75.7879,31.1986],[75.853,31.1817],[75.9277,31.0936],[75.9536,31.0119],[76,30.989],[76.0563,30.9973],[76.1348,30.9864],[76.2136,31.0065],[76.2718,30.9798],[76.3084,30.9916],[76.3624,30.9706],[76.5119,30.9798],[76.52,30.9951],[76.4662,31.0401],[76.4365,31.0804],[76.4267,31.1245],[76.3875,31.1488],[76.3387,31.2258],[76.3087,31.212],[76.2741,31.2387],[76.2388,31.2383],[76.1976,31.1879],[76.2068,31.1378],[76.1731,31.1357],[76.1031,31.1783],[76.0893,31.2246],[76.0534,31.2274],[75.9449,31.2731],[75.892,31.2758]]]},"properties":{"DISTRICT":"Shahid Bhagat Singh Nagar","ST_NM":"Punjab","ST_CEN_CD":3,"DT_CEN_CD":5,"censuscode":39}},
{"type":"Feature","geometry":{"type":"Polygon","coordinates":[[[80.301,28.4533],[80.2463,28.4549],[80.2518,28.4081],[80.1717,28.3523],[80.1444,28.3869],[80.1078,28.3834],[80.0724,28.3322],[80.0149,28.3583],[79.9419,28.3109],[79.9652,28.1676],[79.9373,28.1159],[79.8404,28.2086],[79.7817,28.1598],[79.7144,28.205],[79.7282,28.2188],[79.6852,28.2631],[79.6658,28.2135],[79.6213,28.1491],[79.638,28.1219],[79.6301,28.0843],[79.5862,28.0907],[79.5287,28.0592],[79.4975,28.0205],[79.472,27.9616],[79.4598,27.8486],[79.3567,27.7901],[79.338,27.734],[79.3502,27.6523],[79.4447,27.6397],[79.4804,27.5965],[79.5903,27.591],[79.6306,27.6344],[79.6531,27.6144],[79.6639,27.4954],[79.7164,27.4732],[79.7279,27.5374],[79.6964,27.6529],[79.7289,27.6722],[79.7378,27.7191],[79.7666,27.7127],[79.8145,27.6566],[79.866,27.6525],[79.8817,27.7],[79.9183,27.7031],[79.9615,27.7279],[80.059,27.7411],[80.063,27.7702],[80.0375,27.8373],[80.0324,27.923],[80.0693,27.9216],[80.1236,27.9963],[80.207,28.0301],[80.2596,28.0842],[80.2511,28.1505],[80.3019,28.152],[80.307,28.2585],[80.3684,28.332],[80.3586,28.3833],[80.301,28.4533]]]},"properties":{"DISTRICT":"Shahjahanpur","ST_NM":"Uttar Pradesh","ST_CEN_CD":9,"DT_CEN_CD":21,"censuscode":152}},
{"type":"Feature","geometry":{"type":"Polygon","coordinates":[[[76.2186,24.2126],[76.1978,24.2806],[76.1452,24.2769],[76.1574,24.2396],[76.1262,24.2012],[76.1375,24.0912],[76.046,24.0699],[76.0293,24.0464],[75.9626,24.0214],[75.9826,23.9704],[75.9781,23.929],[75.8807,23.8807],[75.8555,23.8903],[75.7818,23.8509],[75.73,23.8983],[75.7239,23.8231],[75.6919,23.8159],[75.6861,23.7569],[75.6911,23.7471],[75.7282,23.7578],[75.7527,23.7257],[75.7844,23.7233],[75.8428,23.6863],[75.8175,23.6719],[75.852,23.5702],[75.9335,23.5532],[75.9542,23.5684],[76.0629,23.5623],[76.1129,23.5447],[76.1451,23.5735],[76.174,23.5529],[76.1553,23.5221],[76.1962,23.4989],[76.2087,23.386],[76.2496,23.3786],[76.243,23.344],[76.2033,23.3419],[76.1823,23.2761],[76.1295,23.2781],[76.1133,23.2413],[76.1584,23.2215],[76.2819,23.2273],[76.4093,23.2172],[76.4144,23.1958],[76.509,23.1789],[76.5384,23.1287],[76.5898,23.1097],[76.6277,23.1371],[76.6316,23.1959],[76.6882,23.1921],[76.7008,23.1569],[76.7343,23.1418],[76.7753,23.1716],[76.808,23.1241],[76.8642,23.1053],[76.8994,23.1328],[76.894,23.206],[76.9097,23.2307],[76.9534,23.2417],[76.994,23.2853],[76.9868,23.3102],[76.9971,23.3988],[77.0191,23.4072],[77.0519,23.4806],[77.0096,23.4989],[76.9627,23.5007],[76.9388,23.4719],[76.9103,23.4983],[76.8501,23.4954],[76.7973,23.4558],[76.7627,23.4967],[76.6955,23.4869],[76.6661,23.5245],[76.6032,23.5612],[76.5915,23.55],[76.5286,23.5724],[76.4896,23.5107],[76.4361,23.5603],[76.4445,23.5724],[76.43,23.6544],[76.405,23.6722],[76.3977,23.762],[76.3581,23.8494],[76.2998,23.8973],[76.3149,23.9214],[76.2658,24.0529],[76.2205,24.0519],[76.2041,24.0996],[76.248,24.1374],[76.2272,24.1529],[76.2186,24.2126]]]},"properties":{"DISTRICT":"Shajapur","ST_NM":"Madhya Pradesh","ST_CEN_CD":23,"DT_CEN_CD":19,"censuscode":436}},
{"type":"Feature","geometry":{"type":"Polygon","coordinates":[[[85.9187,25.2395],[85.8926,25.2289],[85.8423,25.2391],[85.8292,25.218],[85.771,25.2447],[85.7716,25.2634],[85.7021,25.2697],[85.6877,25.1356],[85.6409,25.0991],[85.6862,25.1129],[85.7245,25.0929],[85.7771,25.0934],[85.7675,25.0285],[85.7951,24.98],[85.8381,24.9829],[85.912,25.0132],[85.9147,25.0407],[85.9595,25.0735],[85.9622,25.1358],[85.9889,25.1557],[85.9421,25.2374],[85.9187,25.2395]]]},"properties":{"DISTRICT":"Sheikhpura","ST_NM":"Bihar","ST_CEN_CD":10,"DT_CEN_CD":26,"censuscode":228}},
{"type":"Feature","geometry":{"type":"Polygon","coordinates":[[[85.2671,26.3992],[85.2829,26.4494],[85.3405,26.4861],[85.3831,26.4911],[85.368,26.5324],[85.3493,26.6318],[85.3217,26.646],[85.2688,26.6377],[85.2638,26.5898],[85.2248,26.5498],[85.225,26.5036],[85.1864,26.4984],[85.2135,26.4541],[85.2108,26.4267],[85.2671,26.3992]]]},"properties":{"DISTRICT":"Sheohar","ST_NM":"Bihar","ST_CEN_CD":10,"DT_CEN_CD":3,"censuscode":205}},
{"type":"Feature","geometry":{"type":"Polygon","coordinates":[[[77.2063,26.1129],[77.1751,26.1754],[77.1518,26.1624],[77.1478,26.192],[77.1374,26.2027],[77.116,26.2197],[77.1124,26.214],[77.1116,26.2038],[77.103,26.1901],[77.0911,26.1818],[77.0754,26.1801],[77.0591,26.1809],[77.0303,26.1709],[77.0008,26.1325],[76.945,26.1008],[76.9015,26.0928],[76.8765,26.0513],[76.8364,26.0244],[76.8462,26.0061],[76.8248,25.9661],[76.8007,25.9391],[76.7391,25.8975],[76.647,25.9012],[76.6373,25.8702],[76.603,25.8715],[76.5908,25.8627],[76.5722,25.8347],[76.5549,25.8201],[76.5347,25.793],[76.5318,25.7261],[76.4876,25.7132],[76.516,25.6679],[76.5148,25.5749],[76.5253,25.5251],[76.5939,25.4266],[76.6075,25.3841],[76.6413,25.3754],[76.6861,25.3406],[76.7083,25.3427],[76.7752,25.3073],[76.859,25.3247],[76.9641,25.2922],[77.0296,25.2961],[77.081,25.3346],[77.0121,25.353],[77.027,25.387],[77.0901,25.3802],[77.1053,25.4101],[77.1481,25.4184],[77.1382,25.4508],[77.187,25.5138],[77.2945,25.5343],[77.2568,25.5939],[77.282,25.6302],[77.2764,25.7195],[77.3183,25.7365],[77.3257,25.7858],[77.3997,25.7815],[77.4147,25.8723],[77.4418,25.8914],[77.4741,25.8607],[77.5054,25.856],[77.5577,25.8138],[77.5815,25.8607],[77.6374,25.8675],[77.651,25.9061],[77.5989,25.9181],[77.5999,25.9599],[77.6407,25.9621],[77.6485,26.0087],[77.6145,26.03],[77.5521,26.0239],[77.4685,26.1013],[77.4031,26.1531],[77.3174,26.1415],[77.2734,26.1233],[77.2509,26.0855],[77.2063,26.1129]]]},"properties":{"DISTRICT":"Sheopur","ST_NM":"Madhya Pradesh","ST_CEN_CD":23,"DT_CEN_CD":1,"censuscode":418}},
{"type":"Feature","geometry":{"type":"Polygon","coordinates":[[[78.241,31.3409],[78.22,31.3258],[78.1715,31.3443],[78.166,31.3782],[78.0888,31.4222],[78.0244,31.4008],[77.9637,31.4025],[77.9027,31.443],[77.8796,31.4915],[77.8452,31.5274],[77.8392,31.5796],[77.8143,31.611],[77.8249,31.6381],[77.7719,31.7037],[77.7508,31.7139],[77.7428,31.7149],[77.7348,31.7146],[77.6859,31.7035],[77.6479,31.6577],[77.6561,31.5783],[77.6993,31.5419],[77.7012,31.5187],[77.709,31.5024],[77.671,31.4628],[77.6322,31.4502],[77.634,31.3974],[77.5478,31.382],[77.5316,31.3534],[77.4299,31.3415],[77.402,31.3621],[77.3968,31.3592],[77.3867,31.3613],[77.3854,31.3583],[77.3719,31.3588],[77.3642,31.3564],[77.3579,31.3519],[77.3529,31.3456],[77.3413,31.3226],[77.3367,31.2982],[77.3056,31.2713],[77.1902,31.2552],[77.1326,31.2287],[77.0319,31.2752],[77.0048,31.2371],[77.02,31.2185],[77.0057,31.1811],[77.0339,31.1589],[77.0112,31.1185],[77.026,31.0873],[77.0783,31.0851],[77.0871,31.043],[77.1448,31.0209],[77.1489,31.0085],[77.1712,31.0048],[77.1774,31.0076],[77.1794,31.0082],[77.1808,31.0094],[77.1864,31.0091],[77.2027,30.9698],[77.2347,30.9603],[77.2462,30.9188],[77.2656,30.9407],[77.3006,30.9567],[77.3375,31.0009],[77.3738,31.0223],[77.4408,30.9759],[77.4425,30.945],[77.4113,30.9264],[77.4518,30.8626],[77.4774,30.8649],[77.493,30.7941],[77.5872,30.7763],[77.6022,30.7812],[77.6205,30.7943],[77.6243,30.8081],[77.6646,30.8014],[77.7022,30.7639],[77.7581,30.8315],[77.7455,30.8461],[77.7558,30.8595],[77.755,30.8696],[77.7559,30.8736],[77.7586,30.8765],[77.7723,30.8758],[77.7759,30.8704],[77.7793,30.8605],[77.7976,30.8673],[77.8052,30.9214],[77.7598,30.9176],[77.7682,30.9722],[77.8107,30.9651],[77.8391,31.0005],[77.8195,31.0495],[77.8574,31.0767],[77.8661,31.1064],[77.9169,31.1542],[77.9695,31.1741],[78.0225,31.1524],[78.0447,31.1806],[78.1072,31.1881],[78.1628,31.2268],[78.1999,31.2186],[78.2476,31.2302],[78.3135,31.2834],[78.3067,31.2859],[78.2954,31.2927],[78.2919,31.3238],[78.241,31.3409]]]},"properties":{"DISTRICT":"Shimla","ST_NM":"Himachal Pradesh","ST_CEN_CD":2,"DT_CEN_CD":11,"censuscode":33}},
{"type":"Feature","geometry":{"type":"Polygon","coordinates":[[[75.5362,14.2774],[75.5027,14.3067],[75.4282,14.3489],[75.3707,14.37],[75.3783,14.4101],[75.344,14.4344],[75.3473,14.4829],[75.2654,14.5792],[75.2095,14.5739],[75.2076,14.6147],[75.1672,14.633],[75.1447,14.6194],[75.1014,14.6485],[75.0512,14.6486],[75.027,14.6084],[75.0266,14.5591],[75.0428,14.5008],[74.9935,14.504],[74.979,14.5525],[74.9058,14.5294],[74.886,14.4313],[74.9216,14.4327],[74.976,14.3352],[74.9262,14.3217],[74.9104,14.2892],[74.9406,14.2612],[74.9187,14.2313],[74.8568,14.2137],[74.8217,14.2335],[74.7671,14.2384],[74.7308,14.267],[74.7171,14.234],[74.729,14.1786],[74.6908,14.1706],[74.6666,14.1875],[74.6439,14.1441],[74.6401,14.0975],[74.6775,14.0381],[74.6677,13.9844],[74.701,13.9503],[74.7171,13.907],[74.7918,13.9143],[74.8466,13.8947],[74.8631,13.8647],[74.9145,13.8573],[74.9334,13.7765],[74.9988,13.7392],[75.0173,13.6367],[75.06,13.5927],[75.0359,13.5785],[75.0492,13.5407],[75.1122,13.4623],[75.1402,13.4633],[75.1703,13.5064],[75.224,13.5278],[75.2438,13.6055],[75.2771,13.5642],[75.296,13.5847],[75.3418,13.5874],[75.4074,13.632],[75.4151,13.654],[75.3945,13.7004],[75.4562,13.7246],[75.489,13.7602],[75.5362,13.7314],[75.5778,13.7587],[75.6094,13.7608],[75.6437,13.7049],[75.6706,13.7635],[75.7333,13.7692],[75.7607,13.7933],[75.807,13.7943],[75.825,13.8174],[75.8799,13.8103],[75.8578,13.9139],[75.8271,13.9721],[75.8136,14.0979],[75.7397,14.101],[75.7229,14.0745],[75.6708,14.0655],[75.6359,14.0786],[75.5862,14.0571],[75.5162,14.0963],[75.4516,14.0949],[75.4002,14.1144],[75.4609,14.1733],[75.4788,14.2146],[75.5287,14.2098],[75.5362,14.2774]]]},"properties":{"DISTRICT":"Shimoga","ST_NM":"Karnataka","ST_CEN_CD":29,"DT_CEN_CD":14,"censuscode":568}},
{"type":"Feature","geometry":{"type":"Polygon","coordinates":[[[77.081,25.3346],[77.1592,25.3082],[77.2237,25.3262],[77.226,25.3683],[77.3112,25.4313],[77.3673,25.4078],[77.3502,25.3828],[77.3807,25.3007],[77.3555,25.2667],[77.4122,25.2212],[77.3965,25.1831],[77.3924,25.1169],[77.3084,25.0789],[77.358,24.9438],[77.4043,24.9469],[77.4498,24.9278],[77.4771,24.8766],[77.547,24.8794],[77.5629,24.871],[77.5696,24.8746],[77.5789,24.885],[77.5489,24.8959],[77.5437,24.9148],[77.5823,24.9608],[77.6206,24.9084],[77.7062,24.852],[77.7483,24.8668],[77.8222,24.9779],[77.8262,24.9995],[77.9057,24.9993],[78.0081,24.9612],[77.9697,24.8738],[78.0315,24.8374],[78.0489,24.8558],[78.1119,24.8352],[78.1642,24.839],[78.1768,24.8804],[78.3341,24.9946],[78.3447,25.0224],[78.3319,25.079],[78.3737,25.0995],[78.3965,25.122],[78.4315,25.1197],[78.4298,25.1403],[78.4277,25.1526],[78.4355,25.1533],[78.4488,25.1523],[78.4508,25.1675],[78.4241,25.1677],[78.3922,25.1901],[78.3621,25.2449],[78.3382,25.3316],[78.3011,25.3624],[78.3394,25.3993],[78.3422,25.4258],[78.4287,25.4745],[78.4158,25.5276],[78.4333,25.5562],[78.4443,25.5591],[78.4529,25.5725],[78.4574,25.5735],[78.4591,25.5667],[78.4611,25.5637],[78.4638,25.5638],[78.4661,25.5696],[78.4682,25.5794],[78.4677,25.5844],[78.3888,25.6075],[78.3839,25.6209],[78.3758,25.6608],[78.3442,25.6603],[78.2603,25.719],[78.2811,25.7501],[78.275,25.7683],[78.2809,25.781],[78.2671,25.7808],[78.2141,25.7386],[78.0584,25.7109],[77.9958,25.7404],[77.9181,25.7534],[77.8757,25.7401],[77.8676,25.8036],[77.7978,25.8243],[77.7938,25.8404],[77.7827,25.8557],[77.7455,25.8822],[77.7127,25.8787],[77.6976,25.8883],[77.6928,25.908],[77.6891,25.9108],[77.6855,25.9134],[77.6769,25.9161],[77.651,25.9061],[77.6374,25.8675],[77.5815,25.8607],[77.5577,25.8138],[77.5054,25.856],[77.4741,25.8607],[77.4418,25.8914],[77.4147,25.8723],[77.3997,25.7815],[77.3257,25.7858],[77.3183,25.7365],[77.2764,25.7195],[77.282,25.6302],[77.2568,25.5939],[77.2945,25.5343],[77.187,25.5138],[77.1382,25.4508],[77.1481,25.4184],[77.1053,25.4101],[77.0901,25.3802],[77.027,25.387],[77.0121,25.353],[77.081,25.3346]]]},"properties":{"DISTRICT":"Shivpuri","ST_NM":"Madhya Pradesh","ST_CEN_CD":23,"DT_CEN_CD":6,"censuscode":423}},
{"type":"Feature","geometry":{"type":"Polygon","coordinates":[[[82.2093,27.8441],[82.126,27.8657],[82.0745,27.9237],[81.9713,27.9295],[81.929,27.8596],[81.8906,27.8576],[81.7495,27.9479],[81.6992,27.929],[81.6689,27.8796],[81.6258,27.848],[81.6404,27.8163],[81.649,27.7352],[81.6907,27.7176],[81.6749,27.6847],[81.6844,27.6353],[81.6786,27.5838],[81.7675,27.5587],[81.7623,27.5224],[81.7082,27.4957],[81.6707,27.4379],[81.7134,27.4023],[81.7315,27.33],[81.7966,27.2956],[81.8414,27.2913],[81.8493,27.3246],[81.9215,27.3305],[81.9098,27.3664],[81.9328,27.4205],[81.9801,27.4399],[82.0038,27.4114],[82.0774,27.4106],[82.0561,27.4505],[82.061,27.498],[82.0359,27.5702],[82.0451,27.6137],[82.0782,27.6275],[82.0946,27.6704],[82.1298,27.7018],[82.145,27.7669],[82.2014,27.8067],[82.2093,27.8441]]]},"properties":{"DISTRICT":"Shrawasti","ST_NM":"Uttar Pradesh","ST_CEN_CD":9,"DT_CEN_CD":50,"censuscode":181}},
{"type":"Feature","geometry":{"type":"Polygon","coordinates":[[[75.0217,33.7926],[74.9775,33.8343],[74.8847,33.8301],[74.8442,33.7839],[74.8005,33.7771],[74.7803,33.804],[74.6073,33.7312],[74.5554,33.6922],[74.6045,33.6735],[74.7,33.6665],[74.7488,33.6754],[74.7786,33.6254],[74.8526,33.624],[74.8817,33.6733],[74.9942,33.7121],[75.0264,33.7608],[75.0217,33.7926]]]},"properties":{"DISTRICT":"Shupiyan","ST_NM":"Jammu & Kashmir","ST_CEN_CD":1,"DT_CEN_CD":13,"censuscode":13}},
{"type":"Feature","geometry":{"type":"Polygon","coordinates":[[[95.3716,27.1053],[95.3593,27.1676],[95.2894,27.1968],[95.2406,27.1863],[95.1627,27.131],[95.0623,27.1356],[94.9813,27.1503],[94.9702,27.2287],[94.8875,27.1566],[94.8491,27.1081],[94.7658,27.1275],[94.7815,27.1907],[94.7795,27.2386],[94.7535,27.269],[94.6955,27.2681],[94.6466,27.2465],[94.5958,27.1451],[94.511,27.0411],[94.4706,27.0008],[94.4035,26.9599],[94.4084,26.9434],[94.4822,26.9339],[94.4983,26.8694],[94.4899,26.8338],[94.5242,26.8074],[94.5161,26.7748],[94.5956,26.7249],[94.6231,26.7145],[94.6869,26.7274],[94.7381,26.7636],[94.7911,26.7962],[94.8215,26.8492],[94.8867,26.9272],[94.9577,26.9381],[94.986,26.9127],[95.0872,26.947],[95.1959,27.0372],[95.2485,27.0243],[95.31,27.0752],[95.3716,27.1053]]]},"properties":{"DISTRICT":"Sivasagar","ST_NM":"Assam","ST_CEN_CD":18,"DT_CEN_CD":12,"censuscode":311}},
{"type":"Feature","geometry":{"type":"Polygon","coordinates":[[[83.2931,27.3373],[83.2724,27.3806],[83.2159,27.4172],[83.1842,27.4529],[83.053,27.448],[82.9473,27.4736],[82.9257,27.5005],[82.8183,27.4954],[82.7406,27.5016],[82.7215,27.471],[82.7607,27.4318],[82.6693,27.4066],[82.5993,27.4215],[82.5571,27.3989],[82.5431,27.3722],[82.4935,27.3595],[82.4815,27.3208],[82.5122,27.2803],[82.5138,27.2176],[82.5533,27.2191],[82.5556,27.1827],[82.4839,27.2042],[82.4397,27.1734],[82.4797,27.1561],[82.4776,27.1615],[82.4758,27.1663],[82.5675,27.0754],[82.5644,27.0997],[82.6227,27.0991],[82.6306,27.1242],[82.6796,27.1225],[82.708,27.104],[82.7591,27.105],[82.7987,27.074],[82.9048,27.0211],[82.9474,27.0206],[83.0344,27.0958],[83.1275,27.1017],[83.1302,27.1414],[83.2203,27.2444],[83.2136,27.2628],[83.2931,27.3373]]]},"properties":{"DISTRICT":"Siddharth Nagar","ST_NM":"Uttar Pradesh","ST_CEN_CD":9,"DT_CEN_CD":53,"censuscode":184}},
{"type":"Feature","geometry":{"type":"Polygon","coordinates":[[[82.2995,24.5959],[82.1994,24.6157],[82.1231,24.5927],[82.0703,24.601],[82.0615,24.5764],[81.9634,24.5536],[81.9511,24.5736],[81.8958,24.5533],[81.886,24.5297],[81.7865,24.5046],[81.7646,24.5027],[81.7381,24.5118],[81.641,24.4709],[81.5485,24.4424],[81.4564,24.3934],[81.3735,24.3613],[81.3062,24.3224],[81.3519,24.2542],[81.3908,24.2649],[81.4814,24.2403],[81.4744,24.1714],[81.5389,24.0696],[81.5029,23.9941],[81.5549,23.9539],[81.5423,23.918],[81.6046,23.887],[81.6694,23.9236],[81.7104,23.8615],[81.7804,23.8124],[81.8195,23.8077],[81.9018,23.8423],[81.9242,23.8713],[81.9585,23.8512],[81.9701,23.8554],[82.0085,23.8615],[82.0531,23.819],[82.1775,23.8232],[82.2116,23.8515],[82.2409,23.8924],[82.195,23.9815],[82.1687,23.9927],[82.0936,23.9918],[82.0533,24.0029],[82.0217,24.0305],[81.9788,24.0124],[81.9523,24.0644],[81.911,24.0824],[81.8788,24.1238],[81.8971,24.1872],[81.938,24.234],[81.9999,24.2376],[82.0421,24.2863],[82.117,24.3271],[82.1163,24.3601],[82.1664,24.3606],[82.2362,24.4431],[82.2411,24.47],[82.2846,24.496],[82.3385,24.5111],[82.3791,24.559],[82.3067,24.5989],[82.2995,24.5959]]]},"properties":{"DISTRICT":"Sidhi","ST_NM":"Madhya Pradesh","ST_CEN_CD":23,"DT_CEN_CD":45,"censuscode":462}},
{"type":"Feature","geometry":{"type":"Polygon","coordinates":[[[75.0296,28.1982],[74.9481,28.1873],[74.8926,28.1919],[74.8681,28.1451],[74.8299,28.1147],[74.8025,28.117],[74.788,28.0778],[74.8083,28.0583],[74.7927,28.0061],[74.7613,27.9877],[74.7812,27.9556],[74.8211,27.938],[74.8009,27.8963],[74.7383,27.8891],[74.7407,27.8552],[74.7968,27.8369],[74.8173,27.7997],[74.7413,27.7644],[74.7273,27.7176],[74.7487,27.6894],[74.681,27.6672],[74.7616,27.5676],[74.7164,27.5375],[74.7231,27.5012],[74.7987,27.4822],[74.8032,27.4498],[74.8572,27.4503],[74.8738,27.372],[74.8985,27.3298],[74.9469,27.3463],[75.0095,27.3468],[75.0737,27.3853],[75.1182,27.3765],[75.116,27.3444],[75.1679,27.3163],[75.0719,27.2193],[75.1253,27.211],[75.1182,27.1839],[75.1785,27.1409],[75.3011,27.1291],[75.3162,27.1591],[75.3288,27.2139],[75.3919,27.2304],[75.3951,27.2825],[75.4322,27.301],[75.4767,27.2892],[75.5309,27.3439],[75.5728,27.3418],[75.6139,27.3147],[75.6654,27.3658],[75.725,27.3692],[75.7397,27.4042],[75.794,27.3808],[75.8707,27.4165],[75.8955,27.4566],[75.9543,27.4761],[75.9392,27.4969],[75.96,27.5918],[75.9421,27.6217],[75.9795,27.6556],[75.9913,27.7032],[76.0348,27.7315],[76.0975,27.8303],[76.0878,27.8466],[75.983,27.8603],[75.9851,27.9049],[75.9312,27.9288],[75.7699,27.8334],[75.7116,27.756],[75.689,27.6735],[75.6198,27.7028],[75.5365,27.7091],[75.418,27.644],[75.3499,27.7002],[75.2893,27.716],[75.2875,27.8161],[75.2419,27.8104],[75.2301,27.8777],[75.1953,27.9105],[75.1485,28.0257],[75.1027,28.0643],[75.1287,28.1348],[75.0896,28.1594],[75.0811,28.1905],[75.0296,28.1982]]]},"properties":{"DISTRICT":"Sikar","ST_NM":"Rajasthan","ST_CEN_CD":8,"DT_CEN_CD":13,"censuscode":111}},
{"type":"Feature","geometry":{"type":"Polygon","coordinates":[[[84.979,22.7851],[84.9332,22.7905],[84.8837,22.7418],[84.8606,22.7635],[84.7948,22.7539],[84.7654,22.7901],[84.7325,22.8012],[84.6963,22.7418],[84.6655,22.7285],[84.5698,22.7272],[84.5507,22.7914],[84.5035,22.7955],[84.5051,22.8214],[84.4512,22.8313],[84.4184,22.765],[84.3909,22.7721],[84.34,22.7461],[84.2946,22.7728],[84.2323,22.737],[84.2392,22.6905],[84.1569,22.6364],[84.0874,22.6384],[84.0552,22.5961],[84.0121,22.5715],[84.0095,22.5229],[84.0646,22.5122],[84.1131,22.476],[84.1444,22.4693],[84.1428,22.4229],[84.201,22.3742],[84.2534,22.3761],[84.2961,22.3398],[84.4326,22.3546],[84.5086,22.4179],[84.6388,22.4313],[84.6683,22.4166],[84.7505,22.4175],[84.7593,22.4447],[84.8079,22.4464],[84.8868,22.4204],[84.959,22.4556],[85.0689,22.4813],[85.0802,22.5706],[85.0455,22.6745],[85.059,22.7348],[85.0078,22.7827],[84.979,22.7851]]]},"properties":{"DISTRICT":"Simdega","ST_NM":"Jharkhand","ST_CEN_CD":20,"DT_CEN_CD":22,"censuscode":367}},
{"type":"Feature","geometry":{"type":"Polygon","coordinates":[[[73.854,16.6502],[73.7682,16.6598],[73.7681,16.6034],[73.6897,16.6239],[73.6615,16.5759],[73.5812,16.5434],[73.541,16.5149],[73.4887,16.5145],[73.4653,16.4933],[73.3655,16.5161],[73.3411,16.5606],[73.3146,16.5388],[73.3444,16.475],[73.3868,16.3583],[73.4506,16.1474],[73.4741,16.096],[73.4586,16.0571],[73.4865,16.0376],[73.4876,15.9749],[73.5124,15.9391],[73.5895,15.9102],[73.6289,15.8558],[73.6757,15.728],[73.7775,15.7253],[73.8115,15.742],[73.8569,15.7996],[73.9002,15.7444],[73.9372,15.7436],[73.9633,15.6894],[73.968,15.6311],[73.9945,15.6112],[74.0731,15.6283],[74.1188,15.6525],[74.1276,15.7243],[74.1606,15.7514],[74.1901,15.7523],[74.2105,15.7809],[74.1736,15.7743],[74.1594,15.8214],[74.0435,15.8387],[74.0838,15.8678],[74.0824,15.9269],[74.0495,15.9498],[74.0841,16.0036],[74.0487,16.0342],[74.0019,16.0377],[73.9988,16.0869],[73.9481,16.0984],[73.9012,16.089],[73.8454,16.1077],[73.8558,16.1447],[73.8866,16.1451],[73.9468,16.1722],[73.9164,16.2483],[73.8494,16.3134],[73.8386,16.3436],[73.8663,16.3737],[73.8379,16.403],[73.8878,16.4486],[73.8262,16.5435],[73.8639,16.6133],[73.854,16.6502]]]},"properties":{"DISTRICT":"Sindhudurg","ST_NM":"Maharashtra","ST_CEN_CD":27,"DT_CEN_CD":33,"censuscode":529}},
{"type":"Feature","geometry":{"type":"Polygon","coordinates":[[[82.2116,23.8515],[82.2393,23.8064],[82.263,23.8205],[82.3053,23.8068],[82.396,23.8001],[82.4712,23.8097],[82.4995,23.7846],[82.5522,23.7931],[82.556,23.8258],[82.5937,23.8218],[82.6373,23.8379],[82.6679,23.8693],[82.6625,23.9051],[82.7097,23.9238],[82.7559,23.9212],[82.8155,23.962],[82.8093,23.9999],[82.7537,24.0119],[82.7627,24.072],[82.7162,24.0795],[82.6653,24.1334],[82.7282,24.1376],[82.744,24.167],[82.7349,24.2218],[82.7578,24.2347],[82.772,24.2909],[82.7685,24.3714],[82.7151,24.3835],[82.7337,24.4246],[82.7242,24.5553],[82.7541,24.5397],[82.8088,24.5509],[82.8045,24.5979],[82.7739,24.6397],[82.6998,24.6466],[82.7041,24.6737],[82.6737,24.6978],[82.5374,24.6498],[82.5266,24.6762],[82.4949,24.6733],[82.4283,24.703],[82.4098,24.6815],[82.4173,24.5957],[82.369,24.5998],[82.3379,24.6215],[82.302,24.6115],[82.3067,24.5989],[82.3791,24.559],[82.3385,24.5111],[82.2846,24.496],[82.2411,24.47],[82.2362,24.4431],[82.1664,24.3606],[82.1163,24.3601],[82.117,24.3271],[82.0421,24.2863],[81.9999,24.2376],[81.938,24.234],[81.8971,24.1872],[81.8788,24.1238],[81.911,24.0824],[81.9523,24.0644],[81.9788,24.0124],[82.0217,24.0305],[82.0533,24.0029],[82.0936,23.9918],[82.1687,23.9927],[82.195,23.9815],[82.2409,23.8924],[82.2116,23.8515]]]},"properties":{"DISTRICT":"Singrauli","ST_NM":"Madhya Pradesh","ST_CEN_CD":23,"DT_CEN_CD":46,"censuscode":463}},
{"type":"Feature","geometry":{"type":"Polygon","coordinates":[[[77.7022,30.7639],[77.6646,30.8014],[77.6243,30.8081],[77.6205,30.7943],[77.6022,30.7812],[77.5872,30.7763],[77.493,30.7941],[77.4774,30.8649],[77.4518,30.8626],[77.4113,30.9264],[77.4425,30.945],[77.4408,30.9759],[77.3738,31.0223],[77.3375,31.0009],[77.3006,30.9567],[77.2462,30.9188],[77.2146,30.8763],[77.1664,30.8449],[77.1192,30.8535],[77.0882,30.8286],[77.0844,30.7949],[77.0181,30.7484],[77.0903,30.7406],[77.1669,30.6844],[77.1707,30.5952],[77.126,30.5639],[77.1246,30.563],[77.1507,30.5342],[77.2128,30.5021],[77.2127,30.4947],[77.3238,30.449],[77.3592,30.4573],[77.448,30.3989],[77.5045,30.4126],[77.588,30.3796],[77.5762,30.3996],[77.617,30.4325],[77.6749,30.4438],[77.7811,30.4994],[77.8127,30.5064],[77.8194,30.5558],[77.7671,30.5653],[77.7457,30.6022],[77.7887,30.6362],[77.7472,30.681],[77.7549,30.7058],[77.7022,30.7639]]]},"properties":{"DISTRICT":"Sirmaur","ST_NM":"Himachal Pradesh","ST_CEN_CD":2,"DT_CEN_CD":10,"censuscode":32}},
{"type":"Feature","geometry":{"type":"Polygon","coordinates":[[[72.9401,25.2437],[72.8912,25.2463],[72.8275,25.2871],[72.7791,25.216],[72.738,25.1278],[72.709,25.1071],[72.6885,25.0479],[72.6582,25.0407],[72.5811,24.9413],[72.506,24.9229],[72.4839,24.8701],[72.5002,24.8182],[72.4817,24.7503],[72.3729,24.7612],[72.3264,24.7015],[72.3117,24.649],[72.3347,24.6248],[72.3084,24.5873],[72.271,24.6012],[72.2452,24.5822],[72.2893,24.5403],[72.3524,24.5542],[72.3807,24.5021],[72.4427,24.4948],[72.4311,24.462],[72.4591,24.4085],[72.5046,24.4196],[72.4952,24.4516],[72.537,24.5061],[72.5834,24.4736],[72.6538,24.4573],[72.6883,24.461],[72.6886,24.4201],[72.7277,24.3619],[72.8107,24.3587],[72.8637,24.3662],[72.9196,24.3265],[72.9612,24.3512],[72.9601,24.3923],[72.9866,24.421],[72.977,24.4511],[73.009,24.4824],[73.0268,24.5313],[73.083,24.6114],[73.084,24.6364],[73.138,24.6877],[73.1448,24.7577],[73.1628,24.7812],[73.143,24.843],[73.1019,24.8451],[73.0282,24.8877],[73.008,24.9216],[73.0478,25.0046],[73.1079,25.0369],[73.1313,25.0645],[73.1186,25.1077],[73.0567,25.1592],[73.0498,25.1042],[73.0012,25.1011],[72.9988,25.1439],[72.9552,25.142],[72.973,25.1929],[72.9401,25.2437]]]},"properties":{"DISTRICT":"Sirohi","ST_NM":"Rajasthan","ST_CEN_CD":8,"DT_CEN_CD":19,"censuscode":117}},
{"type":"Feature","geometry":{"type":"Polygon","coordinates":[[[75.1887,29.835],[75.1123,29.8007],[75.0756,29.8774],[75.0476,29.8802],[74.9999,29.8549],[74.9532,29.9012],[74.9342,29.9402],[74.8597,29.958],[74.8113,29.9916],[74.7339,29.961],[74.7073,29.9704],[74.6496,29.9218],[74.5955,29.9142],[74.5287,29.943],[74.5631,29.8651],[74.5011,29.8261],[74.4746,29.7872],[74.4812,29.7436],[74.6148,29.7521],[74.5877,29.654],[74.5807,29.5547],[74.6204,29.5305],[74.5877,29.4576],[74.5434,29.4642],[74.54,29.4241],[74.5787,29.4052],[74.6086,29.3532],[74.6504,29.33],[74.6589,29.3712],[74.7847,29.3586],[74.8185,29.3969],[74.8585,29.4012],[74.9362,29.3628],[74.962,29.28],[74.9999,29.2697],[75.0328,29.2894],[75.087,29.2302],[75.1565,29.2435],[75.2444,29.2494],[75.2267,29.3243],[75.2668,29.3531],[75.2239,29.3982],[75.2421,29.4192],[75.3009,29.4414],[75.285,29.4628],[75.3004,29.5594],[75.2478,29.5493],[75.2209,29.5802],[75.231,29.6043],[75.1831,29.628],[75.1688,29.6673],[75.1988,29.6787],[75.2081,29.7287],[75.2411,29.75],[75.1887,29.835]]]},"properties":{"DISTRICT":"Sirsa","ST_NM":"Haryana","ST_CEN_CD":6,"DT_CEN_CD":11,"censuscode":79}},
{"type":"Feature","geometry":{"type":"Polygon","coordinates":[[[85.8189,26.603],[85.8022,26.6252],[85.7423,26.6449],[85.7241,26.681],[85.736,26.7949],[85.6781,26.8447],[85.6094,26.857],[85.545,26.8374],[85.5226,26.8129],[85.4547,26.781],[85.4094,26.7909],[85.3368,26.7414],[85.2576,26.7562],[85.263,26.6942],[85.2418,26.6782],[85.2688,26.6377],[85.3217,26.646],[85.3493,26.6318],[85.368,26.5324],[85.3831,26.4911],[85.3405,26.4861],[85.2829,26.4494],[85.2671,26.3992],[85.2831,26.3493],[85.3724,26.342],[85.4123,26.2707],[85.4403,26.2705],[85.4691,26.3328],[85.5098,26.3815],[85.5752,26.3661],[85.6346,26.3327],[85.7047,26.3066],[85.7316,26.3437],[85.6923,26.377],[85.7102,26.446],[85.7689,26.4356],[85.7619,26.4904],[85.7966,26.4979],[85.8277,26.5424],[85.8081,26.5559],[85.8189,26.603]]]},"properties":{"DISTRICT":"Sitamarhi","ST_NM":"Bihar","ST_CEN_CD":10,"DT_CEN_CD":4,"censuscode":206}},
{"type":"Feature","geometry":{"type":"Polygon","coordinates":[[[81.3035,27.6812],[81.2673,27.71],[81.1862,27.7324],[81.2157,27.7668],[81.1815,27.7854],[81.1099,27.7894],[81.0932,27.8156],[80.9935,27.8253],[81.0099,27.8803],[80.9627,27.9011],[80.9399,27.8547],[80.8474,27.8225],[80.8287,27.7909],[80.7908,27.8173],[80.7254,27.8061],[80.6384,27.8359],[80.6063,27.7498],[80.5665,27.7484],[80.5198,27.8082],[80.4903,27.7726],[80.422,27.7448],[80.3848,27.7133],[80.3122,27.6786],[80.3061,27.5813],[80.3541,27.484],[80.3917,27.4734],[80.4194,27.4186],[80.4479,27.4027],[80.5178,27.267],[80.6413,27.2652],[80.657,27.2271],[80.6988,27.2188],[80.728,27.2354],[80.8157,27.1659],[80.8273,27.1014],[80.8941,27.1277],[80.9293,27.159],[80.9272,27.1898],[80.9659,27.2211],[81.0773,27.228],[81.1177,27.2746],[81.1836,27.2462],[81.2441,27.2839],[81.2267,27.321],[81.2971,27.3371],[81.3208,27.2734],[81.377,27.2695],[81.392,27.325],[81.4123,27.3366],[81.4177,27.3602],[81.3511,27.4274],[81.3209,27.5018],[81.3196,27.6382],[81.3035,27.6812]]]},"properties":{"DISTRICT":"Sitapur","ST_NM":"Uttar Pradesh","ST_CEN_CD":9,"DT_CEN_CD":23,"censuscode":154}},
{"type":"Feature","geometry":{"type":"Polygon","coordinates":[[[78.5077,10.3749],[78.4576,10.4072],[78.3806,10.309],[78.4127,10.2125],[78.3962,10.1777],[78.4578,10.1003],[78.4517,10.0602],[78.4582,9.9678],[78.3944,9.9527],[78.3733,9.9326],[78.3195,9.923],[78.3135,9.8651],[78.2536,9.8723],[78.1555,9.8729],[78.1274,9.8431],[78.1434,9.8059],[78.1458,9.7835],[78.1402,9.7608],[78.1386,9.7617],[78.1531,9.7523],[78.1725,9.7478],[78.21,9.7798],[78.3088,9.7145],[78.4186,9.5959],[78.4508,9.6188],[78.5167,9.5821],[78.5419,9.5847],[78.6173,9.5359],[78.6538,9.5433],[78.708,9.5981],[78.7544,9.5773],[78.8202,9.5933],[78.7855,9.6508],[78.7998,9.6914],[78.7765,9.7187],[78.7246,9.7093],[78.7618,9.7717],[78.8226,9.7735],[78.8844,9.7539],[78.8732,9.8612],[78.9167,9.9164],[78.9571,9.9211],[78.9905,9.9453],[78.975,9.9902],[78.9301,10.0217],[78.935,10.0716],[78.9624,10.0946],[78.9093,10.1292],[78.8467,10.1249],[78.817,10.1691],[78.8107,10.2114],[78.7677,10.1931],[78.7679,10.1642],[78.7082,10.1736],[78.672,10.1542],[78.6723,10.2046],[78.6469,10.2579],[78.5809,10.2846],[78.5727,10.2561],[78.5368,10.2532],[78.5077,10.1872],[78.4726,10.2033],[78.5148,10.2652],[78.5224,10.3259],[78.5077,10.3749]]]},"properties":{"DISTRICT":"Sivaganga","ST_NM":"Tamil Nadu","ST_CEN_CD":33,"DT_CEN_CD":21,"censuscode":622}},
{"type":"Feature","geometry":{"type":"Polygon","coordinates":[[[84.7634,26.2109],[84.6848,26.2665],[84.5912,26.3232],[84.5315,26.3372],[84.4876,26.3347],[84.4363,26.3741],[84.3655,26.3677],[84.3648,26.3054],[84.3228,26.3297],[84.2794,26.306],[84.2449,26.3156],[84.1804,26.3716],[84.1907,26.3147],[84.1663,26.2586],[84.0825,26.2225],[84.0426,26.2297],[84.011,26.1877],[84.0367,26.1606],[84.0579,26.0974],[84.0998,26.0943],[84.1454,26.0448],[84.2105,25.9985],[84.3002,25.9463],[84.36,25.9574],[84.4168,25.9295],[84.4592,25.8884],[84.4623,25.9482],[84.4405,25.9607],[84.4162,26.0324],[84.4727,26.0275],[84.5729,26.0332],[84.616,26.0831],[84.708,26.0825],[84.7193,26.1206],[84.7591,26.1412],[84.7809,26.1762],[84.7634,26.2109]]]},"properties":{"DISTRICT":"Siwan","ST_NM":"Bihar","ST_CEN_CD":10,"DT_CEN_CD":16,"censuscode":218}},
{"type":"Feature","geometry":{"type":"Polygon","coordinates":[[[77.0031,31.2978],[76.9435,31.3344],[76.9209,31.367],[76.8758,31.3544],[76.8761,31.3313],[76.928,31.3022],[76.8993,31.2681],[76.8378,31.232],[76.7791,31.2205],[76.7326,31.2402],[76.6494,31.2098],[76.6043,31.1797],[76.6031,31.1245],[76.6395,31.107],[76.6126,31.0503],[76.6236,31.0009],[76.739,30.939],[76.7396,30.9358],[76.7834,30.9028],[76.8238,30.9267],[76.8362,30.8844],[76.8659,30.8669],[76.9157,30.8934],[76.941,30.8335],[76.9672,30.8073],[77.0115,30.8103],[77.0181,30.7484],[77.0844,30.7949],[77.0882,30.8286],[77.1192,30.8535],[77.1664,30.8449],[77.2146,30.8763],[77.2462,30.9188],[77.2347,30.9603],[77.2027,30.9698],[77.1864,31.0091],[77.1808,31.0094],[77.1794,31.0082],[77.1774,31.0076],[77.1712,31.0048],[77.1489,31.0085],[77.1448,31.0209],[77.0871,31.043],[77.0783,31.0851],[77.026,31.0873],[77.0112,31.1185],[77.0339,31.1589],[77.0057,31.1811],[77.0035,31.1952],[77.0052,31.2031],[77.02,31.2185],[77.0048,31.2371],[77.0151,31.2716],[77.0031,31.2978]]]},"properties":{"DISTRICT":"Solan","ST_NM":"Himachal Pradesh","ST_CEN_CD":2,"DT_CEN_CD":9,"censuscode":31}},
{"type":"Feature","geometry":{"type":"Polygon","coordinates":[[[75.3144,18.5185],[75.2613,18.5088],[75.24,18.5435],[75.1594,18.5199],[75.1349,18.5262],[75.1056,18.4892],[75.0927,18.4338],[75.059,18.42],[75.0162,18.4366],[75.0065,18.4055],[74.9158,18.3771],[74.9074,18.3562],[74.8339,18.3392],[74.8423,18.2957],[74.7966,18.2793],[74.8332,18.2463],[74.9511,18.2634],[74.9861,18.2414],[75.022,18.1875],[75.082,18.2179],[75.1096,18.2143],[75.0938,18.1222],[75.1581,18.121],[75.1303,18.0754],[75.0907,18.0637],[75.025,17.981],[75.135,17.9696],[75.1148,17.9366],[75.0723,17.9143],[75.0177,17.9074],[74.9435,17.9247],[74.9171,17.9448],[74.8674,17.951],[74.8638,17.9913],[74.71,18.0293],[74.6647,18.0006],[74.6681,17.9753],[74.6257,17.8306],[74.6788,17.85],[74.6853,17.81],[74.7139,17.7832],[74.7563,17.7799],[74.8195,17.747],[74.8888,17.675],[74.9055,17.6265],[74.9256,17.575],[74.9888,17.5416],[74.941,17.5126],[74.9846,17.4657],[75.0276,17.4937],[75.0409,17.4738],[75.0343,17.4198],[75.0065,17.4105],[75.0072,17.3679],[74.9714,17.3444],[74.9619,17.2934],[74.9139,17.2752],[74.8666,17.1952],[74.9071,17.1739],[74.9265,17.1454],[74.9655,17.1939],[75.0173,17.225],[75.0796,17.2218],[75.0992,17.2432],[75.1753,17.239],[75.1918,17.2665],[75.248,17.255],[75.225,17.1832],[75.2693,17.1832],[75.2889,17.2152],[75.3618,17.2355],[75.3674,17.1909],[75.4033,17.2111],[75.4222,17.2648],[75.5152,17.2393],[75.564,17.288],[75.6044,17.3047],[75.6115,17.3437],[75.5768,17.3843],[75.6142,17.3932],[75.6341,17.4788],[75.6795,17.4553],[75.6899,17.414],[75.7359,17.4233],[75.8104,17.3714],[75.8211,17.4211],[75.8937,17.4074],[75.893,17.3552],[75.9307,17.3257],[76.0631,17.3536],[76.0734,17.334],[76.1213,17.368],[76.1634,17.3427],[76.2294,17.365],[76.2708,17.3584],[76.2765,17.3324],[76.3826,17.3138],[76.409,17.3712],[76.3628,17.377],[76.374,17.4362],[76.3508,17.4739],[76.3323,17.5965],[76.4166,17.6059],[76.4296,17.646],[76.3813,17.6596],[76.3793,17.6856],[76.3192,17.6971],[76.2992,17.7291],[76.2714,17.7275],[76.2396,17.6979],[76.1899,17.6824],[76.1496,17.699],[76.1455,17.7543],[76.0964,17.7787],[76.0031,17.7536],[76.0185,17.8291],[75.9397,17.8517],[75.9195,17.8323],[75.8763,17.846],[75.8454,17.8919],[75.8395,17.9785],[75.8575,18.0097],[75.9073,18.004],[75.9129,17.9783],[75.9966,17.9925],[76.0162,18.0395],[75.9617,18.0897],[75.9418,18.1254],[75.9605,18.1609],[75.9273,18.2607],[75.9244,18.3023],[75.8837,18.366],[75.7988,18.3841],[75.7638,18.44],[75.7285,18.434],[75.7113,18.393],[75.7319,18.3605],[75.6897,18.3242],[75.6555,18.3329],[75.6189,18.2743],[75.6301,18.2452],[75.5748,18.2401],[75.5537,18.197],[75.5509,18.1449],[75.4675,18.1619],[75.4287,18.1807],[75.429,18.264],[75.3603,18.37],[75.2855,18.4117],[75.3016,18.4293],[75.3011,18.5032],[75.3144,18.5185]]]},"properties":{"DISTRICT":"Solapur","ST_NM":"Maharashtra","ST_CEN_CD":27,"DT_CEN_CD":30,"censuscode":526}},
{"type":"Feature","geometry":{"type":"Polygon","coordinates":[[[83.8959,21.1781],[83.8518,21.1062],[83.7997,21.116],[83.7822,21.1545],[83.7181,21.1211],[83.6138,21.129],[83.5997,21.1106],[83.4932,21.0419],[83.4593,21.0549],[83.4507,21.0191],[83.5094,20.9829],[83.5753,20.9751],[83.6258,20.9855],[83.6209,20.9037],[83.5798,20.8735],[83.5756,20.8473],[83.5995,20.8011],[83.6362,20.7969],[83.6778,20.7422],[83.6403,20.68],[83.6225,20.6306],[83.5959,20.6036],[83.6064,20.5299],[83.6891,20.5606],[83.7315,20.6062],[83.7187,20.6402],[83.7594,20.7155],[83.7634,20.775],[83.7882,20.8025],[83.8519,20.8233],[83.9048,20.819],[83.9348,20.8388],[83.9913,20.8421],[84.0385,20.8272],[84.1129,20.8456],[84.2179,20.9017],[84.2676,20.8893],[84.2829,20.9271],[84.2417,20.9261],[84.1947,20.9766],[84.161,20.9757],[84.148,21.0356],[84.0707,21.0509],[84.0483,21.0441],[83.9909,21.0792],[83.986,21.1347],[83.8959,21.1781]]]},"properties":{"DISTRICT":"Subarnapur","ST_NM":"Odisha","ST_CEN_CD":21,"DT_CEN_CD":23,"censuscode":392}},
{"type":"Feature","geometry":{"type":"Polygon","coordinates":[[[83.1078,24.8165],[83.0575,24.7991],[83.015,24.8225],[83.0128,24.9002],[82.955,24.8376],[82.8397,24.8426],[82.8253,24.8544],[82.7255,24.8183],[82.6592,24.7847],[82.6273,24.7882],[82.5829,24.8303],[82.5475,24.8078],[82.5561,24.7411],[82.55,24.6946],[82.5266,24.6762],[82.5374,24.6498],[82.6737,24.6978],[82.7041,24.6737],[82.6998,24.6466],[82.7739,24.6397],[82.8045,24.5979],[82.8088,24.5509],[82.7541,24.5397],[82.7242,24.5553],[82.7337,24.4246],[82.7151,24.3835],[82.7685,24.3714],[82.772,24.2909],[82.7578,24.2347],[82.7349,24.2218],[82.744,24.167],[82.7282,24.1376],[82.6653,24.1334],[82.7162,24.0795],[82.7627,24.072],[82.7537,24.0119],[82.8093,23.9999],[82.8155,23.962],[82.8566,23.9458],[82.8889,23.9093],[82.9613,23.8719],[83.0441,23.8823],[83.0687,23.8745],[83.1351,23.8893],[83.1973,23.9204],[83.2237,23.9886],[83.2856,24.0237],[83.302,24.0776],[83.3313,24.1005],[83.3567,24.1256],[83.3861,24.1999],[83.3847,24.23],[83.4097,24.2651],[83.3834,24.3124],[83.4421,24.3465],[83.4377,24.4027],[83.4068,24.411],[83.3893,24.4545],[83.4009,24.5],[83.5061,24.5259],[83.5251,24.548],[83.5259,24.5537],[83.5425,24.6144],[83.5055,24.6503],[83.5212,24.6776],[83.475,24.7331],[83.4705,24.7337],[83.3949,24.7827],[83.3305,24.7692],[83.2888,24.7292],[83.2287,24.7312],[83.187,24.7146],[83.1326,24.7586],[83.1026,24.768],[83.1078,24.8165]]]},"properties":{"DISTRICT":"Sonbhadra","ST_NM":"Uttar Pradesh","ST_CEN_CD":9,"DT_CEN_CD":69,"censuscode":200}},
{"type":"Feature","geometry":{"type":"Polygon","coordinates":[[[76.4791,29.0963],[76.5124,29.0805],[76.5401,29.1043],[76.5669,29.0667],[76.6393,29.0559],[76.6787,29.0627],[76.7325,29.0094],[76.7297,28.9678],[76.7577,28.9636],[76.7837,28.9273],[76.8272,28.9035],[76.8122,28.8646],[76.9029,28.8621],[76.9189,28.8226],[76.9524,28.8156],[76.9897,28.8316],[77.0417,28.8316],[77.06,28.868],[77.1972,28.8615],[77.2273,28.895],[77.2015,28.9564],[77.2248,29.0007],[77.1732,29.0434],[77.1351,29.0963],[77.1432,29.1667],[77.1028,29.1635],[77.0119,29.1915],[77.0139,29.2169],[76.9159,29.2192],[76.8674,29.2041],[76.8011,29.2265],[76.7767,29.2774],[76.7112,29.251],[76.682,29.2703],[76.6115,29.2901],[76.5617,29.283],[76.5665,29.2303],[76.4871,29.2411],[76.5021,29.1819],[76.4791,29.0963]]]},"properties":{"DISTRICT":"Sonipat","ST_NM":"Haryana","ST_CEN_CD":6,"DT_CEN_CD":8,"censuscode":76}},
{"type":"Feature","geometry":{"type":"Polygon","coordinates":[[[92.3635,26.5856],[92.3638,26.5856],[92.3465,26.5021],[92.4249,26.5167],[92.4671,26.4975],[92.529,26.5092],[92.581,26.5],[92.7054,26.5257],[92.7556,26.5117],[92.7737,26.5562],[92.8522,26.5852],[92.9243,26.5981],[92.9443,26.6171],[93.0091,26.5982],[93.0744,26.5945],[93.1244,26.5774],[93.2182,26.6255],[93.2469,26.6837],[93.3093,26.6981],[93.3493,26.7315],[93.4052,26.7529],[93.4336,26.7445],[93.5111,26.7603],[93.5675,26.7238],[93.6515,26.7049],[93.667,26.714],[93.6508,26.7776],[93.7127,26.8175],[93.7551,26.8052],[93.7737,26.8437],[93.781,26.8845],[93.7505,26.8942],[93.7449,26.9583],[93.7001,26.9917],[93.6776,26.968],[93.5861,26.9497],[93.4701,26.9361],[93.3929,26.9574],[93.2691,26.9535],[93.1866,26.9364],[93.0218,26.9146],[92.9204,26.9622],[92.8752,27.0058],[92.772,27.0312],[92.7166,27.0243],[92.662,27.0368],[92.6421,27.0169],[92.6484,26.9857],[92.5882,26.9602],[92.5081,26.9652],[92.4493,26.9591],[92.4029,26.9248],[92.3676,26.9312],[92.3448,26.8852],[92.3347,26.8307],[92.3394,26.7778],[92.3677,26.706],[92.4076,26.6474],[92.3635,26.5856]]]},"properties":{"DISTRICT":"Sonitpur","ST_NM":"Assam","ST_CEN_CD":18,"DT_CEN_CD":7,"censuscode":306}},
{"type":"Feature","geometry":{"type":"Polygon","coordinates":[[[77.2645,28.6075],[77.213,28.5769],[77.1786,28.5175],[77.1151,28.4828],[77.1279,28.4371],[77.1754,28.4031],[77.2503,28.4234],[77.2374,28.4643],[77.2879,28.4927],[77.3477,28.5035],[77.3051,28.5557],[77.3048,28.5768],[77.2645,28.6075]]]},"properties":{"DISTRICT":"South","ST_NM":"NCT of Delhi","ST_CEN_CD":7,"DT_CEN_CD":9,"censuscode":98}},
{"type":"Feature","geometry":{"type":"Polygon","coordinates":[[[88.4886,27.3781],[88.4221,27.4183],[88.4082,27.4754],[88.3583,27.521],[88.2842,27.5126],[88.2709,27.4978],[88.2774,27.4116],[88.3506,27.4139],[88.3609,27.378],[88.3029,27.3339],[88.3103,27.2258],[88.3369,27.1942],[88.3034,27.1734],[88.2855,27.1305],[88.3711,27.0981],[88.4391,27.0813],[88.5392,27.1541],[88.528,27.1779],[88.4936,27.202],[88.4971,27.2302],[88.4495,27.2609],[88.457,27.3151],[88.4853,27.3285],[88.4886,27.3781]]]},"properties":{"DISTRICT":"South","ST_NM":"Sikkim","ST_CEN_CD":11,"DT_CEN_CD":3,"censuscode":243}},
{"type":"Feature","geometry":{"type":"MultiPolygon","coordinates":[[[[88.8215,22.3621],[88.789,22.3701],[88.668,22.4908],[88.6286,22.5586],[88.5598,22.6256],[88.5425,22.5759],[88.4889,22.5578],[88.4759,22.5753],[88.4108,22.56],[88.3679,22.4988],[88.2916,22.5177],[88.2743,22.5553],[88.1665,22.4797],[88.1195,22.4638],[88.1424,22.4081],[88.0989,22.3755],[88.0983,22.3023],[88.0728,22.21],[88.1167,22.2092],[88.1881,22.1867],[88.2106,22.1494],[88.2242,22.0897],[88.2139,22.0347],[88.1538,21.9596],[88.1764,21.9197],[88.1636,21.8786],[88.2009,21.8195],[88.2172,21.7644],[88.2824,21.755],[88.2584,21.8008],[88.2598,21.8095],[88.2687,21.8176],[88.306,21.8307],[88.3112,21.8554],[88.3257,21.8622],[88.3391,21.861],[88.3549,21.8557],[88.3858,21.8394],[88.3972,21.8858],[88.4162,21.9013],[88.4242,21.9077],[88.4321,21.9027],[88.4417,21.9114],[88.4619,21.918],[88.4581,21.8978],[88.4736,21.8953],[88.5281,21.8531],[88.548,21.8822],[88.545,21.906],[88.5781,21.8897],[88.6022,21.9067],[88.6147,21.9375],[88.5983,21.9683],[88.6355,22.0426],[88.6194,22.1053],[88.6383,22.1553],[88.6726,22.2051],[88.6993,22.2101],[88.7336,22.1956],[88.7436,22.2292],[88.7718,22.251],[88.79,22.2594],[88.8071,22.283],[88.8077,22.2847],[88.82,22.3597],[88.8215,22.3621]]],[[[88.1369,21.875],[88.122,21.8657],[88.0442,21.7177],[88.0417,21.6492],[88.1156,21.6258],[88.155,21.6528],[88.1536,21.6925],[88.1709,21.7451],[88.1572,21.8303],[88.1369,21.875]]],[[[88.7047,22.2067],[88.6529,22.1634],[88.6342,22.1062],[88.6522,22.0814],[88.6634,22.0244],[88.7204,22.0056],[88.7294,22.0383],[88.6884,22.0598],[88.689,22.0899],[88.7892,22.1694],[88.765,22.1922],[88.7319,22.194],[88.7047,22.2067]]],[[[88.2274,21.762],[88.212,21.72],[88.233,21.669],[88.2347,21.6354],[88.2172,21.6197],[88.2483,21.5639],[88.2917,21.5631],[88.2933,21.6367],[88.3117,21.6719],[88.2722,21.7283],[88.2724,21.7521],[88.2274,21.762]]],[[[88.3368,21.8603],[88.3237,21.8604],[88.3117,21.8539],[88.3077,21.8303],[88.2846,21.8227],[88.2659,21.8138],[88.2603,21.8072],[88.2642,21.7939],[88.2821,21.7913],[88.3036,21.7608],[88.3398,21.751],[88.3614,21.796],[88.3511,21.8552],[88.3368,21.8603]]],[[[88.445,21.905],[88.4358,21.9017],[88.4198,21.9031],[88.4171,21.8873],[88.4003,21.8731],[88.3925,21.8326],[88.4427,21.8022],[88.4907,21.8503],[88.4838,21.8853],[88.4606,21.8936],[88.445,21.905]]],[[[88.5446,21.8103],[88.5047,21.7725],[88.5248,21.7185],[88.5625,21.7603],[88.5694,21.7939],[88.5446,21.8103]]],[[[88.6786,22.0165],[88.6349,21.996],[88.6324,21.9526],[88.6782,21.9429],[88.7158,22.0006],[88.6786,22.0165]]],[[[88.4143,21.7286],[88.3797,21.6808],[88.3873,21.6133],[88.4319,21.6283],[88.4111,21.66],[88.4143,21.7286]]],[[[88.5504,21.7359],[88.5173,21.712],[88.541,21.6397],[88.5678,21.6653],[88.5661,21.6928],[88.5862,21.6989],[88.5504,21.7359]]],[[[88.5372,21.6386],[88.5103,21.6014],[88.5366,21.5884],[88.55,21.5636],[88.5865,21.5884],[88.5839,21.6108],[88.5372,21.6386]]],[[[88.6217,21.8978],[88.5947,21.8561],[88.6386,21.7847],[88.6528,21.8687],[88.6217,21.8978]]],[[[88.3059,21.7075],[88.3166,21.6654],[88.3058,21.6291],[88.3372,21.6211],[88.3511,21.6781],[88.3059,21.7075]]],[[[88.4581,21.7888],[88.4231,21.7662],[88.4331,21.7045],[88.4672,21.7372],[88.4581,21.7888]]],[[[88.455,21.7086],[88.4196,21.6898],[88.4206,21.6514],[88.4511,21.6206],[88.4706,21.6743],[88.455,21.7086]]],[[[88.205,21.7197],[88.1815,21.6892],[88.205,21.6097],[88.2317,21.6411],[88.2248,21.6708],[88.1995,21.6754],[88.205,21.7197]]],[[[88.4241,21.811],[88.3828,21.7796],[88.401,21.7533],[88.4399,21.7892],[88.4241,21.811]]],[[[88.5623,21.8975],[88.5306,21.8492],[88.5631,21.8309],[88.5762,21.8843],[88.5623,21.8975]]],[[[88.5025,21.5944],[88.4814,21.5554],[88.5308,21.5422],[88.5297,21.5831],[88.5025,21.5944]]],[[[88.577,21.6914],[88.5575,21.635],[88.5992,21.6411],[88.577,21.6914]]],[[[88.0671,21.92],[88.0875,21.9328],[88.1253,21.9952],[88.0817,21.9652],[88.0671,21.92]]]]},"properties":{"DISTRICT":"South 24 Parganas","ST_NM":"West Bengal","ST_CEN_CD":19,"DT_CEN_CD":17,"censuscode":343}},
{"type":"Feature","geometry":{"type":"Polygon","coordinates":[[[90.9726,25.172],[90.9527,25.2142],[90.9617,25.246],[90.9035,25.2962],[90.8601,25.293],[90.8445,25.351],[90.7677,25.3675],[90.7603,25.4315],[90.7954,25.4902],[90.7694,25.5539],[90.7047,25.5068],[90.6619,25.4518],[90.6474,25.4156],[90.5217,25.4329],[90.4789,25.4534],[90.3683,25.4542],[90.3229,25.4654],[90.3064,25.4179],[90.3115,25.3648],[90.2643,25.3207],[90.2365,25.2032],[90.3346,25.1912],[90.3802,25.1612],[90.4474,25.1432],[90.5133,25.1679],[90.6392,25.1726],[90.6964,25.1592],[90.7634,25.1646],[90.7931,25.1818],[90.8224,25.163],[90.8723,25.1591],[90.9726,25.172]]]},"properties":{"DISTRICT":"South Garo Hills","ST_NM":"Meghalaya","ST_CEN_CD":17,"DT_CEN_CD":3,"censuscode":295}},
{"type":"Feature","geometry":{"type":"Polygon","coordinates":[[[74.088,14.896],[74.1424,14.9211],[74.1799,14.956],[74.2353,14.9491],[74.2554,14.9934],[74.2962,15.0425],[74.2748,15.1044],[74.2833,15.1457],[74.3159,15.1866],[74.2959,15.2306],[74.2571,15.2443],[74.2703,15.2769],[74.3356,15.2954],[74.3172,15.332],[74.3222,15.3697],[74.2836,15.3836],[74.2761,15.4455],[74.2498,15.4918],[74.1861,15.445],[74.1267,15.4376],[74.0726,15.4113],[74.1035,15.3682],[74.0707,15.2926],[74.0111,15.3084],[74.0053,15.3473],[73.9235,15.4044],[73.8429,15.4106],[73.804,15.3934],[73.8431,15.3602],[73.8701,15.3695],[73.8916,15.3382],[73.9397,15.1771],[73.9398,15.1198],[73.9142,15.0896],[73.9625,15.0694],[73.984,15.0258],[74.0457,14.9871],[74.0423,14.9151],[74.088,14.896]]]},"properties":{"DISTRICT":"South Goa","ST_NM":"Goa","ST_CEN_CD":30,"DT_CEN_CD":2,"censuscode":586}},
{"type":"Feature","geometry":{"type":"Polygon","coordinates":[[[91.7788,23.6907],[91.7417,23.717],[91.713,23.7619],[91.6888,23.7533],[91.5975,23.7587],[91.4624,23.6548],[91.3986,23.5742],[91.3818,23.5183],[91.3838,23.4015],[91.4194,23.3853],[91.3897,23.3518],[91.3714,23.2984],[91.3152,23.2733],[91.3267,23.2384],[91.3279,23.1644],[91.3564,23.0955],[91.3931,23.0622],[91.4087,23.0937],[91.3845,23.1952],[91.4167,23.2612],[91.4571,23.2583],[91.5178,23.1442],[91.5499,23.0332],[91.5459,22.9977],[91.6215,22.9442],[91.6386,22.9687],[91.7158,22.9876],[91.774,23.041],[91.7876,23.0739],[91.8213,23.0993],[91.7916,23.2313],[91.7785,23.2512],[91.7885,23.3065],[91.8667,23.4076],[91.8619,23.4362],[91.8047,23.5243],[91.7777,23.6553],[91.7788,23.6907]]]},"properties":{"DISTRICT":"South Tripura","ST_NM":"Tripura","ST_CEN_CD":16,"DT_CEN_CD":2,"censuscode":290}},
{"type":"Feature","geometry":{"type":"Polygon","coordinates":[[[77.1825,28.6482],[77.113,28.6136],[77.0382,28.6128],[76.9521,28.6699],[76.9201,28.6327],[76.8877,28.6325],[76.8425,28.5774],[76.8472,28.5519],[76.8889,28.5039],[76.9542,28.5084],[77.0253,28.5281],[77.0822,28.515],[77.1151,28.4828],[77.1786,28.5175],[77.213,28.5769],[77.1723,28.5995],[77.1867,28.6256],[77.1825,28.6482]]]},"properties":{"DISTRICT":"South West","ST_NM":"NCT of Delhi","ST_CEN_CD":7,"DT_CEN_CD":8,"censuscode":97}},
{"type":"Feature","geometry":{"type":"Polygon","coordinates":[[[84.7686,19.08],[84.7046,19.1177],[84.7135,19.1524],[84.6721,19.1655],[84.6683,19.1307],[84.6165,19.1262],[84.627,19.0854],[84.6042,19.0287],[84.5608,19.0563],[84.5172,19.0463],[84.4789,18.9902],[84.4352,18.9916],[84.4229,18.947],[84.4367,18.9227],[84.3935,18.8921],[84.3397,18.8012],[84.2914,18.8],[84.2535,18.7826],[84.2242,18.7964],[84.1669,18.7841],[84.0993,18.7543],[84.0556,18.7925],[83.8779,18.8272],[83.8514,18.86],[83.8426,18.9178],[83.796,19.0161],[83.7488,18.9921],[83.7782,18.91],[83.7977,18.8806],[83.8063,18.8721],[83.8196,18.862],[83.8227,18.8541],[83.8238,18.8329],[83.8208,18.8294],[83.8091,18.8266],[83.7997,18.8259],[83.7704,18.8244],[83.7658,18.8203],[83.7613,18.8145],[83.757,18.8018],[83.7558,18.7896],[83.7517,18.7778],[83.7482,18.7748],[83.6722,18.8046],[83.6526,18.7841],[83.6473,18.7798],[83.6405,18.7755],[83.5851,18.7548],[83.5259,18.6996],[83.5453,18.6706],[83.5415,18.6201],[83.5196,18.5593],[83.6063,18.5621],[83.61,18.5503],[83.6079,18.5298],[83.6095,18.5198],[83.5631,18.5053],[83.5903,18.471],[83.571,18.4528],[83.5729,18.4314],[83.4353,18.4383],[83.4142,18.4154],[83.4409,18.3127],[83.5253,18.2798],[83.6037,18.1676],[83.6192,18.1269],[83.67,18.0834],[83.7767,18.139],[83.8694,18.1709],[83.8976,18.1971],[84.0579,18.2634],[84.1184,18.301],[84.1349,18.3499],[84.2215,18.4418],[84.2826,18.495],[84.31,18.5544],[84.3625,18.5765],[84.4933,18.7339],[84.5551,18.7863],[84.5812,18.867],[84.6921,18.9695],[84.7686,19.08]]]},"properties":{"DISTRICT":"Srikakulam","ST_NM":"Andhra Pradesh","ST_CEN_CD":28,"DT_CEN_CD":11,"censuscode":542}},
{"type":"Feature","geometry":{"type":"Polygon","coordinates":[[[74.7139,34.3467],[74.6657,34.3087],[74.7202,34.1484],[74.8135,34.0768],[74.8232,34.049],[74.8915,34.049],[74.9294,33.9789],[74.9942,34.0173],[75.0462,34.0637],[75.1489,34.0842],[75.1696,34.1135],[75.1626,34.1677],[75.1937,34.1901],[75.1545,34.2152],[75.0248,34.2605],[74.914,34.2844],[74.7529,34.3395],[74.7139,34.3467]]]},"properties":{"DISTRICT":"Srinagar","ST_NM":"Jammu & Kashmir","ST_CEN_CD":1,"DT_CEN_CD":10,"censuscode":10}},
{"type":"Feature","geometry":{"type":"Polygon","coordinates":[[[82.221,26.4074],[82.1639,26.4232],[82.1096,26.4706],[82.0832,26.4698],[81.9369,26.5062],[81.863,26.5328],[81.7017,26.5402],[81.7047,26.5869],[81.6545,26.582],[81.619,26.626],[81.5816,26.6518],[81.5606,26.6418],[81.5636,26.6283],[81.5752,26.6094],[81.5421,26.521],[81.5713,26.4487],[81.5469,26.4241],[81.566,26.3842],[81.5554,26.3086],[81.5843,26.2761],[81.5945,26.221],[81.6194,26.1783],[81.6849,26.1171],[81.7704,26.0679],[81.7869,26.0263],[81.8615,26.046],[81.885,26.0803],[81.9329,26.0517],[81.965,26.0785],[82.0668,26.0518],[82.1062,26.0747],[82.1868,26.0412],[82.2034,26.0151],[82.2479,26.0569],[82.3202,26.0403],[82.357,26.0073],[82.378,26.031],[82.4323,26.0088],[82.4848,26.0009],[82.5054,26.0398],[82.4667,26.0443],[82.4671,26.0742],[82.4371,26.1027],[82.4778,26.1305],[82.5666,26.1415],[82.6009,26.1961],[82.6274,26.1714],[82.6823,26.1512],[82.6897,26.2118],[82.6804,26.2554],[82.6383,26.2456],[82.5816,26.2569],[82.5528,26.2839],[82.4701,26.2832],[82.4027,26.3266],[82.3872,26.3754],[82.2803,26.3888],[82.221,26.4074]]]},"properties":{"DISTRICT":"Sultanpur","ST_NM":"Uttar Pradesh","ST_CEN_CD":9,"DT_CEN_CD":48,"censuscode":179}},
{"type":"Feature","geometry":{"type":"Polygon","coordinates":[[[84.0095,22.5229],[83.9831,22.5042],[84.0486,22.4662],[84.047,22.4351],[84.0082,22.3719],[83.9226,22.3618],[83.8681,22.3459],[83.8047,22.2918],[83.7527,22.2434],[83.7001,22.2477],[83.6529,22.2268],[83.6131,22.1599],[83.5644,22.1023],[83.6074,22.0679],[83.5455,22.0577],[83.5557,22.0091],[83.5423,21.966],[83.6076,21.9135],[83.5786,21.8746],[83.5806,21.8324],[83.6296,21.8483],[83.6432,21.8166],[83.7219,21.7864],[83.7609,21.8361],[83.8166,21.8831],[83.8807,21.9239],[83.8968,21.9463],[83.9613,21.9413],[83.981,21.9063],[84.0293,21.9528],[84.0787,21.9372],[84.0936,21.999],[84.1162,22.0091],[84.1718,21.999],[84.2074,21.9775],[84.2469,21.9827],[84.2696,22.0141],[84.2666,22.0764],[84.2789,22.1078],[84.4211,22.1723],[84.4781,22.1886],[84.5137,22.0532],[84.504,21.978],[84.529,21.9736],[84.5226,21.9229],[84.5388,21.8605],[84.5287,21.8132],[84.5936,21.7577],[84.6548,21.7666],[84.6799,21.7345],[84.7206,21.7149],[84.7491,21.6814],[84.7556,21.6281],[84.7826,21.625],[84.7932,21.6684],[84.8659,21.6523],[84.96,21.6828],[85.0277,21.6715],[85.0368,21.6066],[85.1505,21.594],[85.1915,21.624],[85.1942,21.6631],[85.1899,21.7174],[85.2046,21.768],[85.2821,21.8337],[85.3175,21.8187],[85.3488,21.8339],[85.3773,21.9097],[85.3475,21.9506],[85.2727,21.9618],[85.2372,22.004],[85.217,22.0468],[85.1054,22.0996],[85.0302,22.1154],[85.0318,22.1574],[85.0759,22.2339],[85.0769,22.2754],[85.1117,22.2943],[85.0805,22.3517],[85.0895,22.3815],[85.0635,22.4476],[85.0689,22.4813],[84.959,22.4556],[84.8868,22.4204],[84.8079,22.4464],[84.7593,22.4447],[84.7505,22.4175],[84.6683,22.4166],[84.6388,22.4313],[84.5086,22.4179],[84.4326,22.3546],[84.2961,22.3398],[84.2534,22.3761],[84.201,22.3742],[84.1428,22.4229],[84.1444,22.4693],[84.1131,22.476],[84.0646,22.5122],[84.0095,22.5229]]]},"properties":{"DISTRICT":"Sundargarh","ST_NM":"Odisha","ST_CEN_CD":21,"DT_CEN_CD":5,"censuscode":374}},
{"type":"Feature","geometry":{"type":"Polygon","coordinates":[[[87.0931,26.0552],[87.1016,26.0948],[87.0657,26.1037],[87.1022,26.1438],[87.1112,26.1796],[87.0666,26.2456],[87.0691,26.2959],[87.0462,26.3358],[87.0758,26.4072],[87.0477,26.4977],[87.0614,26.538],[87.0378,26.5613],[87.016,26.5337],[86.9331,26.5118],[86.8964,26.4867],[86.8968,26.4616],[86.8233,26.4404],[86.7728,26.4583],[86.7249,26.4312],[86.6942,26.3727],[86.6516,26.3704],[86.5727,26.3344],[86.5141,26.2836],[86.5049,26.2245],[86.4061,26.2021],[86.4132,26.1656],[86.4681,26.1531],[86.4289,26.0754],[86.4627,26.0587],[86.5167,25.9984],[86.5523,26.0349],[86.635,26.0285],[86.6797,26.0259],[86.7328,26.1192],[86.7825,26.0938],[86.8273,26.1109],[86.8623,26.0934],[86.9353,26.0868],[86.9972,26.0664],[87.0125,26.077],[87.0931,26.0552]]]},"properties":{"DISTRICT":"Supaul","ST_NM":"Bihar","ST_CEN_CD":10,"DT_CEN_CD":6,"censuscode":208}},
{"type":"Feature","geometry":{"type":"Polygon","coordinates":[[[73.4512,21.5226],[73.2552,21.493],[73.2142,21.502],[73.1451,21.4958],[73.121,21.4819],[73.0394,21.5242],[72.9426,21.5106],[72.9099,21.4297],[72.8543,21.4499],[72.8138,21.4197],[72.7866,21.4234],[72.7388,21.47],[72.6868,21.4468],[72.6854,21.4446],[72.6853,21.4443],[72.6851,21.4441],[72.6851,21.444],[72.6849,21.4436],[72.6254,21.3815],[72.6246,21.3507],[72.5932,21.3121],[72.5888,21.2787],[72.6188,21.2229],[72.6263,21.0899],[72.659,21.0879],[72.6651,21.1535],[72.716,21.1407],[72.6977,21.0614],[72.7578,21.0612],[72.8003,21.0748],[72.8624,21.0399],[72.8916,21.059],[72.9264,21.0429],[72.9507,21.0644],[73.0181,21.0585],[73.0131,21.0177],[73.0429,21.0054],[73.094,20.9363],[73.1647,20.9007],[73.198,20.86],[73.2495,20.8484],[73.2576,20.8174],[73.3027,20.8168],[73.32,20.8789],[73.2905,20.9294],[73.2127,20.9548],[73.2411,20.9857],[73.2072,21.0125],[73.2031,21.074],[73.2502,21.0877],[73.2948,21.1931],[73.377,21.241],[73.3673,21.2643],[73.4487,21.2942],[73.4363,21.3179],[73.4558,21.3803],[73.51,21.3758],[73.5133,21.354],[73.6023,21.3642],[73.7004,21.3948],[73.6994,21.3955],[73.6765,21.4726],[73.5621,21.4719],[73.4795,21.493],[73.4512,21.5226]]]},"properties":{"DISTRICT":"Surat","ST_NM":"Gujarat","ST_CEN_CD":24,"DT_CEN_CD":25,"censuscode":492}},
{"type":"Feature","geometry":{"type":"Polygon","coordinates":[[[71.9997,23.5037],[71.9696,23.5315],[71.942,23.507],[71.8636,23.4751],[71.8352,23.4218],[71.7983,23.4003],[71.7603,23.418],[71.7678,23.4706],[71.6105,23.5037],[71.5326,23.4815],[71.583,23.4558],[71.5969,23.4315],[71.5881,23.3588],[71.6176,23.3622],[71.6448,23.3323],[71.6485,23.2911],[71.6181,23.2295],[71.6458,23.1836],[71.6249,23.145],[71.5938,23.1374],[71.5338,23.1659],[71.4687,23.1463],[71.3048,23.1717],[71.2145,23.1493],[71.1932,23.1908],[71.1591,23.1815],[71.1384,23.209],[71.0449,23.171],[71.0636,23.0949],[71.0001,23.1036],[70.9536,23.0107],[70.9959,22.9678],[70.9938,22.9321],[71.0181,22.8732],[70.9789,22.8468],[70.9877,22.7919],[71.0286,22.7998],[71.0426,22.7717],[71.1235,22.756],[71.162,22.6806],[71.1102,22.6394],[71.0756,22.5566],[71.1012,22.5126],[71.1347,22.5422],[71.1633,22.5009],[71.1311,22.4783],[71.1222,22.4354],[71.0766,22.4039],[71.0564,22.4355],[71.0114,22.4102],[71.0222,22.3294],[71.0616,22.3035],[71.0604,22.2774],[71.1049,22.2482],[71.1556,22.1663],[71.1884,22.1734],[71.2894,22.1636],[71.2828,22.2106],[71.2186,22.2208],[71.232,22.2767],[71.3067,22.2811],[71.3419,22.2593],[71.3877,22.2754],[71.3889,22.2226],[71.4334,22.261],[71.4394,22.289],[71.4956,22.3079],[71.5297,22.3432],[71.5952,22.3501],[71.6073,22.3382],[71.6199,22.3805],[71.7028,22.3962],[71.7341,22.3607],[71.7798,22.3854],[71.8507,22.3893],[71.923,22.4494],[71.908,22.4801],[71.9216,22.5212],[72.0311,22.5064],[72.0503,22.4444],[72.0844,22.4372],[72.1612,22.4795],[72.1428,22.5142],[72.1869,22.5417],[72.1688,22.5696],[72.0961,22.6052],[72.0631,22.5992],[72.0563,22.6936],[72.0898,22.6756],[72.1064,22.7205],[72.0716,22.7325],[72.0502,22.7829],[72.0162,22.7935],[71.9834,22.8555],[72.0028,22.9234],[71.9894,22.9493],[72.0202,22.9921],[72.0128,23.0593],[71.9522,23.0548],[71.9149,23.0793],[71.9008,23.1105],[71.91,23.1809],[71.9903,23.2157],[71.9864,23.2561],[71.8749,23.2786],[71.8955,23.3329],[71.8744,23.3835],[71.9592,23.3934],[71.9677,23.4595],[71.9997,23.5037]]]},"properties":{"DISTRICT":"Surendranagar","ST_NM":"Gujarat","ST_CEN_CD":24,"DT_CEN_CD":8,"censuscode":475}},
{"type":"Feature","geometry":{"type":"Polygon","coordinates":[[[83.3313,24.1005],[83.302,24.0776],[83.2856,24.0237],[83.2237,23.9886],[83.1973,23.9204],[83.1351,23.8893],[83.0687,23.8745],[83.0441,23.8823],[82.9613,23.8719],[82.8889,23.9093],[82.8566,23.9458],[82.8155,23.962],[82.7559,23.9212],[82.7097,23.9238],[82.6625,23.9051],[82.6679,23.8693],[82.6373,23.8379],[82.5937,23.8218],[82.556,23.8258],[82.5522,23.7931],[82.4995,23.7846],[82.5494,23.7532],[82.6035,23.6663],[82.5752,23.6176],[82.5817,23.542],[82.6419,23.4982],[82.6541,23.4613],[82.6528,23.3843],[82.7451,23.358],[82.7568,23.3379],[82.7577,23.2552],[82.6676,23.2046],[82.6396,23.1414],[82.5845,23.1296],[82.5716,23.0696],[82.6091,23.0082],[82.5788,22.9806],[82.5755,22.9426],[82.5801,22.8941],[82.5604,22.8441],[82.6583,22.8093],[82.7248,22.8288],[82.7779,22.7696],[82.8348,22.7433],[82.8683,22.7471],[82.9462,22.6743],[83.0189,22.6398],[83.0604,22.6665],[83.1144,22.6769],[83.122,22.7274],[83.1548,22.7383],[83.1655,22.7725],[83.2372,22.7857],[83.2537,22.7692],[83.385,22.743],[83.402,22.7258],[83.388,22.6578],[83.4377,22.672],[83.5353,22.681],[83.5608,22.6998],[83.6517,22.655],[83.6837,22.6818],[83.6388,22.7027],[83.6528,22.7392],[83.6485,22.8226],[83.5795,22.8728],[83.5097,22.956],[83.5512,23.0303],[83.511,23.0885],[83.5605,23.1329],[83.5546,23.1664],[83.604,23.1811],[83.6261,23.2166],[83.6715,23.2265],[83.7228,23.2073],[83.7503,23.2376],[83.7912,23.2453],[83.8318,23.2334],[83.8954,23.1827],[83.9489,23.163],[84.0208,23.1876],[84.041,23.1689],[84.0633,23.1974],[84.0576,23.2419],[84.0774,23.3308],[84.0506,23.3748],[84.0137,23.3536],[83.9741,23.3749],[83.9867,23.4273],[83.977,23.4483],[84.016,23.5001],[84.03,23.5447],[84.0143,23.6327],[84.0082,23.633],[83.9559,23.6247],[83.9465,23.623],[83.9426,23.5634],[83.7823,23.5997],[83.7595,23.6491],[83.7222,23.6826],[83.7396,23.7047],[83.7369,23.7547],[83.7031,23.8075],[83.6638,23.8434],[83.5887,23.8616],[83.5569,23.8925],[83.5201,23.9665],[83.5173,24.0248],[83.4553,24.0419],[83.4331,24.0831],[83.391,24.0991],[83.3313,24.1005]]]},"properties":{"DISTRICT":"Surguja","ST_NM":"Chhattisgarh","ST_CEN_CD":22,"DT_CEN_CD":2,"censuscode":401}},
{"type":"Feature","geometry":{"type":"Polygon","coordinates":[[[93.7003,24.6116],[93.6871,24.707],[93.6651,24.7928],[93.7165,24.8203],[93.7306,24.8718],[93.7057,24.9108],[93.726,24.9334],[93.7943,24.9623],[93.8041,25.0605],[93.7776,25.1499],[93.8304,25.2209],[93.9054,25.2712],[93.9555,25.2863],[93.8933,25.3507],[93.9222,25.3966],[93.8892,25.4227],[93.8333,25.4269],[93.8084,25.4611],[93.7805,25.4202],[93.6865,25.3269],[93.6073,25.1978],[93.5625,25.2425],[93.5037,25.2494],[93.4736,25.3054],[93.4032,25.2593],[93.3527,25.1781],[93.3353,25.0921],[93.2965,25.044],[93.2484,25.0152],[93.2524,24.9716],[93.2527,24.9152],[93.2137,24.8584],[93.2438,24.8534],[93.2237,24.7943],[93.1793,24.783],[93.145,24.7113],[93.2066,24.7025],[93.2238,24.6372],[93.211,24.5668],[93.191,24.5504],[93.1724,24.5278],[93.2353,24.5103],[93.2882,24.5656],[93.3483,24.5744],[93.4298,24.5543],[93.4655,24.5668],[93.4927,24.5504],[93.5714,24.5906],[93.6072,24.5704],[93.623,24.6005],[93.7003,24.6116]]]},"properties":{"DISTRICT":"Tamenglong","ST_NM":"Manipur","ST_CEN_CD":14,"DT_CEN_CD":2,"censuscode":273}},
{"type":"Feature","geometry":{"type":"Polygon","coordinates":[[[74.6131,31.4979],[74.655,31.4627],[74.6025,31.4227],[74.588,31.3838],[74.5535,31.3669],[74.5235,31.2736],[74.5345,31.2487],[74.5135,31.1811],[74.5183,31.1369],[74.6001,31.094],[74.6043,31.1281],[74.6385,31.1364],[74.7028,31.115],[74.7444,31.1042],[74.7647,31.1288],[74.8503,31.1342],[74.8969,31.1607],[74.9492,31.1499],[75.0508,31.1919],[75.0842,31.2724],[75.1461,31.3342],[75.1876,31.4179],[75.1921,31.4319],[75.2274,31.424],[75.2725,31.482],[75.2797,31.4831],[75.272,31.489],[75.2637,31.4942],[75.2581,31.4947],[75.2519,31.5019],[75.2295,31.491],[75.163,31.5118],[75.1238,31.495],[75.057,31.543],[74.9877,31.5117],[74.9014,31.5413],[74.8443,31.5302],[74.7928,31.5704],[74.739,31.565],[74.6872,31.5241],[74.6515,31.5337],[74.6131,31.4979]]]},"properties":{"DISTRICT":"Tarn Taran","ST_NM":"Punjab","ST_CEN_CD":3,"DT_CEN_CD":16,"censuscode":50}},
{"type":"Feature","geometry":{"type":"Polygon","coordinates":[[[92.4186,27.8222],[92.3845,27.7942],[92.3121,27.7784],[92.2601,27.8615],[92.2053,27.8564],[92.1611,27.8364],[92.0603,27.7585],[91.9889,27.7694],[91.9501,27.7281],[91.8837,27.7213],[91.8656,27.7364],[91.8332,27.8071],[91.7516,27.8029],[91.6995,27.8217],[91.6748,27.8563],[91.5753,27.8604],[91.6336,27.8004],[91.629,27.7055],[91.5971,27.6828],[91.5629,27.633],[91.5671,27.5837],[91.5994,27.539],[91.6581,27.4824],[91.6949,27.5021],[91.7186,27.473],[91.7785,27.4638],[91.8538,27.4818],[91.9439,27.4598],[92.0157,27.481],[92.0523,27.5162],[92.1154,27.5248],[92.1552,27.577],[92.2125,27.5799],[92.2253,27.6269],[92.3461,27.6722],[92.3966,27.6723],[92.4166,27.7086],[92.4249,27.7663],[92.4641,27.7817],[92.4717,27.8143],[92.432,27.8112],[92.4186,27.8222]]]},"properties":{"DISTRICT":"Tawang","ST_NM":"Arunanchal Pradesh","ST_CEN_CD":12,"DT_CEN_CD":1,"censuscode":245}},
{"type":"Feature","geometry":{"type":"Polygon","coordinates":[[[79.0332,30.8067],[79.0181,30.8201],[79.0158,30.8489],[79,30.8623],[78.9466,30.8569],[78.9215,30.8788],[78.8792,30.8774],[78.8521,30.8493],[78.8551,30.7554],[78.8086,30.7219],[78.7418,30.7174],[78.7257,30.7319],[78.6634,30.6915],[78.6024,30.6911],[78.5962,30.6279],[78.5501,30.5726],[78.5506,30.5606],[78.548,30.556],[78.5449,30.5515],[78.5477,30.5331],[78.5393,30.5285],[78.5216,30.5282],[78.4972,30.5388],[78.5136,30.5945],[78.4844,30.6268],[78.441,30.5895],[78.4558,30.5405],[78.4131,30.4825],[78.2824,30.6099],[78.2442,30.6045],[78.2085,30.5778],[78.1704,30.5886],[78.1555,30.6346],[78.0876,30.6302],[78.0484,30.5975],[78.0156,30.6127],[77.9885,30.5137],[77.9406,30.5062],[77.9872,30.4657],[78.0473,30.4827],[78.1025,30.4804],[78.1659,30.4515],[78.2294,30.4371],[78.2325,30.4127],[78.1424,30.3658],[78.1499,30.3241],[78.1881,30.3034],[78.27,30.3036],[78.2992,30.2435],[78.247,30.2038],[78.256,30.1424],[78.3121,30.1126],[78.3432,30.134],[78.3719,30.1193],[78.4135,30.1356],[78.4395,30.079],[78.5082,30.0571],[78.5332,30.0751],[78.5939,30.0658],[78.5942,30.1397],[78.649,30.2102],[78.6902,30.242],[78.7567,30.2155],[78.8034,30.2227],[78.8964,30.2566],[78.8592,30.3033],[78.8603,30.3461],[78.8372,30.3927],[78.8492,30.4593],[78.8254,30.482],[78.87,30.5153],[78.8594,30.5512],[78.9093,30.6265],[78.9147,30.6913],[78.9574,30.7354],[79.0182,30.7531],[79.0332,30.8067]]]},"properties":{"DISTRICT":"Tehri Garhwal","ST_NM":"Uttarakhand","ST_CEN_CD":5,"DT_CEN_CD":4,"censuscode":59}},
{"type":"Feature","geometry":{"type":"Polygon","coordinates":[[[72.9597,20.2128],[72.8733,20.2272],[72.8391,20.2086],[72.8175,20.1573],[72.776,20.1308],[72.7293,20.1368],[72.7042,20.081],[72.7195,19.979],[72.76,19.9815],[72.7705,19.9389],[72.7348,19.9097],[72.6991,19.9619],[72.6689,19.9426],[72.6728,19.8733],[72.6444,19.839],[72.6857,19.7927],[72.6709,19.7619],[72.6761,19.714],[72.7142,19.6867],[72.6949,19.6569],[72.7203,19.6192],[72.7096,19.5531],[72.7487,19.4859],[72.7576,19.3737],[72.8001,19.3303],[72.7815,19.2632],[72.8182,19.2455],[72.8565,19.2692],[72.9068,19.2419],[72.9829,19.156],[72.9678,19.0936],[72.9785,19.0327],[72.9586,18.9873],[73.009,18.9867],[73.0461,19.017],[73.0469,19.0979],[73.1768,19.109],[73.1946,19.125],[73.2466,19.0639],[73.3501,19.1287],[73.4726,19.1349],[73.5274,19.1292],[73.5386,19.1743],[73.609,19.1894],[73.6652,19.2401],[73.6904,19.2443],[73.6739,19.3026],[73.7161,19.3265],[73.798,19.3362],[73.7816,19.386],[73.6909,19.4393],[73.6758,19.4626],[73.6997,19.5052],[73.6262,19.5427],[73.6202,19.587],[73.567,19.6215],[73.5203,19.7018],[73.5009,19.7587],[73.4619,19.7595],[73.4237,19.9157],[73.4525,19.982],[73.4059,20.0169],[73.3644,20.021],[73.2956,20.0605],[73.2655,20.0608],[73.272,20.1049],[73.2499,20.1247],[73.2066,20.1222],[73.2093,20.0977],[73.1715,20.0519],[73.1533,20.0734],[73.0475,20.0971],[73.0212,20.0848],[72.9937,20.1184],[72.9597,20.2128]]]},"properties":{"DISTRICT":"Thane","ST_NM":"Maharashtra","ST_CEN_CD":27,"DT_CEN_CD":21,"censuscode":517}},
{"type":"Feature","geometry":{"type":"Polygon","coordinates":[[[79.5149,10.9677],[79.5353,11.0085],[79.5154,11.04],[79.5462,11.107],[79.5739,11.145],[79.5252,11.182],[79.4614,11.1543],[79.4134,11.0797],[79.275,10.9883],[79.2217,10.9429],[79.1455,10.9385],[79.0839,10.923],[79.0571,10.8883],[79.0074,10.8894],[78.9439,10.8874],[78.9276,10.8671],[78.8554,10.8436],[78.8788,10.7874],[78.8653,10.7342],[78.8714,10.7059],[78.9085,10.6709],[78.9382,10.686],[79.0638,10.6683],[79.0709,10.6362],[79.1457,10.6034],[79.1836,10.5753],[79.187,10.5401],[79.1404,10.4979],[79.1536,10.4742],[79.1321,10.4259],[79.1549,10.3989],[79.1497,10.3427],[79.1221,10.307],[79.1322,10.2727],[79.1172,10.2368],[79.1443,10.2191],[79.1524,10.1669],[79.204,10.1601],[79.2289,10.1403],[79.2402,10.1747],[79.278,10.214],[79.2756,10.2382],[79.3291,10.2861],[79.3879,10.3216],[79.4734,10.3189],[79.4597,10.4183],[79.4837,10.4875],[79.3994,10.5554],[79.389,10.5821],[79.3497,10.585],[79.3508,10.646],[79.3174,10.6601],[79.2998,10.7351],[79.3635,10.7522],[79.3299,10.8083],[79.2925,10.839],[79.2769,10.8708],[79.3041,10.9371],[79.3715,10.8925],[79.3906,10.8946],[79.467,10.8619],[79.5149,10.9677]]]},"properties":{"DISTRICT":"Thanjavur","ST_NM":"Tamil Nadu","ST_CEN_CD":33,"DT_CEN_CD":19,"censuscode":620}},
{"type":"Feature","geometry":{"type":"MultiPolygon","coordinates":[[[[73.8901,20.932],[73.796,20.9577],[73.7879,20.9865],[73.7507,21.0037],[73.6599,21.0057],[73.632,20.9773],[73.5485,21.0083],[73.5311,20.936],[73.4955,20.9171],[73.4992,20.8182],[73.493,20.7598],[73.4671,20.7213],[73.4893,20.6856],[73.5551,20.6469],[73.6146,20.6248],[73.6292,20.5788],[73.6583,20.5623],[73.6937,20.5778],[73.741,20.5667],[73.78,20.6016],[73.8396,20.6228],[73.8361,20.7013],[73.8824,20.7302],[73.9145,20.7226],[73.9343,20.7679],[73.9389,20.8392],[73.9248,20.8849],[73.8901,20.932]]],[[[73.7375,21.0808],[73.7409,21.0391],[73.8099,20.9951],[73.8438,21.0005],[73.7962,21.045],[73.7917,21.0673],[73.7375,21.0808]]]]},"properties":{"DISTRICT":"The Dangs","ST_NM":"Gujarat","ST_CEN_CD":24,"DT_CEN_CD":22,"censuscode":489}},
{"type":"Feature","geometry":{"type":"Polygon","coordinates":[[[76.8468,11.5824],[76.8259,11.6051],[76.7606,11.6144],[76.6166,11.6078],[76.5621,11.6202],[76.5487,11.6778],[76.5123,11.7052],[76.4594,11.6622],[76.4314,11.6663],[76.4293,11.6321],[76.3879,11.6294],[76.3786,11.6004],[76.3055,11.5711],[76.2784,11.5996],[76.2331,11.5711],[76.2407,11.5254],[76.2656,11.4799],[76.3289,11.4516],[76.3696,11.4549],[76.457,11.3886],[76.5472,11.3589],[76.5488,11.3283],[76.5226,11.2693],[76.4553,11.2376],[76.447,11.2017],[76.5152,11.2093],[76.5305,11.1976],[76.5873,11.2043],[76.6327,11.1932],[76.7068,11.239],[76.7686,11.2611],[76.7995,11.2912],[76.8432,11.2863],[76.8628,11.3058],[76.8512,11.3384],[76.8922,11.3646],[76.9087,11.3475],[76.9642,11.3827],[76.9843,11.4377],[77.0074,11.5436],[76.9406,11.5759],[76.8898,11.57],[76.8468,11.5824]]]},"properties":{"DISTRICT":"The Nilgiris","ST_NM":"Tamil Nadu","ST_CEN_CD":33,"DT_CEN_CD":10,"censuscode":611}},
{"type":"Feature","geometry":{"type":"Polygon","coordinates":[[[77.711,10.0202],[77.7096,10.0785],[77.675,10.1164],[77.7168,10.1288],[77.7227,10.161],[77.7009,10.1901],[77.6586,10.1891],[77.6115,10.2118],[77.5685,10.1795],[77.5467,10.1856],[77.4647,10.1275],[77.3945,10.1587],[77.3249,10.1251],[77.2676,10.1205],[77.2394,10.1275],[77.2023,10.1046],[77.2635,10.0249],[77.2762,9.9728],[77.2367,9.9318],[77.214,9.8749],[77.2387,9.852],[77.2249,9.7889],[77.2235,9.7306],[77.181,9.657],[77.2015,9.6148],[77.2385,9.5817],[77.277,9.5757],[77.3202,9.6022],[77.357,9.5869],[77.3668,9.5355],[77.4031,9.5261],[77.4784,9.5626],[77.4643,9.5788],[77.526,9.6607],[77.5695,9.7478],[77.6004,9.7767],[77.6248,9.8225],[77.6226,9.8634],[77.6807,9.9344],[77.6983,10.0129],[77.711,10.0202]]]},"properties":{"DISTRICT":"Theni","ST_NM":"Tamil Nadu","ST_CEN_CD":33,"DT_CEN_CD":23,"censuscode":624}},
{"type":"Feature","geometry":{"type":"Polygon","coordinates":[[[80.3035,13.1413],[80.3417,13.2702],[80.3463,13.3125],[80.3283,13.3852],[80.2889,13.4028],[80.3018,13.4756],[80.2697,13.5632],[80.2418,13.468],[80.2255,13.4835],[80.1477,13.4944],[80.0805,13.4911],[80.0853,13.547],[80.042,13.5366],[80.0184,13.5007],[79.9744,13.4642],[79.9662,13.3871],[79.9382,13.349],[79.8638,13.3163],[79.8129,13.3171],[79.7924,13.2949],[79.7344,13.2784],[79.796,13.241],[79.7571,13.2077],[79.6837,13.2485],[79.681,13.2945],[79.6136,13.2802],[79.5778,13.2618],[79.5481,13.3233],[79.4668,13.3363],[79.4294,13.3339],[79.4339,13.2987],[79.4196,13.2497],[79.4329,13.1966],[79.3967,13.1968],[79.36,13.175],[79.3624,13.1375],[79.2861,13.1328],[79.3014,13.0896],[79.3472,13.0605],[79.3827,13.0787],[79.4242,13.1445],[79.4533,13.0922],[79.4824,13.1381],[79.5698,13.134],[79.6295,13.1436],[79.655,13.2083],[79.7358,13.1644],[79.7323,13.0952],[79.7488,13.0502],[79.7855,13.0221],[79.8206,13.0002],[79.825,12.9633],[79.8957,12.9464],[79.9715,13.0474],[79.9883,13.0913],[80.0306,13.1301],[80.0797,13.1425],[80.1266,13.1076],[80.1248,13.0602],[80.1483,13.0303],[80.2044,13.0282],[80.2079,13.0813],[80.2277,13.1265],[80.2547,13.1219],[80.3035,13.1413]]]},"properties":{"DISTRICT":"Thiruvallur","ST_NM":"Tamil Nadu","ST_CEN_CD":33,"DT_CEN_CD":1,"censuscode":602}},
{"type":"Feature","geometry":{"type":"Polygon","coordinates":[[[77.201,8.7695],[77.0822,8.837],[77.0345,8.8411],[76.9961,8.7813],[76.935,8.7605],[76.9023,8.8102],[76.8481,8.8345],[76.7946,8.8264],[76.7603,8.7942],[76.7225,8.8008],[76.6723,8.7807],[76.7953,8.6291],[76.892,8.5004],[76.9995,8.3776],[77.1001,8.2914],[77.1412,8.3307],[77.1691,8.3298],[77.1728,8.3853],[77.2077,8.4428],[77.2098,8.4963],[77.2666,8.5097],[77.2841,8.5458],[77.2704,8.5794],[77.2169,8.6494],[77.1852,8.7159],[77.201,8.7695]]]},"properties":{"DISTRICT":"Thiruvananthapuram","ST_NM":"Kerala","ST_CEN_CD":32,"DT_CEN_CD":14,"censuscode":601}},
{"type":"Feature","geometry":{"type":"Polygon","coordinates":[[[79.7469,10.9966],[79.7031,11.0133],[79.6428,11.0076],[79.6314,10.9852],[79.5149,10.9677],[79.467,10.8619],[79.3906,10.8946],[79.3715,10.8925],[79.3041,10.9371],[79.2769,10.8708],[79.2925,10.839],[79.3299,10.8083],[79.3635,10.7522],[79.2998,10.7351],[79.3174,10.6601],[79.3508,10.646],[79.3497,10.585],[79.389,10.5821],[79.3994,10.5554],[79.4837,10.4875],[79.4597,10.4183],[79.4734,10.3189],[79.723,10.2893],[79.6767,10.3251],[79.6376,10.3589],[79.6314,10.4355],[79.6991,10.4561],[79.6972,10.5535],[79.6658,10.6111],[79.7066,10.7801],[79.7269,10.8282],[79.6605,10.8163],[79.6557,10.8836],[79.6917,10.931],[79.7077,10.9116],[79.733,10.9068],[79.7424,10.9094],[79.7442,10.9128],[79.7441,10.9127],[79.7456,10.9176],[79.7428,10.9189],[79.7431,10.9222],[79.7411,10.9233],[79.7384,10.9205],[79.7368,10.9211],[79.738,10.926],[79.7264,10.9284],[79.7275,10.9327],[79.7276,10.9344],[79.7213,10.9341],[79.7256,10.9419],[79.7301,10.9432],[79.7383,10.9506],[79.7363,10.9558],[79.7264,10.9508],[79.7214,10.9504],[79.7207,10.967],[79.7286,10.9675],[79.7572,10.9589],[79.7626,10.9586],[79.7628,10.9646],[79.757,10.9711],[79.7552,10.9739],[79.7566,10.9814],[79.7552,10.9846],[79.7472,10.9863],[79.7469,10.9966]]]},"properties":{"DISTRICT":"Thiruvarur","ST_NM":"Tamil Nadu","ST_CEN_CD":33,"DT_CEN_CD":18,"censuscode":619}},
{"type":"Feature","geometry":{"type":"Polygon","coordinates":[[[78.2828,9.2751],[78.2254,9.296],[78.2108,9.3252],[78.1757,9.3372],[78.1702,9.368],[78.0599,9.3609],[78.0128,9.3046],[78.0114,9.2728],[77.9574,9.2495],[77.9455,9.2186],[77.9122,9.1987],[77.8814,9.2062],[77.8821,9.2428],[77.8482,9.2422],[77.8612,9.195],[77.8425,9.1669],[77.8112,9.1754],[77.7462,9.1606],[77.7076,9.1862],[77.6761,9.1355],[77.7092,9.0705],[77.6951,9.0312],[77.6948,8.9286],[77.7626,8.923],[77.7628,8.8876],[77.7969,8.8824],[77.8405,8.815],[77.8478,8.7864],[77.8179,8.771],[77.8278,8.7318],[77.8126,8.6803],[77.8199,8.6312],[77.786,8.6163],[77.7834,8.5817],[77.8208,8.5506],[77.8428,8.4701],[77.8344,8.4309],[77.8608,8.3991],[77.8503,8.3625],[77.9142,8.3219],[77.9759,8.3353],[78.0409,8.3583],[78.0672,8.4163],[78.1331,8.4987],[78.1248,8.5361],[78.1418,8.5908],[78.1263,8.6352],[78.141,8.6929],[78.1753,8.7664],[78.1649,8.7931],[78.1721,8.8804],[78.2125,8.9616],[78.2821,9.0216],[78.3913,9.0939],[78.3239,9.1309],[78.2761,9.141],[78.2991,9.2033],[78.2726,9.202],[78.2828,9.2751]]]},"properties":{"DISTRICT":"Thoothukkudi","ST_NM":"Tamil Nadu","ST_CEN_CD":33,"DT_CEN_CD":26,"censuscode":627}},
{"type":"Feature","geometry":{"type":"Polygon","coordinates":[[[94.1503,24.6181],[94.115,24.6373],[94.0872,24.6926],[94.0178,24.6705],[94,24.7274],[93.9682,24.7046],[93.9297,24.7127],[93.9095,24.6719],[93.9207,24.6365],[93.9118,24.5693],[93.876,24.5521],[93.8839,24.4881],[93.8566,24.4567],[93.8492,24.4115],[93.8545,24.3114],[93.8803,24.2856],[93.9114,24.2488],[93.94,24.2946],[93.9116,24.3372],[93.9189,24.3685],[93.9634,24.4051],[93.9856,24.4677],[94.0222,24.4438],[94.0509,24.4697],[94.0364,24.5019],[94.0894,24.5175],[94.1235,24.6051],[94.1503,24.6181]]]},"properties":{"DISTRICT":"Thoubal","ST_NM":"Manipur","ST_CEN_CD":14,"DT_CEN_CD":5,"censuscode":276}},
{"type":"Feature","geometry":{"type":"Polygon","coordinates":[[[76.8392,10.3383],[76.7552,10.3364],[76.7576,10.3614],[76.6625,10.3837],[76.6218,10.3814],[76.5864,10.4354],[76.5589,10.4337],[76.5291,10.4632],[76.4804,10.4843],[76.435,10.532],[76.4116,10.5782],[76.42,10.6282],[76.4525,10.6769],[76.4709,10.7514],[76.3566,10.744],[76.2882,10.7569],[76.252,10.7471],[76.2237,10.781],[76.1634,10.7045],[76.1321,10.72],[76.0701,10.7272],[76.0533,10.7036],[76.0104,10.6868],[75.9548,10.6862],[76.0256,10.5316],[76.0416,10.5248],[76.1048,10.3643],[76.1399,10.2329],[76.1689,10.1839],[76.2614,10.1999],[76.2765,10.174],[76.3147,10.1805],[76.344,10.2325],[76.3726,10.2398],[76.4176,10.2956],[76.5416,10.2882],[76.5792,10.3018],[76.6259,10.2738],[76.6892,10.2672],[76.8066,10.2856],[76.8396,10.2841],[76.9047,10.2513],[76.8634,10.291],[76.8322,10.3033],[76.8392,10.3383]]]},"properties":{"DISTRICT":"Thrissur","ST_NM":"Kerala","ST_CEN_CD":32,"DT_CEN_CD":7,"censuscode":594}},
{"type":"Feature","geometry":{"type":"Polygon","coordinates":[[[79.3214,25.1462],[79.284,25.1155],[79.2054,25.1234],[79.1407,25.1062],[79.098,25.1713],[79.0319,25.1816],[79.0339,25.2297],[79.0198,25.2691],[78.9942,25.27],[78.9602,25.2157],[78.8746,25.185],[78.9159,25.2693],[78.9777,25.2861],[78.9386,25.3274],[78.8926,25.3416],[78.8638,25.3119],[78.8696,25.2781],[78.8423,25.2282],[78.8005,25.288],[78.8822,25.3826],[78.9819,25.3675],[78.9676,25.4338],[78.9366,25.4232],[78.9495,25.526],[78.9333,25.5548],[78.8931,25.5556],[78.8835,25.5191],[78.8414,25.5108],[78.8611,25.4472],[78.7969,25.4783],[78.732,25.4581],[78.7727,25.4249],[78.7717,25.3533],[78.7429,25.3441],[78.717,25.3711],[78.6651,25.3828],[78.7076,25.421],[78.6966,25.4402],[78.6107,25.4119],[78.5833,25.3468],[78.5407,25.3258],[78.5279,25.2829],[78.5756,25.2535],[78.5696,25.221],[78.6007,25.1524],[78.6041,25.0929],[78.6489,25.0565],[78.6317,24.9571],[78.6606,24.9394],[78.6752,24.8976],[78.7714,24.8566],[78.7874,24.8102],[78.7714,24.7903],[78.7792,24.6995],[78.7468,24.6553],[78.7587,24.5979],[78.7836,24.5885],[78.8376,24.6043],[78.8885,24.6351],[78.92,24.5768],[78.9523,24.5489],[78.9474,24.4416],[78.9887,24.4429],[79.016,24.5133],[79.0919,24.6302],[79.181,24.6098],[79.2079,24.6481],[79.297,24.6747],[79.3194,24.7334],[79.3078,24.7911],[79.3236,24.8559],[79.3477,24.8922],[79.3317,25.0458],[79.3446,25.076],[79.3214,25.1462]]]},"properties":{"DISTRICT":"Tikamgarh","ST_NM":"Madhya Pradesh","ST_CEN_CD":23,"DT_CEN_CD":7,"censuscode":424}},
{"type":"Feature","geometry":{"type":"Polygon","coordinates":[[[95.882,27.5468],[95.863,27.5462],[95.7989,27.6017],[95.7594,27.7254],[95.8244,27.8035],[95.875,27.834],[95.9299,27.8848],[95.9789,27.9628],[95.8275,27.972],[95.6085,27.9528],[95.5455,27.9086],[95.5177,27.8769],[95.493,27.8522],[95.4597,27.7744],[95.4022,27.7254],[95.2776,27.6824],[95.2921,27.6698],[95.3228,27.5873],[95.3031,27.5833],[95.2321,27.4961],[95.2218,27.4578],[95.2707,27.4055],[95.3766,27.3805],[95.3974,27.3913],[95.4412,27.3629],[95.4517,27.2949],[95.4914,27.2426],[95.5352,27.2645],[95.5904,27.2232],[95.6373,27.2305],[95.6847,27.2509],[95.8606,27.2873],[95.8724,27.26],[95.9633,27.31],[96.0151,27.3684],[95.9736,27.4299],[95.883,27.4375],[95.882,27.5468]]]},"properties":{"DISTRICT":"Tinsukia","ST_NM":"Assam","ST_CEN_CD":18,"DT_CEN_CD":10,"censuscode":309}},
{"type":"Feature","geometry":{"type":"Polygon","coordinates":[[[95.6373,27.2305],[95.5904,27.2232],[95.5352,27.2645],[95.4914,27.2426],[95.4593,27.2035],[95.4581,27.1294],[95.3716,27.1053],[95.31,27.0752],[95.2485,27.0243],[95.1959,27.0372],[95.1955,26.9841],[95.23,26.8795],[95.1845,26.8588],[95.215,26.7922],[95.2424,26.7782],[95.2159,26.729],[95.2373,26.6798],[95.3021,26.6494],[95.3462,26.6712],[95.4228,26.6898],[95.483,26.7481],[95.5144,26.8063],[95.5453,26.8309],[95.611,26.8141],[95.6364,26.8722],[95.6809,26.8978],[95.6976,26.9172],[95.6845,26.9845],[95.6464,26.9901],[95.6324,27.0264],[95.6534,27.0628],[95.6426,27.0996],[95.6672,27.1246],[95.6719,27.1782],[95.6441,27.1926],[95.6373,27.2305]]]},"properties":{"DISTRICT":"Tirap","ST_NM":"Arunanchal Pradesh","ST_CEN_CD":12,"DT_CEN_CD":10,"censuscode":254}},
{"type":"Feature","geometry":{"type":"Polygon","coordinates":[[[78.6654,11.372],[78.6433,11.3424],[78.5562,11.3148],[78.5521,11.3573],[78.4864,11.4031],[78.452,11.3276],[78.4663,11.3108],[78.4092,11.1953],[78.3814,11.1867],[78.3823,11.1384],[78.3494,11.135],[78.326,11.0976],[78.324,11.0563],[78.2482,11.0908],[78.2365,11.0656],[78.1829,11.0669],[78.1953,11.0212],[78.1685,11.0109],[78.199,10.959],[78.2798,10.9658],[78.3287,10.9585],[78.3823,10.9646],[78.4267,10.9466],[78.489,10.8923],[78.5491,10.8756],[78.5871,10.8292],[78.5457,10.792],[78.5673,10.7367],[78.5141,10.6922],[78.4033,10.692],[78.3777,10.7251],[78.3406,10.7059],[78.2942,10.7023],[78.2611,10.5804],[78.246,10.5575],[78.1978,10.5469],[78.1718,10.5018],[78.2079,10.472],[78.315,10.4383],[78.2814,10.3698],[78.3377,10.3257],[78.3341,10.2999],[78.3806,10.309],[78.4576,10.4072],[78.5077,10.3749],[78.5247,10.4359],[78.5621,10.4306],[78.5881,10.4558],[78.5708,10.4874],[78.4984,10.4842],[78.4828,10.5393],[78.4508,10.605],[78.4812,10.6364],[78.5284,10.6273],[78.5257,10.6732],[78.5695,10.6788],[78.5956,10.6566],[78.6296,10.7042],[78.6595,10.703],[78.6831,10.6689],[78.7083,10.7296],[78.7425,10.7079],[78.7447,10.6464],[78.7898,10.6467],[78.8208,10.6932],[78.8714,10.7059],[78.8653,10.7342],[78.8788,10.7874],[78.8554,10.8436],[78.9276,10.8671],[78.9439,10.8874],[79.0074,10.8894],[78.9999,10.9202],[78.9662,10.9483],[78.9844,10.9902],[79.0095,11.0073],[79.009,11.0568],[78.9663,11.0943],[78.8842,11.1009],[78.8088,11.0797],[78.8108,11.1118],[78.7621,11.1216],[78.7411,11.0744],[78.7013,11.0706],[78.6726,11.1639],[78.7014,11.1924],[78.7124,11.2481],[78.7387,11.2939],[78.7328,11.321],[78.6543,11.3308],[78.6654,11.372]]]},"properties":{"DISTRICT":"Tiruchirappalli","ST_NM":"Tamil Nadu","ST_CEN_CD":33,"DT_CEN_CD":13,"censuscode":614}},
{"type":"Feature","geometry":{"type":"Polygon","coordinates":[[[77.8482,9.2422],[77.7978,9.2556],[77.7727,9.2363],[77.7126,9.2895],[77.6254,9.2917],[77.5937,9.3148],[77.5465,9.3717],[77.5247,9.338],[77.4969,9.3341],[77.441,9.3542],[77.4341,9.3911],[77.3893,9.3908],[77.3406,9.4173],[77.3373,9.3602],[77.2835,9.2998],[77.2844,9.2713],[77.2672,9.1991],[77.2688,9.1518],[77.2129,9.097],[77.2086,9.0705],[77.1493,9.0202],[77.1976,8.9555],[77.2239,8.9017],[77.2577,8.8766],[77.265,8.8405],[77.2327,8.7842],[77.201,8.7695],[77.1852,8.7159],[77.2169,8.6494],[77.2704,8.5794],[77.3632,8.5415],[77.3744,8.52],[77.4249,8.5131],[77.4722,8.456],[77.465,8.4282],[77.4928,8.3803],[77.5395,8.3876],[77.5324,8.3184],[77.576,8.253],[77.5461,8.2429],[77.5392,8.1759],[77.5911,8.1418],[77.6554,8.1591],[77.7329,8.1688],[77.7869,8.2031],[77.8144,8.2462],[77.8695,8.2607],[77.9478,8.306],[77.9759,8.3353],[77.9142,8.3219],[77.8503,8.3625],[77.8608,8.3991],[77.8344,8.4309],[77.8428,8.4701],[77.8208,8.5506],[77.7834,8.5817],[77.786,8.6163],[77.8199,8.6312],[77.8126,8.6803],[77.8278,8.7318],[77.8179,8.771],[77.8478,8.7864],[77.8405,8.815],[77.7969,8.8824],[77.7628,8.8876],[77.7626,8.923],[77.6948,8.9286],[77.6951,9.0312],[77.7092,9.0705],[77.6761,9.1355],[77.7076,9.1862],[77.7462,9.1606],[77.8112,9.1754],[77.8425,9.1669],[77.8612,9.195],[77.8482,9.2422]]]},"properties":{"DISTRICT":"Tirunelveli","ST_NM":"Tamil Nadu","ST_CEN_CD":33,"DT_CEN_CD":27,"censuscode":628}},
{"type":"Feature","geometry":{"type":"Polygon","coordinates":[[[77.7784,11.0512],[77.6547,11.115],[77.6309,11.1205],[77.5184,11.1049],[77.5005,11.1143],[77.4692,11.1749],[77.5102,11.1808],[77.4699,11.246],[77.4504,11.3083],[77.3645,11.3156],[77.3317,11.2547],[77.2968,11.2708],[77.2667,11.3174],[77.2201,11.3369],[77.1496,11.3328],[77.1445,11.3341],[77.1647,11.2719],[77.142,11.2139],[77.1692,11.1612],[77.2132,11.1246],[77.2573,11.1122],[77.163,11.0654],[77.1745,11.0359],[77.1535,10.9885],[77.1751,10.9235],[77.2526,10.8904],[77.254,10.862],[77.2888,10.8489],[77.2802,10.7873],[77.2407,10.7746],[77.1648,10.7997],[77.1384,10.7406],[77.1438,10.6705],[77.1742,10.6302],[77.1515,10.583],[77.0808,10.5698],[77.082,10.5153],[77.0545,10.4173],[77.0789,10.3808],[77.0952,10.3084],[77.1764,10.3552],[77.2358,10.3493],[77.2282,10.3148],[77.289,10.2297],[77.3505,10.2758],[77.315,10.355],[77.3247,10.4496],[77.385,10.4493],[77.3691,10.5359],[77.3876,10.5951],[77.4175,10.6251],[77.4817,10.649],[77.5097,10.6054],[77.5966,10.6747],[77.6559,10.6736],[77.6645,10.7147],[77.7021,10.73],[77.7014,10.6585],[77.7298,10.6299],[77.7679,10.6786],[77.8092,10.679],[77.8245,10.7503],[77.7841,10.7555],[77.7763,10.789],[77.8009,10.8048],[77.836,10.7844],[77.8671,10.7976],[77.839,10.8324],[77.7603,10.8995],[77.791,11.0302],[77.7784,11.0512]]]},"properties":{"DISTRICT":"Tiruppur","ST_NM":"Tamil Nadu","ST_CEN_CD":33,"DT_CEN_CD":32,"censuscode":633}},
{"type":"Feature","geometry":{"type":"Polygon","coordinates":[[[79.5604,12.8496],[79.5146,12.8538],[79.4901,12.8723],[79.4595,12.8455],[79.4573,12.8103],[79.4767,12.7761],[79.4568,12.7547],[79.4668,12.7145],[79.4525,12.6703],[79.4125,12.6556],[79.3841,12.6273],[79.3552,12.6446],[79.3824,12.7078],[79.3236,12.7425],[79.2884,12.7801],[79.2414,12.7958],[79.2094,12.784],[79.2061,12.7403],[79.1411,12.7574],[79.0752,12.7518],[79.0339,12.6932],[78.9955,12.703],[78.9809,12.6659],[78.8983,12.6875],[78.8604,12.6341],[78.8189,12.5301],[78.7775,12.4761],[78.7707,12.4238],[78.7359,12.3766],[78.7121,12.3047],[78.6522,12.2578],[78.67,12.2085],[78.6354,12.1752],[78.6364,12.1432],[78.6666,12.1127],[78.7406,12.1339],[78.7056,12.0266],[78.7175,11.9798],[78.7606,12.0093],[78.82,12.0078],[78.8798,12.0247],[78.9177,12.0141],[78.9607,12.0666],[79.0188,12.0653],[79.0541,12.0372],[79.0996,12.0226],[79.1672,12.0315],[79.2007,12.0691],[79.2354,12.0618],[79.2611,12.0813],[79.2795,12.1232],[79.2142,12.1659],[79.2395,12.2344],[79.2867,12.3193],[79.2228,12.3302],[79.2487,12.3783],[79.2267,12.4008],[79.238,12.4403],[79.327,12.4494],[79.4021,12.4345],[79.4499,12.3779],[79.5322,12.3684],[79.592,12.3493],[79.6448,12.3452],[79.6636,12.3826],[79.7056,12.4133],[79.7386,12.4537],[79.7568,12.5181],[79.7173,12.549],[79.7258,12.5876],[79.6706,12.5922],[79.6337,12.631],[79.6485,12.6677],[79.6843,12.6676],[79.7373,12.6998],[79.7465,12.7428],[79.7026,12.7757],[79.6495,12.7735],[79.6399,12.8163],[79.5604,12.8496]]]},"properties":{"DISTRICT":"Tiruvannamalai","ST_NM":"Tamil Nadu","ST_CEN_CD":33,"DT_CEN_CD":5,"censuscode":606}},
{"type":"Feature","geometry":{"type":"Polygon","coordinates":[[[76.1606,26.5147],[76.113,26.5353],[76.0724,26.5074],[76.0088,26.4919],[75.9742,26.5022],[75.7842,26.5257],[75.761,26.5121],[75.7709,26.4669],[75.7124,26.4448],[75.6528,26.4637],[75.6435,26.4424],[75.574,26.4461],[75.4527,26.4931],[75.3903,26.4819],[75.3522,26.5015],[75.331,26.5581],[75.2868,26.5639],[75.2372,26.5211],[75.2056,26.5156],[75.17,26.462],[75.1643,26.4205],[75.1297,26.3968],[75.1384,26.3177],[75.1134,26.2849],[75.1434,26.244],[75.1586,26.1826],[75.1881,26.1634],[75.1882,26.1098],[75.2206,26.107],[75.246,26.0782],[75.2772,26.1354],[75.34,26.1306],[75.3084,26.0805],[75.3554,26.0192],[75.3279,25.9985],[75.3071,25.9414],[75.2514,25.9373],[75.2636,25.8529],[75.3113,25.8535],[75.3399,25.8108],[75.3191,25.7638],[75.391,25.759],[75.4644,25.7184],[75.5114,25.7365],[75.564,25.6967],[75.6225,25.677],[75.6317,25.7088],[75.6949,25.7603],[75.7615,25.7563],[75.7733,25.8225],[75.838,25.8038],[75.8345,25.8345],[75.894,25.8688],[75.9055,25.8145],[75.9473,25.8161],[75.9573,25.8646],[76.0614,25.8596],[76.0543,25.8199],[76.1024,25.8101],[76.1572,25.7617],[76.2007,25.842],[76.2317,25.8044],[76.322,25.809],[76.2755,25.8238],[76.2222,25.8621],[76.2189,25.9119],[76.2495,25.9134],[76.2504,26.0194],[76.19,26.0109],[76.1461,25.9661],[76.0764,26.0134],[76.1161,26.0563],[76.0687,26.1302],[76.03,26.1101],[75.9944,26.1156],[75.9816,26.1947],[76.03,26.2518],[76.1037,26.2391],[76.1478,26.3081],[76.1307,26.3448],[76.1582,26.4402],[76.1806,26.4856],[76.1606,26.5147]]]},"properties":{"DISTRICT":"Tonk","ST_NM":"Rajasthan","ST_CEN_CD":8,"DT_CEN_CD":22,"censuscode":120}},
{"type":"Feature","geometry":{"type":"Polygon","coordinates":[[[95.0755,26.4713],[94.9863,26.4806],[94.9358,26.4398],[94.904,26.4389],[94.9217,26.3853],[94.8612,26.3751],[94.749,26.4575],[94.7095,26.4439],[94.7061,26.4124],[94.6622,26.3761],[94.6529,26.3409],[94.5651,26.2791],[94.5873,26.2185],[94.6425,26.218],[94.6931,26.1929],[94.7016,26.1492],[94.6887,26.1175],[94.7054,26.0519],[94.6715,26.0172],[94.7657,26.0196],[94.7885,26.0053],[94.8513,26.0347],[94.8907,26.0042],[94.8521,25.9364],[94.9136,25.937],[94.9817,25.873],[95.0208,25.8806],[95.0267,25.9129],[95.1051,25.961],[95.1634,26.0278],[95.1841,26.0775],[95.1255,26.094],[95.1158,26.1561],[95.1273,26.1963],[95.1198,26.2681],[95.1303,26.2857],[95.135,26.3812],[95.0755,26.4713]]]},"properties":{"DISTRICT":"Tuensang","ST_NM":"Nagaland","ST_CEN_CD":13,"DT_CEN_CD":7,"censuscode":267}},
{"type":"Feature","geometry":{"type":"MultiPolygon","coordinates":[[[[77.4573,13.6834],[77.4701,13.7511],[77.4582,13.793],[77.4159,13.8066],[77.432,13.834],[77.3138,13.8644],[77.2572,13.8465],[77.2467,13.901],[77.1993,13.8631],[77.1458,13.8659],[77.1685,13.8224],[77.1732,13.7616],[77.1017,13.7677],[77.0664,13.7457],[77.0414,13.776],[76.9987,13.7492],[76.9748,13.8168],[77.012,13.8567],[77.0418,13.9322],[76.9948,13.9632],[77.0002,13.9879],[76.9366,14.029],[76.9518,14.0915],[76.9272,14.0584],[76.8925,14.0468],[76.8714,14.009],[76.8252,13.994],[76.8495,13.9623],[76.8149,13.916],[76.7819,13.9234],[76.7233,13.8947],[76.7673,13.8355],[76.7639,13.7793],[76.7255,13.7961],[76.6985,13.7693],[76.6868,13.6885],[76.6604,13.7207],[76.5734,13.7131],[76.512,13.6291],[76.4612,13.6167],[76.4615,13.5967],[76.4106,13.5788],[76.3541,13.5777],[76.3641,13.5461],[76.4017,13.524],[76.3978,13.491],[76.4184,13.4473],[76.382,13.3636],[76.3464,13.3598],[76.3565,13.2503],[76.3803,13.2311],[76.3723,13.1986],[76.4274,13.1843],[76.4763,13.1408],[76.4686,13.0954],[76.6173,13.0633],[76.6085,13.0086],[76.6319,13.0056],[76.6529,13.0065],[76.674,13.0539],[76.7026,13.0392],[76.7624,13.0347],[76.8521,12.9773],[76.8405,12.949],[76.8921,12.8893],[76.8917,12.8533],[76.9252,12.8044],[76.9711,12.8025],[77.0106,12.764],[77.0813,12.7461],[77.1003,12.7742],[77.1495,12.783],[77.1571,12.825],[77.1334,12.8581],[77.1438,12.9153],[77.1687,12.9296],[77.1377,12.9954],[77.073,13.0456],[77.0838,13.0866],[77.0731,13.1241],[77.1569,13.1912],[77.2047,13.1838],[77.1891,13.2716],[77.2233,13.2682],[77.2311,13.3107],[77.3086,13.3105],[77.3398,13.3296],[77.3505,13.4527],[77.387,13.5],[77.3932,13.5321],[77.3626,13.6128],[77.3839,13.6605],[77.4573,13.6834]]],[[[77.0254,14.179],[77.0161,14.0984],[77.0295,14.0597],[77.0968,14.0448],[77.1272,14.0488],[77.1405,14.0048],[77.2851,14.0138],[77.3202,14.0318],[77.3506,13.958],[77.3553,13.9037],[77.4261,13.9022],[77.3935,13.9811],[77.3903,14.0144],[77.3329,14.0299],[77.3447,14.0608],[77.4022,14.1104],[77.3834,14.1365],[77.3964,14.1722],[77.5173,14.1791],[77.4969,14.2347],[77.5062,14.2675],[77.449,14.3166],[77.4013,14.3359],[77.3815,14.3019],[77.4076,14.2672],[77.4216,14.2101],[77.3904,14.1987],[77.3619,14.2368],[77.3657,14.2761],[77.2858,14.2827],[77.2873,14.3377],[77.2512,14.321],[77.2023,14.3207],[77.1579,14.3441],[77.1177,14.2938],[77.1158,14.2279],[77.0811,14.2157],[77.0552,14.2458],[77.0096,14.2378],[77.004,14.1983],[77.0254,14.179]]]]},"properties":{"DISTRICT":"Tumkur","ST_NM":"Karnataka","ST_CEN_CD":29,"DT_CEN_CD":17,"censuscode":571}},
{"type":"Feature","geometry":{"type":"Polygon","coordinates":[[[74.3979,24.3035],[74.3868,24.3109],[74.3531,24.3372],[74.3658,24.4104],[74.3282,24.4504],[74.3338,24.4935],[74.2684,24.4697],[74.2088,24.4614],[74.2791,24.5652],[74.2235,24.6161],[74.2519,24.6266],[74.2046,24.6696],[74.1716,24.6782],[74.1727,24.716],[74.1189,24.7394],[74.1066,24.7811],[74.1215,24.8518],[74.0455,24.8328],[74.0018,24.8922],[73.9582,24.854],[73.931,24.8815],[73.8553,24.8867],[73.7961,24.7448],[73.7564,24.7386],[73.7028,24.789],[73.6116,24.7746],[73.5695,24.8799],[73.5615,24.934],[73.5069,24.9756],[73.5232,25.0314],[73.5008,25.0535],[73.5033,25.1178],[73.4619,25.0894],[73.4235,25.0899],[73.3918,25.0664],[73.3296,24.9771],[73.3461,24.9605],[73.3277,24.9086],[73.2393,24.8302],[73.231,24.7935],[73.1448,24.7577],[73.138,24.6877],[73.084,24.6364],[73.083,24.6114],[73.0268,24.5313],[73.009,24.4824],[73.0473,24.4652],[73.0908,24.4946],[73.1026,24.4201],[73.0812,24.3943],[73.1834,24.3346],[73.1696,24.3007],[73.1121,24.2623],[73.0785,24.1848],[73.1193,24.14],[73.1677,24.1109],[73.2199,24.0977],[73.1966,24.0448],[73.2485,24.0106],[73.2872,24.0268],[73.3229,24.0618],[73.3316,24.1144],[73.4103,24.0502],[73.4071,23.9974],[73.4164,23.9225],[73.3827,23.9049],[73.3559,23.8538],[73.3664,23.8136],[73.4037,23.806],[73.4318,23.837],[73.4695,23.8471],[73.5179,23.9308],[73.5924,23.9654],[73.6708,23.939],[73.6968,23.9582],[73.7385,23.9433],[73.8577,23.9361],[73.9179,23.9831],[74.0017,23.9683],[74.0491,23.9806],[74.0806,23.9682],[74.1603,24.0133],[74.175,23.9695],[74.2054,23.9546],[74.2268,23.9093],[74.2587,23.9298],[74.2751,23.9355],[74.3144,23.945],[74.3248,23.9374],[74.3362,24.0018],[74.328,24.048],[74.3599,24.0916],[74.3796,24.0709],[74.4222,24.0675],[74.4323,24.1157],[74.3739,24.1619],[74.3599,24.1929],[74.3836,24.2353],[74.3939,24.2684],[74.3912,24.2848],[74.3977,24.296],[74.3979,24.3035]]]},"properties":{"DISTRICT":"Udaipur","ST_NM":"Rajasthan","ST_CEN_CD":8,"DT_CEN_CD":32,"censuscode":130}},
{"type":"Feature","geometry":{"type":"Polygon","coordinates":[[[92.3635,26.5856],[92.4076,26.6474],[92.3677,26.706],[92.3394,26.7778],[92.3347,26.8307],[92.3448,26.8852],[92.3676,26.9312],[92.3061,26.9228],[92.1981,26.8897],[92.1113,26.8926],[92.1008,26.8674],[92.0586,26.8468],[91.989,26.8571],[91.9575,26.8866],[91.9009,26.9151],[91.8571,26.9113],[91.8056,26.8511],[91.7306,26.8116],[91.7079,26.8109],[91.7459,26.6869],[91.7459,26.5899],[91.7867,26.5366],[91.7891,26.4994],[91.9364,26.5742],[91.9695,26.554],[92.0281,26.5595],[92.0763,26.6287],[92.1894,26.6688],[92.2702,26.5923],[92.3006,26.6649],[92.3358,26.6687],[92.3281,26.5917],[92.3548,26.585],[92.3635,26.5856]]]},"properties":{"DISTRICT":"Udalguri","ST_NM":"Assam","ST_CEN_CD":18,"DT_CEN_CD":27,"censuscode":326}},
{"type":"Feature","geometry":{"type":"Polygon","coordinates":[[[75.2915,33.0969],[75.2152,33.1305],[75.0764,33.1643],[75.0355,33.1365],[75.0167,33.0919],[75.0443,33.0435],[75.0448,33.0015],[74.9621,32.9448],[74.9467,32.8771],[74.9966,32.8465],[75.0502,32.8844],[75.148,32.7991],[75.1609,32.77],[75.1995,32.7116],[75.2927,32.643],[75.3718,32.6304],[75.4206,32.668],[75.4705,32.6888],[75.4879,32.7398],[75.5902,32.7389],[75.6543,32.7546],[75.6979,32.8109],[75.8245,32.8538],[75.7516,32.8655],[75.6665,32.9344],[75.5878,32.9661],[75.4728,32.999],[75.4422,33.031],[75.3489,33.081],[75.2915,33.0969]]]},"properties":{"DISTRICT":"Udhampur","ST_NM":"Jammu & Kashmir","ST_CEN_CD":1,"DT_CEN_CD":19,"censuscode":19}},
{"type":"Feature","geometry":{"type":"Polygon","coordinates":[[[78.841,29.3622],[78.7966,29.3369],[78.7378,29.324],[78.7707,29.2807],[78.8258,29.2463],[78.8761,29.2435],[78.9111,29.1966],[78.9167,29.1571],[78.9727,29.1556],[79.0247,29.1431],[79.0848,29.1459],[79.1542,29.1136],[79.1466,29.0758],[79.2907,28.9587],[79.4132,28.9262],[79.4074,28.8793],[79.4229,28.8498],[79.519,28.8572],[79.5449,28.8842],[79.6425,28.8528],[79.678,28.8422],[79.7215,28.8731],[79.7863,28.8857],[79.8363,28.8387],[79.8523,28.8026],[79.9238,28.7589],[79.9412,28.7205],[80,28.711],[80.0523,28.7771],[80.0703,28.8292],[80.0666,28.9187],[80.1026,28.9814],[80.1212,28.9853],[80.1362,29.0724],[80.1631,29.1144],[80.0975,29.116],[80.0792,29.0838],[80,29.0687],[79.9701,29.0532],[79.9082,29.0249],[79.8811,28.9909],[79.8045,29.0233],[79.7097,29.033],[79.6513,29.0766],[79.6307,29.0529],[79.4192,29.0514],[79.2504,29.1824],[79.2747,29.2398],[79.1255,29.2738],[79.1101,29.2567],[79.0305,29.2653],[79.0051,29.3176],[78.9796,29.3082],[78.9231,29.3418],[78.841,29.3622]]]},"properties":{"DISTRICT":"Udham Singh Nagar","ST_NM":"Uttarakhand","ST_CEN_CD":5,"DT_CEN_CD":12,"censuscode":67}},
{"type":"Feature","geometry":{"type":"Polygon","coordinates":[[[75.1402,13.4633],[75.1122,13.4623],[75.0492,13.5407],[75.0359,13.5785],[75.06,13.5927],[75.0173,13.6367],[74.9988,13.7392],[74.9334,13.7765],[74.9145,13.8573],[74.8631,13.8647],[74.8466,13.8947],[74.7918,13.9143],[74.7171,13.907],[74.701,13.9503],[74.6677,13.9844],[74.6319,13.9484],[74.5824,13.9259],[74.6143,13.8353],[74.6496,13.663],[74.6719,13.6804],[74.7282,13.635],[74.672,13.5998],[74.6855,13.4726],[74.7238,13.4588],[74.6942,13.3977],[74.6946,13.3576],[74.7181,13.3354],[74.7141,13.2878],[74.7491,13.1855],[74.7631,13.1188],[74.7876,13.0972],[74.8314,13.1263],[74.8628,13.1261],[74.8903,13.0955],[74.8856,13.0439],[74.9647,13.0135],[74.9989,13.0126],[75.014,12.9841],[75.0769,13.0453],[75.13,13.1346],[75.162,13.1333],[75.1998,13.1785],[75.1761,13.2018],[75.1385,13.2899],[75.1151,13.2846],[75.0801,13.3445],[75.1127,13.3581],[75.1508,13.4211],[75.1402,13.4633]]]},"properties":{"DISTRICT":"Udupi","ST_NM":"Karnataka","ST_CEN_CD":29,"DT_CEN_CD":15,"censuscode":569}},
{"type":"Feature","geometry":{"type":"Polygon","coordinates":[[[76.1133,23.2413],[76.1295,23.2781],[76.1823,23.2761],[76.2033,23.3419],[76.243,23.344],[76.2496,23.3786],[76.2087,23.386],[76.1962,23.4989],[76.1553,23.5221],[76.174,23.5529],[76.1451,23.5735],[76.1129,23.5447],[76.0629,23.5623],[75.9542,23.5684],[75.9335,23.5532],[75.852,23.5702],[75.8175,23.6719],[75.8428,23.6863],[75.7844,23.7233],[75.7527,23.7257],[75.7282,23.7578],[75.6911,23.7471],[75.6874,23.7148],[75.6456,23.7083],[75.6218,23.6616],[75.5644,23.6575],[75.5245,23.6688],[75.5039,23.6194],[75.5146,23.5886],[75.4969,23.526],[75.4045,23.5812],[75.398,23.6019],[75.2795,23.5875],[75.2739,23.542],[75.1835,23.5184],[75.1769,23.4673],[75.1579,23.4357],[75.1652,23.3988],[75.2153,23.3291],[75.2609,23.3009],[75.2647,23.2458],[75.2287,23.2135],[75.2415,23.1359],[75.302,23.129],[75.3386,23.0587],[75.3122,23.0461],[75.303,22.9951],[75.3244,22.9877],[75.32,22.9293],[75.3319,22.8388],[75.3745,22.8683],[75.4378,22.8695],[75.4403,22.9075],[75.4795,23.002],[75.5667,23.065],[75.5675,23.0861],[75.6289,23.0838],[75.6346,23.0206],[75.7119,23.0212],[75.8128,23.0409],[75.8738,23.0382],[75.9005,23.0003],[75.9037,23.0256],[75.9554,23.0234],[75.9795,23.0428],[75.9902,23.0868],[75.9599,23.1263],[75.9337,23.1348],[75.9542,23.181],[75.9344,23.2244],[75.9292,23.273],[75.9489,23.3198],[75.9923,23.2803],[76.004,23.2075],[76.0302,23.1804],[76.0331,23.1409],[76.0771,23.0491],[76.11,23.0602],[76.1026,23.0921],[76.0604,23.139],[76.0717,23.1621],[76.127,23.1759],[76.1242,23.2098],[76.0704,23.2085],[76.0727,23.2372],[76.1133,23.2413]]]},"properties":{"DISTRICT":"Ujjain","ST_NM":"Madhya Pradesh","ST_CEN_CD":23,"DT_CEN_CD":18,"censuscode":435}},
{"type":"Feature","geometry":{"type":"Polygon","coordinates":[[[94.6808,25.4532],[94.6238,25.4627],[94.556,25.5066],[94.5544,25.5797],[94.5825,25.6283],[94.5958,25.6808],[94.5719,25.6916],[94.5384,25.6451],[94.4923,25.6084],[94.433,25.5094],[94.378,25.3878],[94.3806,25.3572],[94.2989,25.249],[94.2587,25.2277],[94.222,25.182],[94.1958,25.1761],[94.1317,25.112],[94.1208,25.0691],[94.1526,25.0232],[94.1489,25.0004],[94.1736,24.9255],[94.1501,24.8752],[94.1629,24.7972],[94.184,24.7656],[94.1857,24.6708],[94.2035,24.6261],[94.2855,24.601],[94.4065,24.4831],[94.4271,24.4868],[94.4631,24.569],[94.5183,24.6101],[94.5483,24.6681],[94.5486,24.7098],[94.6084,24.7152],[94.6389,24.8418],[94.6898,24.8928],[94.6997,24.9614],[94.74,25.0182],[94.7485,25.0564],[94.7436,25.1296],[94.5998,25.1886],[94.5836,25.2092],[94.597,25.2826],[94.6343,25.3526],[94.6476,25.3998],[94.6693,25.406],[94.6808,25.4532]]]},"properties":{"DISTRICT":"Ukhrul","ST_NM":"Manipur","ST_CEN_CD":14,"DT_CEN_CD":8,"censuscode":279}},
{"type":"Feature","geometry":{"type":"Polygon","coordinates":[[[81.2573,23.2088],[81.2832,23.229],[81.2888,23.2728],[81.3343,23.2967],[81.3493,23.3495],[81.3141,23.4286],[81.2933,23.4961],[81.3005,23.5576],[81.2524,23.5768],[81.2291,23.6792],[81.2475,23.7246],[81.2141,23.745],[81.1821,23.7956],[81.2237,23.8546],[81.2002,23.8843],[81.1622,23.8911],[81.1312,23.9667],[81.0732,23.963],[81.0608,24.0003],[81.0025,24.0708],[81.0023,24.0851],[81.0069,24.088],[81.0117,24.0925],[81.0035,24.0934],[80.9858,24.0781],[80.9767,24.0678],[80.9582,24.0664],[80.9312,24.058],[80.8789,23.9907],[80.8356,23.9532],[80.8408,23.9107],[80.8946,23.8607],[80.9133,23.7866],[80.892,23.7659],[80.9042,23.6821],[80.8216,23.6693],[80.7305,23.7291],[80.6895,23.7344],[80.6516,23.6371],[80.6035,23.5883],[80.5602,23.562],[80.5459,23.4928],[80.5653,23.4676],[80.5443,23.393],[80.5741,23.3517],[80.7017,23.3709],[80.7571,23.344],[80.7549,23.32],[80.7172,23.2805],[80.7627,23.2196],[80.7934,23.2499],[80.8718,23.2369],[80.9152,23.259],[80.9378,23.2889],[80.9947,23.2323],[81.0678,23.1944],[81.1249,23.2162],[81.1378,23.2351],[81.1392,23.2423],[81.1378,23.3199],[81.1791,23.3122],[81.1935,23.2895],[81.203,23.2785],[81.2256,23.2354],[81.2573,23.2088]]]},"properties":{"DISTRICT":"Umaria","ST_NM":"Madhya Pradesh","ST_CEN_CD":23,"DT_CEN_CD":14,"censuscode":431}},
{"type":"Feature","geometry":{"type":"Polygon","coordinates":[[[76.3139,31.7217],[76.2896,31.6866],[76.2239,31.7427],[76.2038,31.7729],[76.1149,31.8055],[76.0475,31.8616],[75.959,31.8562],[75.9596,31.7799],[76.0171,31.6449],[76.0982,31.5352],[76.1423,31.4416],[76.1708,31.4023],[76.148,31.3805],[76.1802,31.3392],[76.1867,31.3044],[76.2913,31.3074],[76.3441,31.3427],[76.33,31.3999],[76.3958,31.408],[76.4719,31.4244],[76.459,31.486],[76.3944,31.6201],[76.3677,31.6406],[76.3139,31.7217]]]},"properties":{"DISTRICT":"Una","ST_NM":"Himachal Pradesh","ST_CEN_CD":2,"DT_CEN_CD":7,"censuscode":29}},
{"type":"Feature","geometry":{"type":"Polygon","coordinates":[[[80.5605,27.0108],[80.4462,26.9665],[80.4277,26.9415],[80.3843,26.9303],[80.3391,26.9484],[80.3048,27.025],[80.2522,27.0266],[80.2298,26.9704],[80.1742,26.9587],[80.1619,26.9851],[80.1004,26.9796],[80.0517,26.9191],[80.1069,26.8716],[80.105,26.8377],[80.1332,26.7428],[80.1865,26.6868],[80.2332,26.6873],[80.2591,26.6695],[80.304,26.6057],[80.2965,26.5477],[80.3479,26.4857],[80.4054,26.4566],[80.4224,26.4239],[80.5333,26.3575],[80.5671,26.2267],[80.6023,26.2244],[80.6145,26.1516],[80.6584,26.1448],[80.6761,26.1213],[80.7318,26.1761],[80.8122,26.2077],[80.8878,26.2919],[80.8319,26.349],[80.8461,26.3711],[80.9014,26.35],[80.9385,26.3567],[80.9518,26.3074],[80.9988,26.3138],[81,26.3455],[81.038,26.3609],[81.0261,26.4029],[80.9847,26.4733],[81.0031,26.4899],[81,26.5349],[80.8919,26.5979],[80.8831,26.6313],[80.8428,26.663],[80.7945,26.6464],[80.7571,26.6862],[80.7294,26.6559],[80.6991,26.6888],[80.7026,26.747],[80.7377,26.7757],[80.6809,26.8606],[80.6274,26.8887],[80.6001,26.9839],[80.5605,27.0108]]]},"properties":{"DISTRICT":"Unnao","ST_NM":"Uttar Pradesh","ST_CEN_CD":9,"DT_CEN_CD":25,"censuscode":156}},
{"type":"Feature","geometry":{"type":"Polygon","coordinates":[[[95.2723,29.0477],[95.2557,29.1082],[95.1825,29.107],[95.1186,29.1197],[95.1035,29.1424],[95.0102,29.1692],[94.9242,29.1611],[94.8773,29.1832],[94.8035,29.1636],[94.8035,29.2091],[94.7723,29.252],[94.6833,29.3273],[94.6343,29.3482],[94.6167,29.3006],[94.5799,29.2746],[94.5638,29.2283],[94.5004,29.2161],[94.4371,29.2263],[94.3782,29.1897],[94.356,29.1496],[94.2936,29.1476],[94.2205,29.0835],[94.1911,29.0382],[94.3461,28.9836],[94.4834,28.8581],[94.7001,28.728],[94.749,28.6861],[94.7501,28.5876],[94.7622,28.5336],[94.8231,28.5677],[94.9051,28.5484],[94.9759,28.565],[94.9923,28.5288],[95.0417,28.5151],[95.0876,28.5263],[95.114,28.5004],[95.1142,28.4625],[95.0852,28.4147],[95.1209,28.3761],[95.11,28.263],[95.1722,28.2001],[95.1959,28.1641],[95.2274,28.1517],[95.2993,28.1984],[95.3455,28.2442],[95.3564,28.2918],[95.3851,28.3104],[95.372,28.3563],[95.3414,28.3654],[95.34,28.4766],[95.3695,28.4917],[95.4112,28.5456],[95.3793,28.6048],[95.3582,28.7014],[95.3927,28.741],[95.357,28.8179],[95.3338,28.8336],[95.3217,28.9095],[95.3032,28.9564],[95.2594,28.9509],[95.2471,29.0005],[95.2723,29.0477]]]},"properties":{"DISTRICT":"Upper Siang","ST_NM":"Arunanchal Pradesh","ST_CEN_CD":12,"DT_CEN_CD":8,"censuscode":252}},
{"type":"Feature","geometry":{"type":"Polygon","coordinates":[[[94.3205,27.7736],[94.3359,27.7574],[94.4728,27.8325],[94.5805,27.8557],[94.5963,27.8897],[94.5614,27.9021],[94.5285,27.9579],[94.5164,28.0151],[94.4704,28.0484],[94.3952,28.0824],[94.3948,28.1416],[94.3711,28.2111],[94.3975,28.2632],[94.3782,28.2946],[94.4066,28.3275],[94.3119,28.3752],[94.3122,28.4142],[94.2451,28.4464],[94.1879,28.4291],[94.1361,28.4512],[94.1121,28.521],[94.0047,28.5775],[94.0267,28.6509],[93.9654,28.712],[93.9396,28.676],[93.9092,28.6756],[93.8492,28.7065],[93.7804,28.6676],[93.7369,28.6884],[93.6123,28.6551],[93.5299,28.6606],[93.501,28.6834],[93.4512,28.6754],[93.4173,28.6523],[93.3378,28.6331],[93.3053,28.5989],[93.3107,28.5656],[93.2812,28.5041],[93.2343,28.4772],[93.1956,28.4253],[93.2366,28.3999],[93.2249,28.3346],[93.2489,28.3605],[93.2975,28.34],[93.3401,28.353],[93.3895,28.306],[93.4563,28.2716],[93.4794,28.2808],[93.5748,28.2556],[93.614,28.2716],[93.6313,28.3054],[93.684,28.3213],[93.7689,28.2625],[93.8428,28.2388],[93.8539,28.199],[93.8959,28.1283],[93.8571,28.083],[93.8773,28.053],[93.941,28.0016],[93.9493,27.9785],[94.0189,27.9549],[94.0715,27.9388],[94.0511,27.9142],[94.0634,27.8691],[94.1524,27.8656],[94.1952,27.8362],[94.1968,27.8111],[94.2608,27.8074],[94.3205,27.7736]]]},"properties":{"DISTRICT":"Upper Subansiri","ST_NM":"Arunanchal Pradesh","ST_CEN_CD":12,"DT_CEN_CD":5,"censuscode":249}},
{"type":"Feature","geometry":{"type":"Polygon","coordinates":[[[88.4615,25.5935],[88.4563,25.6626],[88.421,25.6629],[88.3761,25.7139],[88.3007,25.7589],[88.2712,25.8084],[88.2117,25.7863],[88.1581,25.7828],[88.1159,25.7958],[88.0944,25.894],[88.1252,25.9684],[88.1795,26.0224],[88.1632,26.105],[88.1828,26.1475],[88.2528,26.1925],[88.3304,26.2054],[88.3594,26.235],[88.3641,26.2934],[88.4525,26.3601],[88.513,26.3609],[88.5232,26.3831],[88.4872,26.4599],[88.4185,26.466],[88.3451,26.4974],[88.2713,26.4857],[88.2432,26.4492],[88.2744,26.4217],[88.2357,26.3898],[88.2804,26.3772],[88.2675,26.3378],[88.231,26.2894],[88.1508,26.2528],[88.0812,26.1813],[88.0438,26.1777],[88.0055,26.1404],[87.976,26.1544],[87.9662,26.084],[87.9193,26.091],[87.8485,26.0445],[87.8242,25.9331],[87.8245,25.8816],[87.9171,25.8519],[87.907,25.7805],[87.9856,25.7187],[88.0567,25.6861],[88.0417,25.6413],[88.0472,25.6058],[88.0328,25.5536],[88.0745,25.5134],[88.0738,25.4972],[88.0761,25.4809],[88.1279,25.3634],[88.1151,25.3276],[88.114,25.323],[88.1321,25.2513],[88.1831,25.2896],[88.1854,25.2859],[88.2479,25.3796],[88.2667,25.4254],[88.2565,25.4871],[88.3304,25.5505],[88.3907,25.566],[88.413,25.5906],[88.4615,25.5935]]]},"properties":{"DISTRICT":"Uttar Dinajpur","ST_NM":"West Bengal","ST_CEN_CD":19,"DT_CEN_CD":4,"censuscode":330}},
{"type":"Feature","geometry":{"type":"Polygon","coordinates":[[[74.7426,15.4115],[74.6992,15.4099],[74.6143,15.3587],[74.5676,15.4034],[74.5345,15.4192],[74.4798,15.3959],[74.4233,15.4168],[74.4206,15.462],[74.3755,15.482],[74.3403,15.5188],[74.2773,15.5217],[74.2498,15.4918],[74.2761,15.4455],[74.2836,15.3836],[74.3222,15.3697],[74.3172,15.332],[74.3356,15.2954],[74.2703,15.2769],[74.2571,15.2443],[74.2959,15.2306],[74.3159,15.1866],[74.2833,15.1457],[74.2748,15.1044],[74.2962,15.0425],[74.2554,14.9934],[74.2353,14.9491],[74.1799,14.956],[74.1424,14.9211],[74.088,14.896],[74.1251,14.8335],[74.1078,14.7856],[74.2039,14.7328],[74.2366,14.7473],[74.2625,14.7224],[74.2852,14.6396],[74.2788,14.6194],[74.3308,14.5142],[74.3567,14.5106],[74.3974,14.4083],[74.4141,14.3119],[74.4436,14.2811],[74.479,14.2841],[74.4456,14.224],[74.465,14.1982],[74.5158,13.9895],[74.5824,13.9259],[74.6319,13.9484],[74.6677,13.9844],[74.6775,14.0381],[74.6401,14.0975],[74.6439,14.1441],[74.6666,14.1875],[74.6908,14.1706],[74.729,14.1786],[74.7171,14.234],[74.7308,14.267],[74.7671,14.2384],[74.8217,14.2335],[74.8568,14.2137],[74.9187,14.2313],[74.9406,14.2612],[74.9104,14.2892],[74.9262,14.3217],[74.976,14.3352],[74.9216,14.4327],[74.886,14.4313],[74.9058,14.5294],[74.979,14.5525],[74.9935,14.504],[75.0428,14.5008],[75.0266,14.5591],[75.027,14.6084],[75.0512,14.6486],[75.0323,14.7068],[75.0713,14.7798],[75.0707,14.9181],[75.1038,14.926],[75.0696,15.0158],[75.0813,15.0726],[74.9405,15.0662],[74.8931,15.0448],[74.8825,15.0995],[74.8288,15.1333],[74.8771,15.1932],[74.8732,15.213],[74.909,15.2507],[74.8988,15.299],[74.8263,15.3434],[74.8212,15.3838],[74.7426,15.4115]]]},"properties":{"DISTRICT":"Uttara Kannada","ST_NM":"Karnataka","ST_CEN_CD":29,"DT_CEN_CD":9,"censuscode":563}},
{"type":"Feature","geometry":{"type":"Polygon","coordinates":[[[77.8052,30.9214],[77.8183,30.9358],[77.8412,30.9338],[77.9089,30.954],[77.9172,30.9621],[77.9288,30.9695],[77.9709,30.9751],[78.0224,30.912],[77.9805,30.8972],[77.9885,30.8489],[78.0305,30.7863],[78.0658,30.7589],[78.0891,30.7186],[78.0715,30.6723],[78.0156,30.6127],[78.0484,30.5975],[78.0876,30.6302],[78.1555,30.6346],[78.1704,30.5886],[78.2085,30.5778],[78.2442,30.6045],[78.2824,30.6099],[78.4131,30.4825],[78.4558,30.5405],[78.441,30.5895],[78.4844,30.6268],[78.5136,30.5945],[78.4972,30.5388],[78.5216,30.5282],[78.5393,30.5285],[78.5446,30.5295],[78.5471,30.5313],[78.5477,30.5331],[78.5449,30.5515],[78.5501,30.5726],[78.5962,30.6279],[78.6024,30.6911],[78.6634,30.6915],[78.7257,30.7319],[78.7418,30.7174],[78.8086,30.7219],[78.8551,30.7554],[78.8521,30.8493],[78.8792,30.8774],[78.9215,30.8788],[78.9466,30.8569],[79,30.8623],[79.0158,30.8489],[79.0181,30.8201],[79.0671,30.8001],[79.0914,30.7764],[79.2172,30.7396],[79.2491,30.733],[79.2593,30.7238],[79.275,30.7248],[79.279,30.7261],[79.2809,30.7267],[79.2907,30.7518],[79.2305,30.8081],[79.2849,30.9352],[79.2705,30.96],[79.2983,30.9707],[79.315,30.9629],[79.3229,30.9632],[79.329,30.9729],[79.3309,31.0283],[79.3611,31.0346],[79.3896,31.0673],[79.4076,31.0744],[79.3972,31.113],[79.3404,31.1245],[79.315,31.1439],[79.2783,31.24],[79.2494,31.2488],[79.2637,31.2914],[79.2373,31.3321],[79.1933,31.3671],[79.1447,31.4337],[79.0726,31.4672],[79.0499,31.423],[78.9962,31.3519],[78.9458,31.3328],[78.9253,31.2287],[78.9505,31.2172],[78.9615,31.1884],[78.9872,31.1772],[79.0119,31.1123],[78.8951,31.0986],[78.8339,31.142],[78.8103,31.1999],[78.7646,31.1892],[78.6658,31.1928],[78.6158,31.2308],[78.5818,31.2287],[78.5522,31.2017],[78.4852,31.1988],[78.4346,31.255],[78.3844,31.2831],[78.3321,31.2803],[78.3215,31.2814],[78.3135,31.2834],[78.2476,31.2302],[78.1999,31.2186],[78.1628,31.2268],[78.1072,31.1881],[78.0447,31.1806],[78.0225,31.1524],[77.9695,31.1741],[77.9169,31.1542],[77.8661,31.1064],[77.8574,31.0767],[77.8195,31.0495],[77.8391,31.0005],[77.8107,30.9651],[77.7682,30.9722],[77.7598,30.9176],[77.8052,30.9214]]]},"properties":{"DISTRICT":"Uttarkashi","ST_NM":"Uttarakhand","ST_CEN_CD":5,"DT_CEN_CD":1,"censuscode":56}},
{"type":"Feature","geometry":{"type":"MultiPolygon","coordinates":[[[[73.8047,22.5487],[73.7583,22.5461],[73.7323,22.515],[73.7266,22.4611],[73.7422,22.4381],[73.7382,22.3895],[73.7541,22.3453],[73.6993,22.2853],[73.6475,22.2988],[73.6588,22.3347],[73.7044,22.3573],[73.6439,22.3844],[73.6187,22.3592],[73.6306,22.3227],[73.5659,22.3267],[73.5503,22.3415],[73.4855,22.3458],[73.4226,22.4265],[73.4311,22.4564],[73.4072,22.5058],[73.4205,22.5475],[73.3734,22.5531],[73.3863,22.6224],[73.416,22.6591],[73.3927,22.6838],[73.3864,22.7383],[73.4273,22.7583],[73.3864,22.8068],[73.3512,22.7893],[73.2813,22.7789],[73.2594,22.7623],[73.2536,22.7154],[73.2689,22.6747],[73.2303,22.6338],[73.1625,22.5897],[73.1393,22.5271],[73.0963,22.5097],[73.094,22.4578],[73.0676,22.426],[73.0737,22.3953],[73.0496,22.3647],[73.0629,22.3134],[72.9784,22.2477],[72.9153,22.2782],[72.9196,22.2607],[72.8993,22.2321],[72.8648,22.2257],[72.8869,22.173],[72.8683,22.1557],[72.9073,22.0665],[72.9357,22.0391],[72.9808,22.0473],[73.0319,21.9959],[73.0692,21.9226],[73.0632,21.8808],[73.1234,21.8761],[73.2104,21.8198],[73.2521,21.8624],[73.2268,21.9161],[73.2676,21.9298],[73.3001,21.8895],[73.3535,21.8823],[73.3668,21.9277],[73.4334,21.914],[73.4516,21.976],[73.5076,21.9627],[73.5037,22.0369],[73.6163,22.0773],[73.6473,22.072],[73.6726,22.0166],[73.698,22.0047],[73.6986,22.0048],[73.6992,22.0048],[73.6998,22.0047],[73.7108,22.0008],[73.707,21.9966],[73.7043,21.9785],[73.7153,21.9783],[73.8085,21.9271],[73.8592,21.9499],[73.9441,21.869],[74.042,21.9213],[74.1417,21.9524],[74.1496,21.9848],[74.0959,22],[74.1336,22.0518],[74.1187,22.2112],[74.0715,22.2202],[74.0741,22.2666],[74.055,22.2841],[74.0679,22.3585],[74.108,22.3699],[74.1304,22.3306],[74.1873,22.3201],[74.1946,22.3412],[74.2705,22.3911],[74.2338,22.4374],[74.1012,22.4316],[74.0814,22.5068],[74.0396,22.5151],[74.0629,22.5491],[74.0203,22.5708],[73.9635,22.5383],[73.9375,22.5422],[73.9082,22.5077],[73.8525,22.5109],[73.8151,22.546],[73.8047,22.5487]]],[[[72.8551,22.2718],[72.8668,22.2426],[72.9099,22.2606],[72.8551,22.2718]]]]},"properties":{"DISTRICT":"Vadodara","ST_NM":"Gujarat","ST_CEN_CD":24,"DT_CEN_CD":19,"censuscode":486}},
{"type":"Feature","geometry":{"type":"Polygon","coordinates":[[[85.6335,25.9226],[85.5254,25.9158],[85.3866,25.9273],[85.3337,25.9484],[85.2859,25.9471],[85.2991,25.9885],[85.2703,26.0132],[85.2337,26.0023],[85.1704,26.0105],[85.1504,25.9916],[85.0696,25.9715],[85.0831,25.9247],[85.1163,25.8914],[85.1253,25.8531],[85.1672,25.8328],[85.182,25.7874],[85.176,25.7534],[85.2003,25.675],[85.195,25.624],[85.2516,25.5961],[85.3115,25.5155],[85.4966,25.4945],[85.5388,25.5055],[85.5341,25.5849],[85.5726,25.6799],[85.6124,25.7069],[85.6296,25.7693],[85.6056,25.7971],[85.6113,25.8718],[85.6335,25.9226]]]},"properties":{"DISTRICT":"Vaishali","ST_NM":"Bihar","ST_CEN_CD":10,"DT_CEN_CD":18,"censuscode":220}},
{"type":"Feature","geometry":{"type":"Polygon","coordinates":[[[73.4076,20.6259],[73.2603,20.5812],[73.2156,20.6036],[73.0744,20.6],[73.0364,20.7028],[72.9731,20.7427],[72.9623,20.7206],[72.8983,20.7356],[72.845,20.7311],[72.8827,20.6102],[72.873,20.5064],[72.8446,20.4746],[72.8825,20.4628],[72.8958,20.4214],[72.8809,20.3696],[72.802,20.3742],[72.7765,20.3577],[72.7378,20.2462],[72.7456,20.2021],[72.7293,20.1368],[72.776,20.1308],[72.8175,20.1573],[72.8391,20.2086],[72.8733,20.2272],[72.9597,20.2128],[72.959,20.2344],[72.9129,20.2687],[72.9353,20.2939],[73.0356,20.2928],[73.0449,20.3255],[73.1674,20.3125],[73.0918,20.2292],[73.0601,20.2218],[73.0621,20.1638],[73.1096,20.1593],[73.1713,20.2026],[73.2066,20.1222],[73.2499,20.1247],[73.2842,20.1539],[73.3019,20.2072],[73.3669,20.1949],[73.418,20.2014],[73.4116,20.2569],[73.4282,20.2819],[73.4061,20.3814],[73.4406,20.4664],[73.4677,20.4947],[73.4726,20.5833],[73.432,20.5948],[73.4076,20.6259]]]},"properties":{"DISTRICT":"Valsad","ST_NM":"Gujarat","ST_CEN_CD":24,"DT_CEN_CD":24,"censuscode":491}},
{"type":"Feature","geometry":{"type":"Polygon","coordinates":[[[83.0723,25.5507],[83.0294,25.5706],[82.9826,25.5538],[82.965,25.5268],[82.929,25.5704],[82.8382,25.566],[82.7797,25.5289],[82.7425,25.5462],[82.6886,25.4299],[82.6937,25.3945],[82.6827,25.3527],[82.7018,25.326],[82.672,25.2482],[82.7107,25.2626],[82.7572,25.2427],[82.8171,25.2572],[82.7925,25.2099],[82.8568,25.1691],[82.8716,25.1995],[82.9188,25.2131],[83.0022,25.2027],[83.0341,25.2415],[83.0491,25.282],[83.0173,25.3032],[83.0901,25.3301],[83.1388,25.3169],[83.1762,25.353],[83.1909,25.419],[83.1308,25.444],[83.1797,25.5103],[83.087,25.4937],[83.0723,25.5507]]]},"properties":{"DISTRICT":"Varanasi","ST_NM":"Uttar Pradesh","ST_CEN_CD":9,"DT_CEN_CD":66,"censuscode":197}},
{"type":"Feature","geometry":{"type":"Polygon","coordinates":[[[79.7855,13.0221],[79.7488,13.0502],[79.7323,13.0952],[79.7358,13.1644],[79.655,13.2083],[79.6295,13.1436],[79.5698,13.134],[79.4824,13.1381],[79.4533,13.0922],[79.4242,13.1445],[79.3827,13.0787],[79.3472,13.0605],[79.3014,13.0896],[79.2861,13.1328],[79.2385,13.1464],[79.2055,13.1015],[79.165,13.0191],[79.1165,13.0359],[79.0812,13.0257],[79.0653,13.0495],[78.9936,13.0875],[78.9577,13.0748],[78.8124,13.0865],[78.751,13.0563],[78.7139,13.0669],[78.7053,13.0152],[78.6625,13.0286],[78.6317,12.9846],[78.6363,12.9249],[78.6032,12.8493],[78.5918,12.778],[78.5574,12.7394],[78.564,12.7079],[78.4693,12.6729],[78.4714,12.6281],[78.4092,12.6242],[78.4205,12.5679],[78.4172,12.486],[78.451,12.4495],[78.4365,12.3962],[78.4901,12.3866],[78.516,12.4044],[78.5702,12.3854],[78.6172,12.3373],[78.607,12.2628],[78.6522,12.2578],[78.7121,12.3047],[78.7359,12.3766],[78.7707,12.4238],[78.7775,12.4761],[78.8189,12.5301],[78.8604,12.6341],[78.8983,12.6875],[78.9809,12.6659],[78.9955,12.703],[79.0339,12.6932],[79.0752,12.7518],[79.1411,12.7574],[79.2061,12.7403],[79.2094,12.784],[79.2414,12.7958],[79.2884,12.7801],[79.3236,12.7425],[79.3824,12.7078],[79.3552,12.6446],[79.3841,12.6273],[79.4125,12.6556],[79.4525,12.6703],[79.4668,12.7145],[79.4568,12.7547],[79.4767,12.7761],[79.4573,12.8103],[79.4595,12.8455],[79.4901,12.8723],[79.5146,12.8538],[79.5604,12.8496],[79.573,12.8994],[79.662,12.9296],[79.6609,12.9482],[79.7349,12.985],[79.7855,13.0221]]]},"properties":{"DISTRICT":"Vellore","ST_NM":"Tamil Nadu","ST_CEN_CD":33,"DT_CEN_CD":4,"censuscode":605}},
{"type":"Feature","geometry":{"type":"Polygon","coordinates":[[[77.649,24.3151],[77.5985,24.2976],[77.5941,24.269],[77.5536,24.2486],[77.5041,24.2537],[77.4515,24.24],[77.4013,24.2752],[77.4091,24.3274],[77.3582,24.347],[77.3229,24.285],[77.3518,24.2148],[77.3422,24.1805],[77.2888,24.1247],[77.2982,24.0884],[77.2644,24.0701],[77.3107,24.0098],[77.3081,23.9215],[77.3186,23.8938],[77.3748,23.884],[77.4176,23.8047],[77.4711,23.7605],[77.5074,23.7773],[77.5502,23.7577],[77.5742,23.7686],[77.6046,23.7305],[77.6507,23.6984],[77.632,23.6621],[77.5799,23.6527],[77.5602,23.601],[77.5088,23.5729],[77.522,23.5176],[77.5682,23.5014],[77.6256,23.4638],[77.6727,23.5179],[77.7349,23.5345],[77.8113,23.4613],[77.8785,23.442],[77.9153,23.4523],[77.9578,23.4148],[77.9608,23.3724],[78.0222,23.345],[78.0503,23.3676],[78.0483,23.4013],[77.9926,23.4265],[78.0151,23.4737],[78.0859,23.4503],[78.1348,23.4835],[78.1341,23.5164],[78.1972,23.5355],[78.2216,23.5288],[78.242,23.5808],[78.2684,23.596],[78.2927,23.6737],[78.2601,23.7243],[78.2639,23.7685],[78.2866,23.7838],[78.2985,23.8283],[78.2732,23.8441],[78.289,23.9263],[78.2906,23.9853],[78.2781,24.0288],[78.2119,24.0679],[78.1824,24.0114],[78.1185,24.0408],[78.1354,24.1157],[78.1176,24.1262],[78.1342,24.2109],[78.0971,24.2095],[78.059,24.2288],[78.0724,24.2563],[78.0248,24.2808],[78.0144,24.2431],[77.9662,24.2479],[77.888,24.2774],[77.8798,24.3176],[77.8132,24.3084],[77.7868,24.3177],[77.7158,24.3023],[77.649,24.3151]]]},"properties":{"DISTRICT":"Vidisha","ST_NM":"Madhya Pradesh","ST_CEN_CD":23,"DT_CEN_CD":26,"censuscode":443}},
{"type":"Feature","geometry":{"type":"Polygon","coordinates":[[[79.6448,12.3452],[79.592,12.3493],[79.5322,12.3684],[79.4499,12.3779],[79.4021,12.4345],[79.327,12.4494],[79.238,12.4403],[79.2267,12.4008],[79.2487,12.3783],[79.2228,12.3302],[79.2867,12.3193],[79.2395,12.2344],[79.2142,12.1659],[79.2795,12.1232],[79.2611,12.0813],[79.2354,12.0618],[79.2007,12.0691],[79.1672,12.0315],[79.0996,12.0226],[79.0541,12.0372],[79.0188,12.0653],[78.9607,12.0666],[78.9177,12.0141],[78.8798,12.0247],[78.82,12.0078],[78.7606,12.0093],[78.7175,11.9798],[78.7054,11.9338],[78.7245,11.9153],[78.6414,11.8818],[78.627,11.8635],[78.6948,11.8455],[78.6903,11.7986],[78.641,11.7599],[78.651,11.6635],[78.7819,11.6986],[78.8043,11.685],[78.7794,11.6036],[78.8286,11.5763],[78.816,11.5457],[78.8449,11.5196],[78.8758,11.505],[78.9051,11.5023],[78.9235,11.5646],[79.007,11.5762],[79.0181,11.6044],[79.0678,11.5959],[79.0869,11.6298],[79.1173,11.5981],[79.1849,11.5858],[79.2113,11.6341],[79.2533,11.6508],[79.2973,11.6343],[79.3829,11.6787],[79.4451,11.664],[79.433,11.7328],[79.4432,11.8078],[79.4845,11.807],[79.4557,11.87],[79.5872,11.8409],[79.6364,11.7999],[79.6754,11.8063],[79.676,11.8137],[79.6817,11.8125],[79.6834,11.8122],[79.6866,11.8207],[79.6906,11.8196],[79.6895,11.828],[79.7027,11.8312],[79.6958,11.8432],[79.6954,11.8594],[79.69,11.8669],[79.69,11.8816],[79.6882,11.8842],[79.6863,11.8809],[79.6741,11.8864],[79.6949,11.8936],[79.695,11.9004],[79.6949,11.9077],[79.7176,11.9168],[79.7168,11.8909],[79.7305,11.8894],[79.7311,11.9011],[79.7326,11.9036],[79.7191,11.9273],[79.7111,11.9344],[79.7128,11.931],[79.6926,11.9536],[79.7165,11.9664],[79.7102,11.9753],[79.6572,11.9899],[79.6591,12.0004],[79.6592,12.0068],[79.6621,12.0113],[79.7072,12.0253],[79.7056,12.0105],[79.7166,12.0003],[79.7185,11.9943],[79.7674,11.9905],[79.7294,11.9695],[79.7519,11.9418],[79.752,11.9216],[79.7556,11.9216],[79.7559,11.9239],[79.7629,11.9433],[79.8067,11.9622],[79.8075,11.9715],[79.8331,11.9549],[79.8409,12.0132],[79.8445,12.0319],[79.85,12.0502],[79.875,12.0433],[79.8946,12.081],[80.0048,12.2559],[79.9553,12.2311],[79.9042,12.2288],[79.8707,12.2443],[79.825,12.3105],[79.7833,12.34],[79.7525,12.3244],[79.718,12.336],[79.6853,12.3162],[79.6448,12.3452]],[[79.6277,12.0304],[79.6543,12.0238],[79.6405,11.9902],[79.6416,11.9733],[79.6491,11.9603],[79.6488,11.9532],[79.6435,11.9447],[79.6582,11.9479],[79.6592,11.9441],[79.6613,11.9405],[79.6613,11.9375],[79.6713,11.9328],[79.6719,11.9223],[79.6725,11.9147],[79.6629,11.914],[79.6265,11.9024],[79.628,11.9044],[79.6201,11.9244],[79.6199,11.9399],[79.6205,11.9441],[79.6294,11.9441],[79.6285,11.9535],[79.6184,11.9701],[79.619,11.9873],[79.625,11.988],[79.6197,12.0004],[79.6205,12.0093],[79.6223,12.0143],[79.6277,12.0304]],[[79.5998,11.8798],[79.6314,11.8881],[79.6362,11.8805],[79.6367,11.8867],[79.6426,11.8861],[79.6499,11.8803],[79.6494,11.8746],[79.6566,11.8708],[79.6643,11.8603],[79.6268,11.8524],[79.6204,11.8633],[79.6024,11.8565],[79.6005,11.8754],[79.5998,11.8798]],[[79.6625,11.9682],[79.6889,11.9719],[79.6849,11.9531],[79.6544,11.9585],[79.6612,11.9621],[79.6625,11.9682]],[[79.6409,11.8227],[79.6613,11.8387],[79.6601,11.8263],[79.6708,11.8228],[79.67,11.8149],[79.6463,11.8162],[79.6409,11.8227]]]},"properties":{"DISTRICT":"Viluppuram","ST_NM":"Tamil Nadu","ST_CEN_CD":33,"DT_CEN_CD":6,"censuscode":607}},
{"type":"Feature","geometry":{"type":"MultiPolygon","coordinates":[[[[78.1339,9.7646],[78.1095,9.7849],[78.0634,9.7409],[78.089,9.6755],[78.0411,9.6764],[78.0155,9.6392],[77.9643,9.6452],[77.8438,9.6355],[77.7762,9.6404],[77.7652,9.6798],[77.7253,9.6932],[77.6694,9.6767],[77.6442,9.7053],[77.6113,9.6978],[77.5866,9.666],[77.5204,9.6382],[77.4989,9.5766],[77.4784,9.5626],[77.4031,9.5261],[77.3987,9.4705],[77.3681,9.4589],[77.3406,9.4173],[77.3893,9.3908],[77.4341,9.3911],[77.441,9.3542],[77.4969,9.3341],[77.5247,9.338],[77.5465,9.3717],[77.5937,9.3148],[77.6254,9.2917],[77.7126,9.2895],[77.7727,9.2363],[77.7978,9.2556],[77.8482,9.2422],[77.8821,9.2428],[77.8814,9.2062],[77.9122,9.1987],[77.9455,9.2186],[77.9574,9.2495],[78.0114,9.2728],[78.0128,9.3046],[78.0599,9.3609],[78.1702,9.368],[78.1757,9.3372],[78.2108,9.3252],[78.2254,9.296],[78.2828,9.2751],[78.3321,9.2615],[78.3776,9.2917],[78.3766,9.3181],[78.3375,9.3658],[78.2966,9.3887],[78.2449,9.3769],[78.2199,9.4442],[78.2756,9.4456],[78.3304,9.479],[78.3488,9.5148],[78.3842,9.5161],[78.3768,9.5663],[78.4186,9.5959],[78.3088,9.7145],[78.21,9.7798],[78.1725,9.7478],[78.1531,9.7523],[78.1386,9.7617],[78.1339,9.7646]]],[[[79.3272,9.2965],[79.3168,9.3249],[79.2707,9.2935],[79.2106,9.2892],[79.2198,9.2583],[79.2624,9.2611],[79.3311,9.2314],[79.3272,9.2965]]]]},"properties":{"DISTRICT":"Virudunagar","ST_NM":"Tamil Nadu","ST_CEN_CD":33,"DT_CEN_CD":24,"censuscode":625}},
{"type":"Feature","geometry":{"type":"Polygon","coordinates":[[[83.1467,18.1767],[83.1587,18.2525],[83.2008,18.1954],[83.274,18.225],[83.2685,18.275],[83.2232,18.2979],[83.2129,18.3333],[83.1729,18.3095],[83.155,18.3413],[83.1022,18.359],[83.0737,18.3348],[83.075,18.3811],[83.0478,18.3788],[83.0199,18.3869],[83.0117,18.3856],[83.0054,18.3835],[83.0002,18.3837],[82.9847,18.3636],[82.911,18.3645],[82.8992,18.4007],[82.8074,18.4477],[82.7845,18.428],[82.7925,18.3626],[82.7754,18.3396],[82.7064,18.3048],[82.6733,18.2991],[82.64,18.2371],[82.5976,18.2652],[82.606,18.3708],[82.5435,18.3977],[82.5314,18.5118],[82.4897,18.5228],[82.4374,18.4928],[82.3696,18.4177],[82.3928,18.3803],[82.3538,18.3298],[82.4014,18.3145],[82.3754,18.2791],[82.3453,18.2743],[82.3412,18.224],[82.3145,18.2038],[82.3418,18.1507],[82.3449,18.0558],[82.2667,18.0433],[82.2758,17.995],[82.2503,17.9883],[82.1723,18.0499],[82.0332,18.066],[81.9816,18.0138],[82.0314,17.9369],[82.0033,17.8857],[82.0211,17.8558],[81.9776,17.8421],[81.8679,17.754],[81.8825,17.7412],[81.9698,17.7445],[82.0175,17.7598],[82.0307,17.6872],[82.0033,17.6362],[82.0656,17.638],[82.1282,17.6543],[82.1628,17.6151],[82.2173,17.638],[82.3375,17.5904],[82.3351,17.5112],[82.4116,17.4727],[82.4564,17.4874],[82.4567,17.5127],[82.5144,17.5092],[82.5601,17.5204],[82.6042,17.4627],[82.5538,17.3916],[82.56,17.3438],[82.5228,17.2925],[82.5495,17.248],[82.6299,17.2992],[82.7531,17.3662],[82.84,17.3996],[82.9929,17.4708],[83.0445,17.5166],[83.1397,17.547],[83.2173,17.5898],[83.2413,17.6253],[83.2835,17.6563],[83.2996,17.6899],[83.3464,17.7214],[83.3584,17.7554],[83.4163,17.8074],[83.4143,17.8415],[83.4534,17.8802],[83.4456,17.9195],[83.4287,17.9412],[83.406,17.9222],[83.3788,17.9219],[83.4167,17.987],[83.3974,18.0519],[83.3591,18.0563],[83.3145,18.0217],[83.3105,17.9833],[83.2334,17.9454],[83.2553,17.9117],[83.2118,17.8723],[83.2002,17.8447],[83.1443,17.8439],[83.1051,17.9316],[83.0093,17.9685],[83,18.0001],[83.0578,18.0869],[83.101,18.1017],[83.1121,18.1874],[83.1467,18.1767]]]},"properties":{"DISTRICT":"Visakhapatnam","ST_NM":"Andhra Pradesh","ST_CEN_CD":28,"DT_CEN_CD":13,"censuscode":544}},
{"type":"Feature","geometry":{"type":"Polygon","coordinates":[[[83.1467,18.1767],[83.1121,18.1874],[83.101,18.1017],[83.0578,18.0869],[83,18.0001],[83.0093,17.9685],[83.1051,17.9316],[83.1443,17.8439],[83.2002,17.8447],[83.2118,17.8723],[83.2553,17.9117],[83.2334,17.9454],[83.3105,17.9833],[83.3145,18.0217],[83.3591,18.0563],[83.3974,18.0519],[83.4167,17.987],[83.3992,17.9685],[83.3788,17.9219],[83.4051,17.9041],[83.404,17.9176],[83.406,17.9222],[83.4287,17.9412],[83.4906,17.9194],[83.5543,17.9626],[83.566,18.0021],[83.6679,18.0725],[83.6192,18.1269],[83.6037,18.1676],[83.5253,18.2798],[83.4409,18.3127],[83.4142,18.4154],[83.4353,18.4383],[83.5729,18.4314],[83.571,18.4528],[83.5934,18.462],[83.5903,18.471],[83.5631,18.5053],[83.5845,18.5088],[83.6021,18.5146],[83.6095,18.5198],[83.61,18.5503],[83.6063,18.5621],[83.5196,18.5593],[83.5415,18.6201],[83.5453,18.6706],[83.5259,18.6996],[83.5851,18.7548],[83.6405,18.7755],[83.6473,18.7798],[83.6526,18.7841],[83.6722,18.8046],[83.685,18.804],[83.7482,18.7748],[83.7558,18.7896],[83.757,18.8018],[83.7613,18.8145],[83.7658,18.8203],[83.7704,18.8244],[83.7997,18.8259],[83.8091,18.8266],[83.8208,18.8294],[83.8238,18.8329],[83.8227,18.8541],[83.8196,18.862],[83.7977,18.8806],[83.7836,18.899],[83.7782,18.91],[83.7535,18.9266],[83.734,18.9838],[83.7134,18.9935],[83.6921,19.052],[83.6268,19.1497],[83.6121,19.1008],[83.5214,19.0327],[83.5131,19.0726],[83.4672,19.0775],[83.4824,19.0083],[83.4505,18.9558],[83.4167,19.0041],[83.3702,19.0026],[83.3628,19.0172],[83.3542,19.0177],[83.3487,19.0169],[83.3484,19.0168],[83.3212,18.9745],[83.3689,18.9613],[83.3555,18.929],[83.3957,18.8791],[83.3702,18.8403],[83.2874,18.7978],[83.2741,18.7652],[83.231,18.7562],[83.1549,18.7009],[83.1251,18.6598],[83.0921,18.664],[83.0877,18.6161],[83.0578,18.6221],[83.0336,18.5726],[83.0593,18.5433],[83.0966,18.5412],[83.06,18.486],[83.0246,18.4562],[83.0741,18.4019],[83.1022,18.359],[83.155,18.3413],[83.1729,18.3095],[83.2129,18.3333],[83.2232,18.2979],[83.2685,18.275],[83.274,18.225],[83.2008,18.1954],[83.1587,18.2525],[83.1467,18.1767]]]},"properties":{"DISTRICT":"Vizianagaram","ST_NM":"Andhra Pradesh","ST_CEN_CD":28,"DT_CEN_CD":12,"censuscode":543}},
{"type":"Feature","geometry":{"type":"Polygon","coordinates":[[[80.389,18.5984],[80.3441,18.5953],[80.2694,18.5883],[80.2294,18.5526],[80.2253,18.42],[80.2189,18.3902],[80.1747,18.3487],[80.1472,18.3733],[80.153,18.4134],[80.0986,18.4316],[80.105,18.4576],[80.0527,18.482],[80.025,18.4688],[79.9589,18.5072],[79.8858,18.5106],[79.9256,18.4593],[79.881,18.4446],[79.857,18.485],[79.813,18.4762],[79.8273,18.4357],[79.792,18.4309],[79.7626,18.472],[79.7203,18.4952],[79.6854,18.4966],[79.6578,18.4727],[79.5971,18.4704],[79.5797,18.4255],[79.5867,18.3515],[79.5759,18.2798],[79.6236,18.1824],[79.5635,18.1056],[79.5131,18.1013],[79.4786,18.1145],[79.4613,18.0782],[79.3751,18.0198],[79.2916,18.0173],[79.2341,17.9802],[79.0962,18.025],[79.0506,18.0334],[79,17.9997],[78.9721,18.0318],[78.9079,17.9595],[78.8809,17.9633],[78.8327,17.8935],[78.8723,17.8665],[78.8696,17.8091],[78.9887,17.7885],[79.0152,17.7196],[79.0748,17.7121],[79.1242,17.6675],[79.1617,17.5786],[79.2072,17.6245],[79.2266,17.5638],[79.3078,17.5557],[79.3184,17.5292],[79.4035,17.5],[79.4683,17.5157],[79.5187,17.4952],[79.5595,17.5017],[79.6292,17.4916],[79.7586,17.4308],[79.7673,17.3751],[79.7929,17.3198],[79.8194,17.3366],[79.8722,17.3334],[79.8964,17.3719],[79.9867,17.4007],[80,17.3629],[80.0545,17.3472],[80.0807,17.3675],[80.1608,17.3943],[80.1695,17.455],[80.1288,17.4466],[80.1281,17.4821],[80.0842,17.5278],[80.0872,17.5756],[80.0542,17.596],[80.0755,17.6817],[80.0445,17.6971],[80.1364,17.7342],[80.1731,17.712],[80.2388,17.7521],[80.2599,17.7495],[80.2539,17.8278],[80.2837,17.9091],[80.2774,17.9681],[80.3137,17.9771],[80.349,18.0366],[80.3953,18.0819],[80.4567,18.067],[80.4796,18.1259],[80.5003,18.1392],[80.5314,18.1041],[80.5983,18.0824],[80.6565,18.1341],[80.6664,18.1711],[80.6289,18.2045],[80.5382,18.2612],[80.5046,18.2664],[80.4743,18.3069],[80.4579,18.4046],[80.4653,18.4474],[80.3811,18.4736],[80.3763,18.5279],[80.4024,18.5718],[80.389,18.5984]]]},"properties":{"DISTRICT":"Warangal","ST_NM":"Andhra Pradesh","ST_CEN_CD":28,"DT_CEN_CD":9,"censuscode":540}},
{"type":"Feature","geometry":{"type":"Polygon","coordinates":[[[78.2513,21.3286],[78.158,21.3298],[78.1052,21.3548],[78.0798,21.328],[78.0555,21.2492],[78.0988,21.1992],[78.0933,21.1809],[78.1429,21.1404],[78.1522,21.0472],[78.1376,21.0041],[78.1461,20.9522],[78.1844,20.9046],[78.2378,20.8956],[78.2727,20.8652],[78.2998,20.8112],[78.2943,20.7779],[78.3114,20.7349],[78.2795,20.6964],[78.2499,20.6431],[78.264,20.5794],[78.2799,20.5624],[78.4126,20.5115],[78.5092,20.5196],[78.5374,20.4631],[78.5775,20.4291],[78.6409,20.4342],[78.6924,20.3568],[78.7082,20.3094],[78.7609,20.2931],[78.8018,20.2978],[78.83,20.3189],[78.819,20.3873],[78.8992,20.4372],[78.9508,20.4284],[78.9686,20.4586],[79.0019,20.4476],[79.024,20.4785],[79.1307,20.454],[79.1673,20.5053],[79.2144,20.5464],[79.2247,20.5821],[79.1886,20.6026],[79.1429,20.6759],[79.1069,20.6857],[79.0528,20.7343],[78.9452,20.767],[78.9155,20.8064],[78.9159,20.8351],[78.864,20.8422],[78.8647,20.8713],[78.8048,20.8767],[78.7351,20.947],[78.7309,21.0046],[78.6521,21.0359],[78.6069,21.0692],[78.5897,21.1147],[78.5587,21.1148],[78.507,21.1898],[78.4425,21.2347],[78.333,21.2506],[78.298,21.293],[78.2513,21.3286]]]},"properties":{"DISTRICT":"Wardha","ST_NM":"Maharashtra","ST_CEN_CD":27,"DT_CEN_CD":8,"censuscode":504}},
{"type":"Feature","geometry":{"type":"Polygon","coordinates":[[[77.6531,20.5642],[77.6308,20.5668],[77.6557,20.6472],[77.6363,20.6676],[77.6327,20.7381],[77.6161,20.7599],[77.5912,20.7572],[77.5658,20.721],[77.5217,20.7315],[77.4546,20.6556],[77.4668,20.6101],[77.4177,20.6084],[77.401,20.5806],[77.3398,20.5756],[77.3291,20.4986],[77.3487,20.4649],[77.3012,20.4474],[77.2955,20.4197],[77.2251,20.448],[77.1867,20.4487],[77.1951,20.411],[77.1323,20.4001],[77.0551,20.4485],[77.0247,20.4503],[77.0176,20.4127],[76.9796,20.3719],[76.9004,20.3405],[76.8848,20.2976],[76.8371,20.2997],[76.8217,20.2804],[76.827,20.2459],[76.7868,20.203],[76.7502,20.209],[76.7587,20.1308],[76.6709,20.1263],[76.6249,20.0497],[76.6626,20.0479],[76.6598,19.9763],[76.6345,19.953],[76.6118,19.8904],[76.6469,19.8656],[76.6786,19.8461],[76.6914,19.8724],[76.7394,19.872],[76.7464,19.9066],[76.7733,19.9327],[76.8235,19.9267],[76.8371,19.9608],[76.9009,19.9626],[76.9726,19.9941],[77.0363,20.0103],[77.0611,19.996],[77.102,19.9327],[77.204,19.9913],[77.2089,19.947],[77.2393,19.9381],[77.244,19.8912],[77.2858,19.9105],[77.2874,19.9355],[77.325,19.9562],[77.3738,20.0462],[77.368,20.0883],[77.4659,20.0712],[77.5261,20.094],[77.5809,20.0297],[77.6259,20.0413],[77.6686,20.1],[77.6814,20.1689],[77.6466,20.1901],[77.6686,20.2476],[77.6116,20.2639],[77.5844,20.3253],[77.5755,20.3925],[77.6014,20.4449],[77.6476,20.449],[77.6685,20.5129],[77.6449,20.5292],[77.6531,20.5642]]]},"properties":{"DISTRICT":"Washim","ST_NM":"Maharashtra","ST_CEN_CD":27,"DT_CEN_CD":6,"censuscode":502}},
{"type":"Feature","geometry":{"type":"Polygon","coordinates":[[[76.4153,11.7603],[76.3424,11.7374],[76.3178,11.7506],[76.2821,11.8074],[76.2254,11.8066],[76.2101,11.8556],[76.1906,11.8702],[76.1144,11.8575],[76.114,11.9769],[76.0354,11.9389],[75.9819,11.931],[75.9306,11.9388],[75.9371,11.8937],[75.9286,11.8431],[75.8076,11.8545],[75.7772,11.7977],[75.7854,11.7589],[75.8508,11.6994],[75.8964,11.6986],[75.9081,11.6026],[75.9573,11.5794],[75.9683,11.5505],[76.0419,11.5012],[76.0775,11.5201],[76.0954,11.4817],[76.1426,11.4492],[76.1843,11.4711],[76.2019,11.5065],[76.2407,11.5254],[76.2331,11.5711],[76.2784,11.5996],[76.3055,11.5711],[76.3786,11.6004],[76.3879,11.6294],[76.4293,11.6321],[76.4314,11.6663],[76.41,11.6901],[76.4267,11.7285],[76.4153,11.7603]]]},"properties":{"DISTRICT":"Wayanad","ST_NM":"Kerala","ST_CEN_CD":32,"DT_CEN_CD":3,"censuscode":590}},
{"type":"Feature","geometry":{"type":"Polygon","coordinates":[[[77.1709,28.6683],[77.0984,28.6876],[76.9637,28.6948],[76.9521,28.6699],[77.0382,28.6128],[77.113,28.6136],[77.1825,28.6482],[77.1859,28.6579],[77.1709,28.6683]]]},"properties":{"DISTRICT":"West","ST_NM":"NCT of Delhi","ST_CEN_CD":7,"DT_CEN_CD":7,"censuscode":96}},
{"type":"Feature","geometry":{"type":"Polygon","coordinates":[[[88.2842,27.5126],[88.2441,27.5345],[88.2123,27.581],[88.1172,27.6178],[88.0474,27.4933],[88.0708,27.4257],[88.0455,27.3674],[88.0623,27.3291],[88.0169,27.2164],[88.0659,27.2135],[88.0962,27.1384],[88.1598,27.1113],[88.1865,27.1343],[88.2399,27.1194],[88.2855,27.1305],[88.3034,27.1734],[88.3369,27.1942],[88.3103,27.2258],[88.3029,27.3339],[88.3609,27.378],[88.3506,27.4139],[88.2774,27.4116],[88.2709,27.4978],[88.2842,27.5126]]]},"properties":{"DISTRICT":"West","ST_NM":"Sikkim","ST_CEN_CD":11,"DT_CEN_CD":2,"censuscode":242}},
{"type":"Feature","geometry":{"type":"Polygon","coordinates":[[[90.3229,25.4654],[90.4059,25.5513],[90.4096,25.6003],[90.4446,25.6957],[90.4098,25.7504],[90.3946,25.7985],[90.3437,25.802],[90.3453,25.8278],[90.3869,25.8406],[90.3854,25.8674],[90.4257,25.9527],[90.332,25.9303],[90.2283,25.9253],[90.1849,25.9009],[90.1151,25.9541],[90.0675,25.9155],[90.0125,25.8469],[89.9562,25.811],[89.9594,25.7745],[89.8984,25.7273],[89.9411,25.6867],[89.9509,25.6589],[90.0223,25.6085],[90.006,25.5843],[89.8903,25.558],[89.8707,25.5398],[89.8794,25.4915],[89.8561,25.4766],[89.8168,25.3694],[89.8722,25.2866],[89.9109,25.3073],[89.9751,25.3005],[89.9838,25.2848],[90.0627,25.2555],[90.1152,25.2237],[90.1625,25.223],[90.2365,25.2032],[90.2643,25.3207],[90.3115,25.3648],[90.3064,25.4179],[90.3229,25.4654]]]},"properties":{"DISTRICT":"West Garo Hills","ST_NM":"Meghalaya","ST_CEN_CD":17,"DT_CEN_CD":1,"censuscode":293}},
{"type":"Feature","geometry":{"type":"Polygon","coordinates":[[[81.7202,16.3285],[81.7233,16.3674],[81.7062,16.4388],[81.7518,16.4363],[81.793,16.4795],[81.8532,16.5247],[81.8676,16.616],[81.8459,16.6568],[81.7993,16.7059],[81.7859,16.7654],[81.7487,16.8133],[81.754,16.8662],[81.7286,16.9373],[81.7417,17.0005],[81.7264,17.0703],[81.6729,17.1451],[81.6476,17.2531],[81.6589,17.3217],[81.6176,17.3586],[81.6067,17.4015],[81.5668,17.4522],[81.5329,17.4626],[81.507,17.4985],[81.5023,17.4574],[81.4504,17.3903],[81.3941,17.3637],[81.3313,17.3976],[81.276,17.3285],[81.1991,17.3357],[81.1808,17.3138],[81.1717,17.2411],[81.0527,17.2129],[80.994,17.1877],[80.9394,17.2132],[80.9141,17.2094],[80.9221,17.1542],[80.8791,17.1545],[80.8639,17.1196],[80.8677,17.0592],[80.943,17.0644],[80.9644,17.0409],[80.9356,16.9635],[80.964,16.9065],[81,16.8695],[81.039,16.7977],[81.0139,16.7637],[80.9924,16.6811],[81.0163,16.6505],[80.9719,16.6328],[81.0042,16.5976],[81.0108,16.5613],[81.1861,16.6235],[81.2216,16.5781],[81.2658,16.6057],[81.2854,16.6669],[81.3339,16.678],[81.3249,16.624],[81.3526,16.6054],[81.34,16.5137],[81.3714,16.5091],[81.372,16.4735],[81.4376,16.4133],[81.4782,16.4065],[81.5012,16.384],[81.5479,16.387],[81.5928,16.3418],[81.7202,16.3285]]]},"properties":{"DISTRICT":"West Godavari","ST_NM":"Andhra Pradesh","ST_CEN_CD":28,"DT_CEN_CD":15,"censuscode":546}},
{"type":"Feature","geometry":{"type":"Polygon","coordinates":[[[92.6421,27.0169],[92.6009,27.0526],[92.5934,27.0786],[92.6112,27.1399],[92.7199,27.1755],[92.7531,27.1949],[92.8193,27.1775],[92.9029,27.2078],[92.8933,27.2807],[92.8507,27.289],[92.8033,27.3499],[92.8257,27.3768],[92.8064,27.4644],[92.8183,27.5176],[92.7937,27.5536],[92.7199,27.5548],[92.6822,27.537],[92.6128,27.5548],[92.6233,27.5868],[92.5978,27.63],[92.5423,27.6191],[92.5192,27.7341],[92.4641,27.7817],[92.4249,27.7663],[92.4166,27.7086],[92.3966,27.6723],[92.3461,27.6722],[92.2253,27.6269],[92.2125,27.5799],[92.1552,27.577],[92.1154,27.5248],[92.0523,27.5162],[92.0157,27.481],[92.0588,27.3992],[92.063,27.3263],[92.1214,27.2918],[92.0741,27.2764],[92.0602,27.1886],[92.0291,27.1707],[92.0403,27.1374],[92.0316,27.0775],[92.1069,27.0066],[92.1205,26.9312],[92.1113,26.8926],[92.1981,26.8897],[92.3061,26.9228],[92.3676,26.9312],[92.4029,26.9248],[92.4493,26.9591],[92.5081,26.9652],[92.5882,26.9602],[92.6484,26.9857],[92.6421,27.0169]]]},"properties":{"DISTRICT":"West Kameng","ST_NM":"Arunanchal Pradesh","ST_CEN_CD":12,"DT_CEN_CD":2,"censuscode":246}},
{"type":"Feature","geometry":{"type":"Polygon","coordinates":[[[91.8115,25.6429],[91.831,25.6882],[91.8113,25.7328],[91.7683,25.7493],[91.7914,25.7817],[91.7526,25.8267],[91.7009,25.8042],[91.6623,25.8139],[91.5899,25.8114],[91.4614,25.788],[91.3625,25.8061],[91.3452,25.8353],[91.2783,25.7462],[91.2266,25.7227],[91.1914,25.7383],[91.1827,25.7757],[91.2055,25.8399],[91.1558,25.8494],[91.1237,25.8307],[91.0695,25.8252],[91.0521,25.8482],[91.0038,25.8217],[90.9469,25.7699],[90.9854,25.744],[90.9111,25.6404],[90.8521,25.5903],[90.7819,25.5852],[90.7694,25.5539],[90.7954,25.4902],[90.7603,25.4315],[90.7677,25.3675],[90.8445,25.351],[90.8601,25.293],[90.9035,25.2962],[90.9617,25.246],[90.9527,25.2142],[90.9726,25.172],[91.0845,25.2014],[91.1377,25.1924],[91.2676,25.2062],[91.3483,25.1719],[91.3911,25.1697],[91.3567,25.2286],[91.4056,25.2631],[91.4988,25.2828],[91.5466,25.2789],[91.5491,25.3334],[91.528,25.3438],[91.5591,25.4523],[91.5447,25.5106],[91.6567,25.5514],[91.6991,25.5422],[91.784,25.5891],[91.8115,25.6429]]]},"properties":{"DISTRICT":"West Khasi Hills","ST_NM":"Meghalaya","ST_CEN_CD":17,"DT_CEN_CD":4,"censuscode":296}},
{"type":"Feature","geometry":{"type":"Polygon","coordinates":[[[76.2136,22.3295],[76.2383,22.3926],[76.2155,22.4182],[76.1621,22.4369],[76.1021,22.4762],[76.087,22.5474],[76.0312,22.5288],[76.0284,22.4959],[76.0587,22.4615],[76.0163,22.4398],[75.9172,22.4213],[75.9116,22.3908],[75.856,22.3806],[75.8383,22.4026],[75.7728,22.3669],[75.7209,22.3691],[75.6775,22.3459],[75.621,22.3399],[75.5591,22.3749],[75.497,22.3363],[75.5304,22.2712],[75.5356,22.2259],[75.5046,22.1576],[75.3191,22.1337],[75.3968,22.0913],[75.4202,22.0276],[75.3998,21.9902],[75.3586,21.9863],[75.3333,21.9096],[75.2918,21.9228],[75.2795,21.887],[75.3099,21.8389],[75.2761,21.7991],[75.2642,21.7453],[75.2092,21.7294],[75.2207,21.6951],[75.2637,21.6839],[75.3067,21.6403],[75.3402,21.6665],[75.4404,21.6758],[75.471,21.6252],[75.5008,21.6175],[75.4622,21.5431],[75.4663,21.5165],[75.5024,21.488],[75.5835,21.475],[75.6189,21.3909],[75.6729,21.3781],[75.7063,21.389],[75.8325,21.381],[75.8881,21.3973],[75.969,21.3916],[75.9919,21.3738],[76.0109,21.4188],[76.0046,21.4813],[75.9485,21.4809],[75.9628,21.5478],[76.0288,21.5482],[76.0794,21.5721],[76.0743,21.6612],[76.109,21.6887],[76.1752,21.6862],[76.1682,21.7221],[76.1186,21.7204],[76.0968,21.769],[76.1118,21.7928],[76.1038,21.8474],[76.1712,21.8854],[76.1467,21.9789],[76.2343,22.0731],[76.1844,22.1218],[76.1435,22.0973],[76.1542,22.0578],[76.1068,22.0539],[76.107,22.0914],[76.1458,22.1169],[76.1309,22.17],[76.16,22.2123],[76.1088,22.2115],[76.0993,22.1895],[76.0328,22.1965],[76.1093,22.2511],[76.183,22.2718],[76.2136,22.3295]]]},"properties":{"DISTRICT":"West Nimar","ST_NM":"Madhya Pradesh","ST_CEN_CD":23,"DT_CEN_CD":23,"censuscode":440}},
{"type":"Feature","geometry":{"type":"Polygon","coordinates":[[[94.7622,28.5336],[94.7501,28.5876],[94.749,28.6861],[94.7001,28.728],[94.4834,28.8581],[94.3461,28.9836],[94.1911,29.0382],[94.1607,28.954],[94.0843,28.905],[94.0355,28.8526],[94.0003,28.8405],[93.9654,28.712],[94.0267,28.6509],[94.0047,28.5775],[94.1121,28.521],[94.1361,28.4512],[94.1879,28.4291],[94.2451,28.4464],[94.3122,28.4142],[94.3119,28.3752],[94.4066,28.3275],[94.3782,28.2946],[94.3975,28.2632],[94.3711,28.2111],[94.3948,28.1416],[94.3952,28.0824],[94.4704,28.0484],[94.5164,28.0151],[94.5285,27.9579],[94.5614,27.9021],[94.5963,27.8897],[94.5805,27.8557],[94.4728,27.8325],[94.3359,27.7574],[94.3205,27.7736],[94.3254,27.7027],[94.2345,27.6374],[94.2136,27.6078],[94.2376,27.6294],[94.2908,27.5913],[94.3697,27.5734],[94.4232,27.5979],[94.4556,27.5674],[94.5023,27.5737],[94.5884,27.6164],[94.6419,27.6272],[94.686,27.6596],[94.7447,27.6595],[94.8023,27.6932],[94.8508,27.7067],[94.868,27.7416],[94.8625,27.7571],[94.9124,27.8334],[94.9604,27.9805],[94.8838,27.9999],[94.9339,28.0475],[94.9034,28.0764],[94.9524,28.1286],[94.9116,28.1585],[94.9176,28.1957],[94.894,28.227],[94.9384,28.2441],[94.8733,28.413],[94.7669,28.4233],[94.7452,28.4979],[94.7622,28.5336]]]},"properties":{"DISTRICT":"West Siang","ST_NM":"Arunanchal Pradesh","ST_CEN_CD":12,"DT_CEN_CD":6,"censuscode":250}},
{"type":"Feature","geometry":{"type":"Polygon","coordinates":[[[91.7609,24.1387],[91.6626,24.1855],[91.6449,24.1202],[91.6055,24.0806],[91.5535,24.0758],[91.4282,24.1088],[91.3821,24.1049],[91.4042,24.0539],[91.3633,23.9852],[91.2845,23.9801],[91.2689,23.9252],[91.2332,23.8857],[91.254,23.8377],[91.2284,23.7869],[91.2276,23.7453],[91.1641,23.7459],[91.1578,23.6894],[91.2047,23.6897],[91.2074,23.6496],[91.1615,23.6635],[91.1632,23.6014],[91.2147,23.5466],[91.2081,23.5135],[91.2497,23.4897],[91.2997,23.3505],[91.2945,23.3203],[91.3152,23.2733],[91.3714,23.2984],[91.3897,23.3518],[91.4194,23.3853],[91.3838,23.4015],[91.3818,23.5183],[91.3986,23.5742],[91.4624,23.6548],[91.5975,23.7587],[91.6888,23.7533],[91.713,23.7619],[91.7417,23.717],[91.7788,23.6907],[91.787,23.7421],[91.774,23.7708],[91.7823,23.8192],[91.7775,23.9113],[91.7548,23.9561],[91.7609,24.0266],[91.752,24.0728],[91.7609,24.1387]]]},"properties":{"DISTRICT":"West Tripura","ST_NM":"Tripura","ST_CEN_CD":16,"DT_CEN_CD":1,"censuscode":289}},
{"type":"Feature","geometry":{"type":"Polygon","coordinates":[[[94.3168,26.4582],[94.2943,26.4761],[94.2828,26.559],[94.187,26.456],[94.168,26.3488],[94.1084,26.3219],[94.0359,26.1988],[94.0132,26.1819],[93.9861,26.0791],[93.9549,26.0029],[93.956,25.9697],[93.9825,25.9217],[94.0468,25.9398],[94.1071,25.9853],[94.1689,25.9737],[94.2192,26.0244],[94.2427,26.0037],[94.323,26.0161],[94.3592,26.0096],[94.3908,26.0841],[94.3897,26.1146],[94.3414,26.1707],[94.3702,26.1923],[94.389,26.2204],[94.3558,26.2426],[94.3503,26.335],[94.3594,26.3577],[94.2927,26.4184],[94.3168,26.4582]]]},"properties":{"DISTRICT":"Wokha","ST_NM":"Nagaland","ST_CEN_CD":13,"DT_CEN_CD":4,"censuscode":264}},
{"type":"Feature","geometry":{"type":"Polygon","coordinates":[[[77.4565,16.8851],[77.4081,16.8812],[77.3351,16.9307],[77.2734,16.9246],[77.2395,16.9426],[77.1792,16.934],[77.1039,16.9003],[77.0617,16.9465],[77.0255,16.8975],[77.0413,16.8792],[76.9827,16.8507],[76.9925,16.8187],[76.9343,16.8287],[76.9042,16.8516],[76.8955,16.896],[76.8188,16.8696],[76.7554,16.831],[76.7437,16.7824],[76.6947,16.7863],[76.6342,16.7366],[76.6052,16.7656],[76.5094,16.7411],[76.501,16.7173],[76.4602,16.7115],[76.4383,16.7067],[76.4051,16.6477],[76.4177,16.5991],[76.4373,16.4349],[76.384,16.4223],[76.3338,16.4239],[76.334,16.3896],[76.3022,16.2834],[76.3482,16.274],[76.3544,16.2259],[76.3293,16.1911],[76.407,16.2352],[76.4788,16.2901],[76.515,16.2994],[76.5804,16.3404],[76.6051,16.3394],[76.7472,16.4121],[76.848,16.4335],[76.8826,16.493],[76.9124,16.4858],[76.9702,16.5051],[76.9724,16.5531],[77.0111,16.5454],[77.0266,16.5016],[77.0588,16.5177],[77.115,16.4822],[77.1453,16.4783],[77.1712,16.435],[77.2886,16.407],[77.2554,16.4718],[77.3704,16.4881],[77.3853,16.5156],[77.4195,16.5219],[77.4252,16.5692],[77.4607,16.585],[77.4581,16.6114],[77.4207,16.6667],[77.4693,16.6822],[77.473,16.7126],[77.4275,16.7183],[77.4413,16.7669],[77.4715,16.7804],[77.4565,16.8851]]]},"properties":{"DISTRICT":"Yadgir","ST_NM":"Karnataka","ST_CEN_CD":29,"DT_CEN_CD":26,"censuscode":580}},
{"type":"Feature","geometry":{"type":"Polygon","coordinates":[[[78.2795,20.6964],[78.2125,20.6891],[78.159,20.6591],[78.0636,20.6727],[78.0285,20.6568],[77.9706,20.5874],[77.9124,20.5654],[77.9191,20.6045],[77.8931,20.6235],[77.8658,20.5949],[77.8171,20.5853],[77.7716,20.5399],[77.7419,20.5614],[77.6668,20.5804],[77.6531,20.5642],[77.6449,20.5292],[77.6685,20.5129],[77.6476,20.449],[77.6014,20.4449],[77.5755,20.3925],[77.5844,20.3253],[77.6116,20.2639],[77.6686,20.2476],[77.6466,20.1901],[77.6814,20.1689],[77.6686,20.1],[77.6259,20.0413],[77.5809,20.0297],[77.5261,20.094],[77.4659,20.0712],[77.368,20.0883],[77.3738,20.0462],[77.325,19.9562],[77.2874,19.9355],[77.2858,19.9105],[77.3653,19.8581],[77.39,19.8209],[77.3793,19.7429],[77.4359,19.7294],[77.4596,19.6819],[77.5395,19.6687],[77.5552,19.6525],[77.6168,19.6378],[77.6463,19.5475],[77.7497,19.5218],[77.7374,19.4805],[77.6989,19.4386],[77.749,19.431],[77.8475,19.4558],[77.8429,19.5098],[77.8616,19.5196],[77.9588,19.5109],[78.0132,19.4654],[78.0259,19.4974],[78.0679,19.467],[78.1144,19.4914],[78.1474,19.5529],[78.1846,19.5637],[78.1947,19.6255],[78.179,19.655],[78.1311,19.6671],[78.0822,19.6485],[78.0471,19.6989],[78,19.6815],[77.9336,19.7393],[77.8916,19.7272],[77.8605,19.7437],[77.8491,19.8008],[77.8919,19.871],[77.9539,19.9112],[78.0187,19.9156],[78.0533,19.9307],[78.0784,19.9006],[78.1421,19.9153],[78.2005,19.9027],[78.3148,19.9131],[78.3409,19.8836],[78.3888,19.8797],[78.4024,19.8369],[78.481,19.817],[78.5312,19.8224],[78.6244,19.8095],[78.707,19.7865],[78.7902,19.7798],[78.8497,19.7601],[78.8808,19.7632],[78.9029,19.7371],[78.9518,19.7532],[78.9586,19.8032],[79.0293,19.8014],[79.0656,19.8148],[79.1326,19.863],[79.1517,19.893],[79.0949,19.9147],[79.1152,19.9884],[79.0707,20.0638],[78.9551,20.1683],[78.9603,20.2068],[78.9217,20.2372],[78.8271,20.247],[78.8018,20.2978],[78.7609,20.2931],[78.7082,20.3094],[78.6924,20.3568],[78.6409,20.4342],[78.5775,20.4291],[78.5374,20.4631],[78.5092,20.5196],[78.4126,20.5115],[78.2799,20.5624],[78.264,20.5794],[78.2499,20.6431],[78.2795,20.6964]]]},"properties":{"DISTRICT":"Yavatmal","ST_NM":"Maharashtra","ST_CEN_CD":27,"DT_CEN_CD":14,"censuscode":510}},
{"type":"Feature","geometry":{"type":"Polygon","coordinates":[[[94.5873,26.2185],[94.5504,26.2025],[94.5146,26.2346],[94.4883,26.2899],[94.4371,26.2037],[94.4105,26.2116],[94.3702,26.1923],[94.3414,26.1707],[94.3897,26.1146],[94.3908,26.0841],[94.3592,26.0096],[94.3387,25.9472],[94.3539,25.9238],[94.4422,25.8878],[94.4687,25.8306],[94.5464,25.809],[94.5588,25.7771],[94.6631,25.7753],[94.7155,25.7576],[94.6988,25.7885],[94.6481,25.8159],[94.5762,25.8955],[94.6715,26.0172],[94.7054,26.0519],[94.6887,26.1175],[94.7016,26.1492],[94.6931,26.1929],[94.6425,26.218],[94.5873,26.2185]]]},"properties":{"DISTRICT":"Zunheboto","ST_NM":"Nagaland","ST_CEN_CD":13,"DT_CEN_CD":3,"censuscode":263}},
{"type":"Feature","geometry":{"type":"Polygon","coordinates":[[[81.4837,22.4919],[81.4535,22.4955],[81.3961,22.4445],[81.386,22.5049],[81.3302,22.5238],[81.3231,22.4893],[81.2874,22.4983],[81.2308,22.4511],[81.2005,22.4732],[81.1941,22.4886],[81.1172,22.4405],[81.1081,22.3827],[81.1228,22.3437],[81.121,22.294],[81.0918,22.2464],[81.0476,22.2402],[81.0329,22.1974],[81.0063,22.0614],[80.9705,22.0582],[80.9576,22.1127],[80.9242,22.1206],[80.886,22.0604],[80.8756,22.011],[80.8404,21.9465],[80.8324,21.8866],[80.8447,21.8299],[80.9116,21.8203],[80.9427,21.8042],[80.9536,21.7649],[81.0002,21.7252],[81.1018,21.7313],[81.1275,21.7079],[81.1764,21.7032],[81.2975,21.7679],[81.3383,21.765],[81.3258,21.8261],[81.3376,21.8386],[81.4042,21.8343],[81.3941,21.8808],[81.459,21.9161],[81.4772,21.9595],[81.4854,22.0186],[81.5042,22.0132],[81.5243,22.0827],[81.5152,22.1395],[81.5403,22.1937],[81.5512,22.27],[81.5224,22.3138],[81.548,22.3489],[81.4923,22.4107],[81.4871,22.493],[81.4837,22.4919]]]},"properties":{"DISTRICT":"Kabeerdham","ST_NM":"Chhattisgarh","ST_CEN_CD":22,"DT_CEN_CD":8,"censuscode":407}},
{"type":"Feature","geometry":{"type":"Polygon","coordinates":[[[77.588,30.3796],[77.5045,30.4126],[77.448,30.3989],[77.3592,30.4573],[77.3238,30.449],[77.2127,30.4947],[77.2127,30.496],[77.1698,30.4418],[77.1796,30.4003],[77.1553,30.361],[77.1846,30.3061],[77.1404,30.2812],[77.1294,30.2297],[77.0753,30.1973],[77.0679,30.1271],[77.0652,30.1226],[77.0806,30.1125],[77.0923,30.1006],[77.0771,30.072],[77.1178,29.9894],[77.1312,29.9826],[77.2232,29.9359],[77.2627,29.9836],[77.2827,30.0435],[77.3441,30.0596],[77.4132,30.1083],[77.4362,30.1636],[77.486,30.1837],[77.5451,30.2819],[77.5833,30.3063],[77.6051,30.3659],[77.588,30.3796]]]},"properties":{"DISTRICT":"Yamunanagar","ST_NM":"Haryana","ST_CEN_CD":6,"DT_CEN_CD":3,"censuscode":71}},
{"type":"Feature","geometry":{"type":"Polygon","coordinates":[[[76.6581,29.493],[76.6422,29.4727],[76.5523,29.4578],[76.5152,29.4114],[76.4541,29.4042],[76.4928,29.5147],[76.4937,29.516],[76.4876,29.536],[76.3912,29.5351],[76.3704,29.5758],[76.3449,29.5811],[76.3358,29.581],[76.2851,29.5462],[76.2449,29.5761],[76.2416,29.6056],[76.2012,29.619],[76.1818,29.724],[76.2062,29.753],[76.2215,29.8038],[76.2197,29.8247],[76.2192,29.8396],[76.2134,29.8416],[76.1274,29.7928],[76.1016,29.8073],[76.0523,29.7452],[76.0146,29.7475],[75.9494,29.7301],[75.9377,29.6837],[75.9599,29.5655],[75.9408,29.4984],[75.9967,29.4824],[75.9935,29.4521],[76.0347,29.4158],[76.0791,29.4346],[76.094,29.4012],[76.1322,29.3887],[76.1612,29.4086],[76.2307,29.3875],[76.2073,29.355],[76.1883,29.284],[76.2346,29.2084],[76.2845,29.1945],[76.314,29.1076],[76.3015,29.0868],[76.4048,29.0809],[76.4465,29.0599],[76.4791,29.0963],[76.5021,29.1819],[76.4871,29.2411],[76.5665,29.2303],[76.5617,29.283],[76.6115,29.2901],[76.682,29.2703],[76.6353,29.3165],[76.65,29.3688],[76.7336,29.3926],[76.7556,29.4664],[76.7321,29.4829],[76.6612,29.4922],[76.6581,29.493]]]},"properties":{"DISTRICT":"Jind","ST_NM":"Haryana","ST_CEN_CD":6,"DT_CEN_CD":9,"censuscode":77}},
{"type":"Feature","geometry":{"type":"Polygon","coordinates":[[[76.9649,27.1461],[76.937,27.1388],[76.901,27.1628],[76.9096,27.2069],[76.8722,27.2312],[76.8508,27.1725],[76.8312,27.1631],[76.8077,27.105],[76.7084,27.1156],[76.6437,27.0948],[76.6213,27.1772],[76.5625,27.1749],[76.5501,27.1317],[76.4943,27.1136],[76.4644,27.0779],[76.4093,27.126],[76.4008,27.0853],[76.3643,27.0561],[76.3036,27.065],[76.2884,27.0871],[76.2548,27.0087],[76.2514,26.9577],[76.2335,26.9097],[76.254,26.8878],[76.2493,26.8422],[76.1923,26.8007],[76.1737,26.7549],[76.1707,26.6785],[76.183,26.6504],[76.1534,26.5674],[76.1606,26.5147],[76.1806,26.4856],[76.2505,26.4407],[76.323,26.4541],[76.3424,26.4104],[76.3937,26.3879],[76.4817,26.4986],[76.4162,26.5818],[76.4895,26.7163],[76.4939,26.7242],[76.5401,26.7722],[76.6185,26.7764],[76.7024,26.8438],[76.7676,26.8772],[76.7617,26.9005],[76.7939,26.9322],[76.8113,26.9966],[76.8628,26.993],[76.9033,26.9708],[76.9528,26.9163],[76.9545,26.8675],[77.0118,26.8703],[77.0594,26.8538],[77.074,26.8569],[77.0768,26.859],[77.0783,26.8585],[77.0837,26.8597],[77.0837,26.8599],[77.0781,26.8592],[77.0634,26.8886],[77.0176,26.9284],[77.0096,27.0274],[76.9748,27.0745],[76.9957,27.1071],[76.9649,27.1461]]]},"properties":{"DISTRICT":"Dausa","ST_NM":"Rajasthan","ST_CEN_CD":8,"DT_CEN_CD":11,"censuscode":109}},
{"type":"Feature","geometry":{"type":"Polygon","coordinates":[[[77.0837,26.8599],[77.0837,26.8597],[77.0783,26.8585],[77.0768,26.859],[77.074,26.8569],[77.0594,26.8538],[77.0118,26.8703],[76.9545,26.8675],[76.9528,26.9163],[76.9033,26.9708],[76.8628,26.993],[76.8113,26.9966],[76.7939,26.9322],[76.7617,26.9005],[76.7676,26.8772],[76.7024,26.8438],[76.6185,26.7764],[76.5401,26.7722],[76.4939,26.7242],[76.491,26.7189],[76.5683,26.6761],[76.603,26.6769],[76.6589,26.6159],[76.6605,26.5975],[76.7225,26.5928],[76.7623,26.5673],[76.8209,26.6284],[76.9154,26.682],[76.9526,26.6705],[76.9813,26.6111],[76.9493,26.5411],[76.8275,26.4789],[76.803,26.4818],[76.7771,26.439],[76.6866,26.393],[76.6757,26.3497],[76.6253,26.3234],[76.6025,26.3355],[76.5537,26.2698],[76.6083,26.2574],[76.5791,26.2144],[76.6691,26.1659],[76.7027,26.181],[76.741,26.1544],[76.8101,26.0759],[76.81,26.0758],[76.8149,26.0695],[76.8149,26.0694],[76.8505,26.0345],[76.9015,26.0928],[76.945,26.1008],[77.0008,26.1325],[77.0303,26.1709],[77.0591,26.1809],[77.0911,26.1818],[77.0982,26.1855],[77.103,26.1901],[77.1116,26.2038],[77.1124,26.214],[77.116,26.2197],[77.1202,26.226],[77.1716,26.2391],[77.2012,26.2306],[77.2739,26.2707],[77.3151,26.3096],[77.325,26.3409],[77.3733,26.366],[77.3479,26.4142],[77.3109,26.4395],[77.2626,26.4286],[77.2272,26.5309],[77.2558,26.5523],[77.3581,26.5938],[77.3878,26.6334],[77.349,26.7115],[77.3583,26.795],[77.2942,26.7795],[77.2591,26.8185],[77.2287,26.794],[77.0998,26.8616],[77.0837,26.8599]]]},"properties":{"DISTRICT":"Karauli","ST_NM":"Rajasthan","ST_CEN_CD":8,"DT_CEN_CD":9,"censuscode":107}},
{"type":"Feature","geometry":{"type":"Polygon","coordinates":[[[76.8101,26.0759],[76.741,26.1544],[76.7027,26.181],[76.6691,26.1659],[76.5791,26.2144],[76.6083,26.2574],[76.5537,26.2698],[76.6025,26.3355],[76.6253,26.3234],[76.6757,26.3497],[76.6866,26.393],[76.7771,26.439],[76.803,26.4818],[76.8275,26.4789],[76.9493,26.5411],[76.9813,26.6111],[76.9526,26.6705],[76.9154,26.682],[76.8209,26.6284],[76.7623,26.5673],[76.7225,26.5928],[76.6605,26.5975],[76.6589,26.6159],[76.603,26.6769],[76.5683,26.6761],[76.491,26.7189],[76.4895,26.7163],[76.4162,26.5818],[76.4817,26.4986],[76.3937,26.3879],[76.3424,26.4104],[76.323,26.4541],[76.2505,26.4407],[76.1806,26.4856],[76.1582,26.4402],[76.1307,26.3448],[76.1478,26.3081],[76.1037,26.2391],[76.03,26.2518],[75.9816,26.1947],[75.9944,26.1156],[76.03,26.1101],[76.0687,26.1302],[76.1161,26.0563],[76.0764,26.0134],[76.1461,25.9661],[76.19,26.0109],[76.2504,26.0194],[76.2495,25.9134],[76.2189,25.9119],[76.2222,25.8621],[76.2755,25.8238],[76.322,25.809],[76.3644,25.7384],[76.4659,25.786],[76.4999,25.8429],[76.5722,25.8347],[76.603,25.8715],[76.6373,25.8702],[76.647,25.9012],[76.7391,25.8975],[76.8007,25.9391],[76.8462,26.0061],[76.8364,26.0244],[76.8441,26.0312],[76.8505,26.0345],[76.8149,26.0694],[76.8149,26.0695],[76.81,26.0758],[76.8101,26.0759]]]},"properties":{"DISTRICT":"Sawai Madhopur","ST_NM":"Rajasthan","ST_CEN_CD":8,"DT_CEN_CD":10,"censuscode":108}},
{"type":"Feature","geometry":{"type":"Polygon","coordinates":[[[84.8747,25.0633],[84.8747,25.0646],[84.8751,25.0693],[84.8755,25.0707],[84.8757,25.0752],[84.8806,25.0876],[84.8729,25.1016],[84.8802,25.1229],[84.864,25.1478],[84.8583,25.1951],[84.8639,25.2077],[84.865,25.2117],[84.8653,25.215],[84.8654,25.2161],[84.8645,25.2161],[84.8117,25.2187],[84.7882,25.253],[84.7427,25.2678],[84.7051,25.3154],[84.676,25.2991],[84.6277,25.2352],[84.5315,25.2092],[84.4657,25.1613],[84.4481,25.1285],[84.496,25.0977],[84.5133,25.1078],[84.6864,25.1033],[84.7406,25.0673],[84.7392,25.0571],[84.7388,25.0546],[84.7442,25.0528],[84.7557,25.0544],[84.7688,25.0466],[84.8152,25.0714],[84.8746,25.0632],[84.8747,25.0633]]]},"properties":{"DISTRICT":"Arwal","ST_NM":"Bihar","ST_CEN_CD":10,"DT_CEN_CD":38,"censuscode":240}},
{"type":"Feature","geometry":{"type":"Polygon","coordinates":[[[85.1814,25.3089],[85.1328,25.3086],[85.1199,25.2842],[85.0312,25.2855],[84.9937,25.3206],[84.9389,25.2781],[84.9065,25.2895],[84.8673,25.2161],[84.8654,25.2161],[84.8653,25.215],[84.865,25.2117],[84.8639,25.2077],[84.8583,25.1951],[84.864,25.1478],[84.8802,25.1229],[84.8729,25.1016],[84.8806,25.0876],[84.8757,25.0752],[84.8755,25.0707],[84.8751,25.0693],[84.8747,25.0646],[84.8747,25.0633],[84.8762,25.0639],[84.9257,25.0572],[84.9321,24.9916],[84.9573,24.9863],[84.9955,25.0177],[85.0443,25.0329],[85.0499,25.0015],[85.0912,24.9903],[85.1264,25.0508],[85.1516,25.0517],[85.1549,25.0676],[85.179,25.0504],[85.1953,25.0504],[85.2026,25.0513],[85.2044,25.0533],[85.2048,25.0532],[85.2163,25.0735],[85.1739,25.137],[85.1665,25.1901],[85.1814,25.3089]]]},"properties":{"DISTRICT":"Jehanabad","ST_NM":"Bihar","ST_CEN_CD":10,"DT_CEN_CD":37,"censuscode":239}},
{"type":"Feature","geometry":{"type":"MultiPolygon","coordinates":[[[[79.7442,10.9128],[79.7424,10.9094],[79.733,10.9068],[79.7077,10.9116],[79.6917,10.931],[79.6557,10.8836],[79.6605,10.8163],[79.7269,10.8282],[79.7066,10.7801],[79.6658,10.6111],[79.6972,10.5535],[79.6991,10.4561],[79.6314,10.4355],[79.6376,10.3589],[79.6767,10.3251],[79.7286,10.3299],[79.7978,10.2714],[79.8793,10.2903],[79.8709,10.3404],[79.8506,10.7161],[79.851,10.7638],[79.8501,10.809],[79.8467,10.8166],[79.8498,10.823],[79.8495,10.8269],[79.8495,10.827],[79.8372,10.8267],[79.8201,10.8866],[79.7603,10.8973],[79.7594,10.9059],[79.759,10.9098],[79.7621,10.9121],[79.7602,10.9147],[79.7442,10.9128]]],[[[79.8516,10.9923],[79.8568,11.0127],[79.8571,11.1508],[79.8377,11.2826],[79.8381,11.3547],[79.8142,11.4206],[79.8051,11.3824],[79.7587,11.3719],[79.6437,11.2827],[79.599,11.2174],[79.5252,11.182],[79.5739,11.145],[79.5462,11.107],[79.5154,11.04],[79.5353,11.0085],[79.5149,10.9677],[79.6314,10.9852],[79.6428,11.0076],[79.7031,11.0133],[79.7469,10.9966],[79.7472,11.0003],[79.7542,11.0044],[79.7601,11.0003],[79.7914,10.9926],[79.791,10.9864],[79.7943,10.9833],[79.842,11.0003],[79.8415,10.995],[79.8516,10.9923]]]]},"properties":{"DISTRICT":"Nagappattinam","ST_NM":"Tamil Nadu","ST_CEN_CD":33,"DT_CEN_CD":17,"censuscode":618}},
{"type":"Feature","geometry":{"type":"Polygon","coordinates":[[[79.7914,10.9926],[79.7601,11.0003],[79.7542,11.0044],[79.7472,11.0003],[79.7469,10.9966],[79.7472,10.9863],[79.7552,10.9846],[79.7566,10.9814],[79.7552,10.9739],[79.757,10.9711],[79.7628,10.9646],[79.7626,10.9586],[79.7572,10.9589],[79.7286,10.9675],[79.7207,10.967],[79.7214,10.9504],[79.7264,10.9508],[79.7363,10.9558],[79.7383,10.9506],[79.7301,10.9432],[79.7256,10.9419],[79.7213,10.9341],[79.7276,10.9344],[79.7275,10.9327],[79.7264,10.9284],[79.738,10.926],[79.7368,10.9211],[79.7384,10.9205],[79.7411,10.9233],[79.7431,10.9222],[79.7428,10.9189],[79.7456,10.9176],[79.7441,10.9127],[79.7602,10.9147],[79.7621,10.9121],[79.759,10.9098],[79.7594,10.9059],[79.7603,10.8973],[79.8201,10.8866],[79.8372,10.8267],[79.8495,10.827],[79.8516,10.9923],[79.8415,10.995],[79.842,11.0003],[79.7943,10.9833],[79.791,10.9864],[79.7914,10.9926]]]},"properties":{"DISTRICT":"Karaikal","ST_NM":"Puducherry","ST_CEN_CD":34,"DT_CEN_CD":4,"censuscode":637}},
{"type":"Feature","geometry":{"type":"MultiPolygon","coordinates":[[[[79.7056,12.0105],[79.7072,12.0253],[79.6621,12.0113],[79.6592,12.0068],[79.6591,12.0004],[79.6572,11.9899],[79.7102,11.9753],[79.7165,11.9664],[79.6926,11.9536],[79.7128,11.931],[79.7111,11.9344],[79.7191,11.9273],[79.7326,11.9036],[79.7311,11.9011],[79.7305,11.8894],[79.7168,11.8909],[79.7176,11.9168],[79.6949,11.9077],[79.695,11.9004],[79.6949,11.8936],[79.6741,11.8864],[79.6863,11.8809],[79.686,11.8841],[79.6882,11.8842],[79.6935,11.8839],[79.7056,11.8884],[79.7086,11.8682],[79.7128,11.8668],[79.719,11.8527],[79.7219,11.8615],[79.743,11.8468],[79.7536,11.8495],[79.7586,11.8681],[79.7588,11.8742],[79.7662,11.8734],[79.7692,11.8567],[79.7655,11.8505],[79.7625,11.8472],[79.7674,11.839],[79.7734,11.8366],[79.7807,11.8479],[79.8146,11.8584],[79.8331,11.9549],[79.8075,11.9715],[79.8067,11.9622],[79.7629,11.9433],[79.7559,11.9239],[79.7556,11.9216],[79.752,11.9216],[79.7519,11.9418],[79.7294,11.9695],[79.7674,11.9905],[79.7185,11.9943],[79.7166,12.0003],[79.7056,12.0105]],[[79.7725,11.8867],[79.7744,11.9034],[79.7839,11.8984],[79.79,11.8954],[79.7976,11.8975],[79.7897,11.8758],[79.7797,11.8683],[79.7799,11.8779],[79.7725,11.8867]]],[[[79.7549,11.8375],[79.7302,11.8378],[79.7316,11.8242],[79.7267,11.8089],[79.7252,11.8051],[79.7232,11.8016],[79.7139,11.7938],[79.7569,11.7778],[79.7622,11.7895],[79.7634,11.7904],[79.7809,11.78],[79.7837,11.784],[79.7951,11.7849],[79.7984,11.8371],[79.7934,11.8329],[79.7964,11.8272],[79.7645,11.8312],[79.7549,11.8375]]],[[[79.6277,12.0304],[79.6223,12.0143],[79.6205,12.0093],[79.6197,12.0004],[79.625,11.988],[79.619,11.9873],[79.6184,11.9701],[79.6285,11.9535],[79.6294,11.9441],[79.6205,11.9441],[79.6199,11.9399],[79.6201,11.9244],[79.628,11.9044],[79.6265,11.9024],[79.6629,11.914],[79.6725,11.9147],[79.6719,11.9223],[79.6713,11.9328],[79.6613,11.9375],[79.6613,11.9405],[79.6592,11.9441],[79.6582,11.9479],[79.6435,11.9447],[79.6488,11.9532],[79.6491,11.9603],[79.6416,11.9733],[79.6405,11.9902],[79.6543,12.0238],[79.6277,12.0304]]],[[[79.6362,11.8805],[79.6314,11.8881],[79.5998,11.8798],[79.6005,11.8754],[79.6024,11.8565],[79.6204,11.8633],[79.6268,11.8524],[79.6643,11.8603],[79.6566,11.8708],[79.6494,11.8746],[79.6499,11.8803],[79.6426,11.8861],[79.6367,11.8867],[79.6362,11.8805]]],[[[79.8409,12.0132],[79.875,12.0433],[79.85,12.0502],[79.8445,12.0319],[79.8409,12.0132]]],[[[79.6889,11.9719],[79.6625,11.9682],[79.6612,11.9621],[79.6544,11.9585],[79.6849,11.9531],[79.6889,11.9719]]],[[[79.67,11.8149],[79.6708,11.8228],[79.6601,11.8263],[79.6613,11.8387],[79.6409,11.8227],[79.6463,11.8162],[79.67,11.8149]]],[[[79.6754,11.8063],[79.6906,11.8075],[79.6883,11.8118],[79.6834,11.8122],[79.676,11.8137],[79.6754,11.8063]]]]},"properties":{"DISTRICT":"Puducherry","ST_NM":"Puducherry","ST_CEN_CD":34,"DT_CEN_CD":2,"censuscode":635}},
{"type":"Feature","geometry":{"type":"Polygon","coordinates":[[[82.2063,16.7475],[82.225,16.7208],[82.263,16.7009],[82.3124,16.734],[82.23,16.7294],[82.2063,16.7475]]]},"properties":{"DISTRICT":"Yanam","ST_NM":"Puducherry","ST_CEN_CD":34,"DT_CEN_CD":1,"censuscode":634}},
{"type":"Feature","geometry":{"type":"Polygon","coordinates":[[[73.7375,21.0808],[73.6294,21.1319],[73.7351,21.1662],[73.8163,21.1709],[73.8139,21.2209],[73.826,21.2664],[73.8861,21.2613],[73.9428,21.2964],[73.9564,21.3919],[74.0415,21.4172],[74.052,21.4544],[74.1158,21.4483],[74.1808,21.4655],[74.218,21.4575],[74.3016,21.4778],[74.3235,21.4941],[74.3313,21.5386],[74.2874,21.5572],[74.2648,21.5338],[74.2336,21.5486],[74.2023,21.5282],[74.1802,21.5592],[74.0632,21.558],[74.0204,21.5513],[73.9822,21.5211],[73.9714,21.4604],[73.8849,21.4503],[73.8092,21.4066],[73.7949,21.4105],[73.7004,21.3948],[73.6023,21.3642],[73.5133,21.354],[73.51,21.3758],[73.4558,21.3803],[73.4363,21.3179],[73.4487,21.2942],[73.3673,21.2643],[73.377,21.241],[73.2948,21.1931],[73.2502,21.0877],[73.2031,21.074],[73.2072,21.0125],[73.2411,20.9857],[73.2127,20.9548],[73.2905,20.9294],[73.32,20.8789],[73.3207,20.8779],[73.3848,20.8245],[73.3905,20.825],[73.4547,20.8128],[73.4992,20.8182],[73.4955,20.9171],[73.5311,20.936],[73.5485,21.0083],[73.632,20.9773],[73.6599,21.0057],[73.7507,21.0037],[73.7879,20.9865],[73.796,20.9577],[73.8901,20.932],[73.9003,20.9822],[73.8509,20.9967],[73.8438,21.0005],[73.8099,20.9951],[73.7409,21.0391],[73.7375,21.0808]]]},"properties":{"DISTRICT":"Tapi","ST_NM":"Gujarat","ST_CEN_CD":24,"DT_CEN_CD":26,"censuscode":493}},
{"type":"Feature","geometry":{"type":"MultiPolygon","coordinates":[[[[93.8486,7.2405],[93.7386,7.1907],[93.6912,7.1909],[93.6754,7.1392],[93.6562,7.1267],[93.6778,7.0161],[93.7033,7.0084],[93.7468,6.9619],[93.7754,6.8939],[93.7736,6.8664],[93.8099,6.8042],[93.807,6.7639],[93.8351,6.757],[93.8541,6.8159],[93.8873,6.7984],[93.9011,6.9079],[93.9267,6.9548],[93.9308,7.0101],[93.9148,7.0544],[93.8872,7.0871],[93.8826,7.2037],[93.8486,7.2405]]],[[[93.39,8.0199],[93.3263,7.9997],[93.311,7.9621],[93.3466,7.9273],[93.3518,7.8926],[93.3783,7.8835],[93.426,7.907],[93.4748,7.8925],[93.4629,7.9344],[93.3963,7.9695],[93.39,8.0199]]],[[[93.7129,7.4432],[93.7083,7.3942],[93.6329,7.371],[93.6295,7.2689],[93.6472,7.2439],[93.6997,7.3028],[93.7242,7.3082],[93.7565,7.3745],[93.7213,7.4054],[93.7129,7.4432]]],[[[93.525,8.2321],[93.4552,8.1752],[93.4617,8.1192],[93.4855,8.052],[93.5083,8.0342],[93.5473,8.0471],[93.5521,8.0742],[93.5125,8.139],[93.5378,8.1856],[93.525,8.2321]]],[[[92.7895,9.2428],[92.7651,9.2151],[92.7246,9.219],[92.7197,9.1458],[92.7333,9.1232],[92.8025,9.1197],[92.8318,9.1636],[92.8183,9.215],[92.7895,9.2428]]],[[[93.1273,8.3556],[93.0955,8.3395],[93.0851,8.2764],[93.1208,8.2241],[93.1888,8.1941],[93.2047,8.2146],[93.1532,8.2435],[93.1258,8.2773],[93.1427,8.347],[93.1273,8.3556]]],[[[93.5478,8.0261],[93.5081,7.9849],[93.5733,7.9307],[93.5823,7.9924],[93.5478,8.0261]]]]},"properties":{"DISTRICT":"Nicobar","ST_NM":"Andaman & Nicobar Island","ST_CEN_CD":35,"DT_CEN_CD":1,"censuscode":638}},
{"type":"Feature","geometry":{"type":"MultiPolygon","coordinates":[[[[92.6976,12.2396],[92.6628,12.2179],[92.6443,12.1766],[92.6193,12.0648],[92.6128,11.9586],[92.5936,11.8991],[92.5625,11.9469],[92.5263,11.8962],[92.5136,11.8495],[92.549,11.8171],[92.5522,11.7232],[92.5954,11.711],[92.5913,11.6706],[92.6179,11.586],[92.6471,11.5725],[92.6476,11.5215],[92.7274,11.5189],[92.7526,11.6092],[92.7569,11.6649],[92.7319,11.6987],[92.7548,11.7182],[92.7863,11.8668],[92.7851,11.9363],[92.7167,11.9458],[92.7364,11.9848],[92.7635,11.9992],[92.7723,12.0466],[92.7362,12.0837],[92.7357,12.1044],[92.7579,12.1773],[92.7177,12.1767],[92.6976,12.2396]]],[[[92.5184,10.8975],[92.4571,10.8615],[92.4597,10.8439],[92.3818,10.7626],[92.3827,10.6676],[92.4209,10.6156],[92.4191,10.5479],[92.4992,10.5109],[92.5309,10.518],[92.5682,10.5762],[92.5399,10.6147],[92.5979,10.7002],[92.5831,10.7406],[92.5871,10.7876],[92.5633,10.8039],[92.5582,10.863],[92.5184,10.8975]]],[[[92.6413,11.5103],[92.6115,11.4586],[92.6196,11.4024],[92.5885,11.4014],[92.5982,11.3478],[92.6382,11.3472],[92.6908,11.3708],[92.658,11.4124],[92.6857,11.4362],[92.6706,11.4859],[92.6413,11.5103]]],[[[92.9838,12.0417],[92.9649,12.0387],[92.9346,11.9854],[93.006,11.9294],[93.0326,11.8836],[93.0533,11.9041],[92.9838,12.0417]]],[[[93.0745,12.2104],[93.0568,12.1928],[93.0368,12.1333],[93.0748,12.0839],[93.0933,12.1129],[93.0904,12.1771],[93.0745,12.2104]]],[[[92.2165,11.5948],[92.2077,11.5496],[92.2324,11.5266],[92.2701,11.5234],[92.2703,11.5848],[92.2165,11.5948]]],[[[93.1033,12.2608],[93.0671,12.2284],[93.1022,12.2064],[93.1033,12.2608]]]]},"properties":{"DISTRICT":"South Andaman","ST_NM":"Andaman & Nicobar Island","ST_CEN_CD":35,"DT_CEN_CD":3,"censuscode":640}},
{"type":"Feature","geometry":{"type":"MultiPolygon","coordinates":[[[[92.899,12.9151],[92.8733,12.8809],[92.8443,12.8752],[92.8403,12.8767],[92.843,12.885],[92.8396,12.891],[92.831,12.8847],[92.8227,12.8962],[92.8035,12.8974],[92.7911,12.8892],[92.7928,12.8643],[92.7236,12.8273],[92.7209,12.7881],[92.7389,12.7378],[92.7362,12.6399],[92.7007,12.6003],[92.708,12.5549],[92.6952,12.5192],[92.7062,12.45],[92.698,12.4311],[92.7002,12.3341],[92.7196,12.3036],[92.7713,12.3165],[92.7949,12.3061],[92.8108,12.3148],[92.8301,12.3046],[92.8703,12.3172],[92.8732,12.3529],[92.8287,12.4261],[92.8995,12.4168],[92.9419,12.45],[92.9756,12.5416],[92.9571,12.5933],[92.9685,12.74],[92.9339,12.7737],[92.9538,12.8079],[92.9282,12.884],[92.899,12.9151]]],[[[93.0303,13.5704],[92.9867,13.5695],[92.9666,13.5423],[92.9173,13.5356],[92.9248,13.496],[92.8721,13.472],[92.8839,13.4296],[92.8473,13.411],[92.827,13.3292],[92.8419,13.3016],[92.8226,13.2768],[92.8292,13.2089],[92.7931,13.0582],[92.7883,13.0172],[92.8014,12.9483],[92.7944,12.915],[92.8019,12.8999],[92.8104,12.9002],[92.8264,12.8954],[92.8304,12.8863],[92.8392,12.8926],[92.8436,12.8904],[92.8436,12.8851],[92.8414,12.8775],[92.8558,12.8784],[92.8723,12.8827],[92.8539,12.9263],[92.8766,12.9475],[92.9385,12.9724],[92.9084,13],[92.9161,13.0545],[92.9512,13.0293],[93.0065,13.0318],[93.034,13.0811],[93.0318,13.1777],[93.0576,13.2518],[93.0132,13.3064],[92.9529,13.3325],[92.9757,13.3504],[93.0713,13.3474],[93.0332,13.426],[93.0287,13.4615],[93.0432,13.5046],[93.0303,13.5704]]],[[[92.8288,12.3018],[92.8099,12.3136],[92.7795,12.2883],[92.7421,12.2457],[92.7686,12.2291],[92.7652,12.1757],[92.7395,12.0992],[92.7626,12.0651],[92.793,12.0837],[92.8249,12.1678],[92.8739,12.2059],[92.8594,12.2475],[92.8835,12.2574],[92.8723,12.3013],[92.8288,12.3018]]],[[[92.6966,12.9911],[92.6651,12.8822],[92.6486,12.8621],[92.6657,12.8117],[92.7196,12.8743],[92.7203,12.9789],[92.6966,12.9911]]],[[[92.7315,12.2423],[92.7211,12.1902],[92.7632,12.1817],[92.7627,12.2294],[92.7315,12.2423]]]]},"properties":{"DISTRICT":"North & Middle Andaman","ST_NM":"Andaman & Nicobar Island","ST_CEN_CD":35,"DT_CEN_CD":2,"censuscode":639}},
{"type":"Feature","geometry":{"type":"MultiPolygon","coordinates":[[[[74.1013,11.2043],[74.1231,11.2347],[74.09,11.2978],[74.0502,11.3307],[73.9914,11.3521],[73.9651,11.306],[74.0117,11.2406],[74.0522,11.2131],[74.1013,11.2043]]],[[[71.8449,11.8355],[71.8307,11.893],[71.786,12.0021],[71.7345,11.9611],[71.761,11.8723],[71.782,11.8353],[71.8449,11.8355]]],[[[72.2649,10.0113],[72.3012,10.03],[72.3422,10.0993],[72.3342,10.131],[72.2763,10.0931],[72.2445,10.0559],[72.235,10.017],[72.2649,10.0113]]],[[[72.1788,11.4913],[72.1951,11.4958],[72.1952,11.5905],[72.1663,11.6018],[72.1371,11.5524],[72.1473,11.5033],[72.1788,11.4913]]],[[[72.0956,11.1924],[72.0255,11.1877],[72.0431,11.1282],[72.083,11.1417],[72.0956,11.1924]]],[[[71.9009,12.2853],[71.9198,12.3164],[71.9264,12.3782],[71.8799,12.3939],[71.8915,12.2883],[71.9009,12.2853]]],[[[73.0627,8.329],[73.0103,8.3025],[73.0162,8.2658],[73.0698,8.283],[73.0627,8.329]]],[[[73.6459,10.0534],[73.6659,10.138],[73.6202,10.1032],[73.6459,10.0534]]]]},"properties":{"DISTRICT":"Lakshadweep","ST_NM":"Lakshadweep","ST_CEN_CD":31,"DT_CEN_CD":1,"censuscode":587}}
]}